id,name,shortname,unit_id,unit
1,Stream function,strf,1,
2,Velocity potential,vp,1,
3,Potential temperature,pt,2,
4,Equivalent potential temperature,eqpt,2,
5,Saturated equivalent potential temperature,sept,2,
6,Soil sand fraction,ssfr,3,
7,Soil clay fraction,scfr,3,
8,Surface runoff,sro,4,
9,Sub-surface runoff,ssro,4,
10,Wind speed,ws,5,
11,U component of divergent wind,udvw,5,
12,V component of divergent wind,vdvw,5,
13,U component of rotational wind,urtw,5,
14,V component of rotational wind,vrtw,5,
15,UV visible albedo for direct radiation (climatological),aluvp,3,
16,UV visible albedo for diffuse radiation (climatological),aluvd,3,
17,Near IR albedo for direct radiation (climatological),alnip,3,
18,Near IR albedo for diffuse radiation (climatological),alnid,3,
19,Clear sky surface UV,uvcs,6,
20,"Surface photosynthetically active radiation, clear sky",parcs,6,
21,Unbalanced component of temperature,uctp,2,
22,Unbalanced component of logarithm of surface pressure,ucln,7,
23,Unbalanced component of divergence,ucdv,8,
24,Reserved for future unbalanced components,~,7,
25,Reserved for future unbalanced components,~,7,
26,Lake cover,cl,3,
27,Low vegetation cover,cvl,3,
28,High vegetation cover,cvh,3,
29,Type of low vegetation,tvl,112,
30,Type of high vegetation,tvh,112,
31,Sea ice area fraction,ci,3,
32,Snow albedo,asn,3,
33,Snow density,rsn,9,
34,Sea surface temperature,sst,2,
35,Ice temperature layer 1,istl1,2,
36,Ice temperature layer 2,istl2,2,
37,Ice temperature layer 3,istl3,2,
38,Ice temperature layer 4,istl4,2,
39,Volumetric soil water layer 1,swvl1,10,
40,Volumetric soil water layer 2,swvl2,10,
41,Volumetric soil water layer 3,swvl3,10,
42,Volumetric soil water layer 4,swvl4,10,
43,Soil type,slt,231,
44,Snow evaporation,es,27,
45,Snowmelt,smlt,27,
46,Solar duration,sdur,12,
47,Surface direct normal short-wave (solar) radiation,dsrp,6,
48,Time-integrated magnitude of turbulent surface stress,magss,14,
49,Maximum 10 metre wind gust since previous post-processing,10fg,5,
50,Large-scale precipitation fraction,lspf,12,
51,Maximum temperature at 2 metres in the last 24 hours,mx2t24,2,
52,Minimum temperature at 2 metres in the last 24 hours,mn2t24,2,
53,Montgomery potential,mont,15,
54,Pressure,pres,16,
55,Mean temperature at 2 metres in the last 24 hours,mean2t24,2,
56,Mean 2 metre dewpoint temperature in the last 24 hours,mn2d24,2,
57,Surface downward UV radiation,uvb,6,
58,Photosynthetically active radiation at the surface,par,6,
59,Convective available potential energy,cape,17,
60,Potential vorticity,pv,18,
62,Observation count,obct,7,
63,Start time for skin temperature difference,stsktd,12,
64,Finish time for skin temperature difference,ftsktd,12,
65,Skin temperature difference,sktd,2,
66,"Leaf area index, low vegetation",lai_lv,19,
67,"Leaf area index, high vegetation",lai_hv,19,
68,"Minimum stomatal resistance, low vegetation",msr_lv,20,
69,"Minimum stomatal resistance, high vegetation",msr_hv,20,
70,"Biome cover, low vegetation",bc_lv,3,
71,"Biome cover, high vegetation",bc_hv,3,
72,Instantaneous surface solar radiation downwards,issrd,76,
73,Instantaneous surface thermal radiation downwards,istrd,76,
74,Standard deviation of filtered subgrid orography (climatological),sdfor,4,
75,Specific rain water content,crwc,21,
76,Specific snow water content,cswc,21,
77,Eta-coordinate vertical velocity,etadot,8,
78,Total column cloud liquid water,tclw,22,
79,Total column cloud ice water,tciw,22,
80,Experimental product,~,7,
81,Experimental product,~,7,
82,Experimental product,~,7,
83,Experimental product,~,7,
84,Experimental product,~,7,
85,Experimental product,~,7,
86,Experimental product,~,7,
87,Experimental product,~,7,
88,Experimental product,~,7,
89,Experimental product,~,7,
90,Experimental product,~,7,
91,Experimental product,~,7,
92,Experimental product,~,7,
93,Experimental product,~,7,
94,Experimental product,~,7,
95,Experimental product,~,7,
96,Experimental product,~,7,
97,Experimental product,~,7,
98,Experimental product,~,7,
99,Experimental product,~,7,
100,Experimental product,~,7,
101,Experimental product,~,7,
102,Experimental product,~,7,
103,Experimental product,~,7,
104,Experimental product,~,7,
105,Experimental product,~,7,
106,Experimental product,~,7,
107,Experimental product,~,7,
108,Experimental product,~,7,
109,Experimental product,~,7,
110,Experimental product,~,7,
111,Experimental product,~,7,
112,Experimental product,~,7,
113,Experimental product,~,7,
114,Experimental product,~,7,
115,Experimental product,~,7,
116,Experimental product,~,7,
117,Experimental product,~,7,
118,Experimental product,~,7,
119,Experimental product,~,7,
120,Experimental product,~,7,
121,Maximum temperature at 2 metres in the last 6 hours,mx2t6,2,
122,Minimum temperature at 2 metres in the last 6 hours,mn2t6,2,
123,Maximum 10 metre wind gust in the last 6 hours,10fg6,5,
124,Surface emissivity,emis,105,
125,Vertically integrated total energy,vite,6,
126,Generic parameter for sensitive area prediction,~,25,
127,Atmospheric tide,at,7,
128,Budget values,bv,7,
129,Geopotential,z,15,
130,Temperature,t,2,
131,U component of wind,u,5,
132,V component of wind,v,5,
133,Specific humidity,q,21,
134,Surface pressure,sp,16,
135,Vertical velocity,w,26,
136,Total column water,tcw,22,
137,Total column vertically-integrated water vapour,tcwv,22,
138,Vorticity (relative),vo,8,
139,Soil temperature level 1,stl1,2,
140,Soil wetness level 1,swl1,27,
141,Snow depth,sd,27,
142,Large-scale precipitation,lsp,4,
143,Convective precipitation,cp,4,
144,Snowfall,sf,27,
145,Time-integrated boundary layer dissipation,bld,6,
146,Time-integrated surface sensible heat net flux,sshf,6,
147,Time-integrated surface latent heat net flux,slhf,6,
148,Charnock,chnk,106,
149,Surface net radiation (SW and LW),snr,6,
150,Top net radiation (SW and LW),tnr,6,
151,Mean sea level pressure,msl,16,
152,Logarithm of surface pressure,lnsp,106,
153,Short-wave heating rate,swhr,2,
154,Long-wave heating rate,lwhr,2,
155,Divergence,d,8,
156,Geopotential height,gh,28,
157,Relative humidity,r,29,
158,Tendency of surface pressure,tsp,26,
159,Boundary layer height,blh,4,
160,Standard deviation of sub-gridscale orography,sdor,4,
161,Anisotropy of sub-gridscale orography,isor,106,
162,Angle of sub-gridscale orography,anor,30,
163,Slope of sub-gridscale orography,slor,106,
164,Total cloud cover,tcc,3,
165,10 metre U wind component,10u,5,
166,10 metre V wind component,10v,5,
167,2 metre temperature,2t,2,
168,2 metre dewpoint temperature,2d,2,
169,Surface short-wave (solar) radiation downwards,ssrd,6,
170,Soil temperature level 2,stl2,2,
171,Soil wetness level 2,swl2,27,
172,Land-sea mask,lsm,3,
173,Surface roughness (climatological),sr,4,
174,Albedo (climatological),al,3,
175,Surface long-wave (thermal) radiation downwards,strd,6,
176,Surface net short-wave (solar) radiation,ssr,6,
177,Surface net long-wave (thermal) radiation,str,6,
178,Top net short-wave (solar) radiation,tsr,6,
179,Top net long-wave (thermal) radiation,ttr,6,
180,Time-integrated eastward turbulent surface stress,ewss,14,
181,Time-integrated northward turbulent surface stress,nsss,14,
182,Evaporation,e,27,
183,Soil temperature level 3,stl3,2,
184,Soil wetness level 3,swl3,27,
185,Convective cloud cover,ccc,3,
186,Low cloud cover,lcc,3,
187,Medium cloud cover,mcc,3,
188,High cloud cover,hcc,3,
189,Sunshine duration,sund,12,
190,East-West component of sub-gridscale orographic variance,ewov,31,
191,North-South component of sub-gridscale orographic variance,nsov,31,
192,North-West/South-East component of sub-gridscale orographic variance,nwov,31,
193,North-East/South-West component of sub-gridscale orographic variance,neov,31,
194,Brightness temperature,btmp,2,
195,Eastward gravity wave surface stress,lgws,14,
196,Northward gravity wave surface stress,mgws,14,
197,Gravity wave dissipation,gwd,6,
198,Skin reservoir content,src,27,
199,Vegetation fraction,veg,3,
200,Variance of sub-gridscale orography,vso,31,
201,Maximum temperature at 2 metres since previous post-processing,mx2t,2,
202,Minimum temperature at 2 metres since previous post-processing,mn2t,2,
203,Ozone mass mixing ratio,o3,21,
204,Precipitation analysis weights,paw,7,
205,Runoff,ro,4,
206,Total column ozone,tco3,22,
207,10 metre wind speed,10si,5,
208,"Top net short-wave (solar) radiation, clear sky",tsrc,6,
209,"Top net long-wave (thermal) radiation, clear sky",ttrc,6,
210,"Surface net short-wave (solar) radiation, clear sky",ssrc,6,
211,"Surface net long-wave (thermal) radiation, clear sky",strc,6,
212,TOA incident short-wave (solar) radiation,tisr,6,
213,Vertically integrated moisture divergence,vimd,22,
214,Diabatic heating by radiation,dhr,2,
215,Diabatic heating by vertical diffusion,dhvd,2,
216,Diabatic heating by cumulus convection,dhcc,2,
217,Diabatic heating large-scale condensation,dhlc,2,
218,Vertical diffusion of zonal wind,vdzw,5,
219,Vertical diffusion of meridional wind,vdmw,5,
220,East-West gravity wave drag tendency,ewgd,5,
221,North-South gravity wave drag tendency,nsgd,5,
222,Convective tendency of zonal wind,ctzw,5,
223,Convective tendency of meridional wind,ctmw,5,
224,Vertical diffusion of humidity,vdh,21,
225,Humidity tendency by cumulus convection,htcc,21,
226,Humidity tendency by large-scale condensation,htlc,21,
227,Tendency due to removal of negative humidity,crnh,21,
228,Total precipitation,tp,4,
229,Instantaneous eastward turbulent surface stress,iews,32,
230,Instantaneous northward turbulent surface stress,inss,32,
231,Instantaneous surface sensible heat net flux,ishf,76,
232,Instantaneous moisture flux,ie,33,
233,Apparent surface humidity,asq,21,
234,Logarithm of surface roughness length for heat (climatological),lsrh,106,
235,Skin temperature,skt,2,
236,Soil temperature level 4,stl4,2,
237,Soil wetness level 4,swl4,4,
238,Temperature of snow layer,tsn,2,
239,Convective snowfall,csf,27,
240,Large-scale snowfall,lsf,27,
241,Accumulated cloud fraction tendency,acf,34,
242,Accumulated liquid water tendency,alw,34,
243,Forecast albedo,fal,3,
244,Forecast surface roughness,fsr,4,
245,Forecast logarithm of surface roughness for heat,flsr,106,
246,Specific cloud liquid water content,clwc,21,
247,Specific cloud ice water content,ciwc,21,
248,Fraction of cloud cover,cc,3,
249,Accumulated ice water tendency,aiw,34,
250,Ice age,ice,3,
251,Adiabatic tendency of temperature,atte,2,
252,Adiabatic tendency of humidity,athe,21,
253,Adiabatic tendency of zonal wind,atze,5,
254,Adiabatic tendency of meridional wind,atmw,5,
255,Indicates a missing value,~,7,
3003,Pressure tendency,ptend,26,
3005,ICAO Standard Atmosphere reference height,icaht,4,
3008,Geometrical height above ground,h,4,
3009,Standard deviation of height,hstdv,4,
3012,Virtual potential temperature,vptmp,2,
3014,Pseudo-adiabatic potential temperature,papt,2,
3015,Maximum temperature,tmax,2,
3016,Minimum temperature,tmin,2,
3017,Dew point temperature,dpt,2,
3018,Dew point depression (or deficit),depr,2,
3019,Lapse rate,lapr,190,
3020,Visibility,vis,4,
3021,Radar spectra (1),rdsp1,7,
3022,Radar spectra (2),rdsp2,7,
3023,Radar spectra (3),rdsp3,7,
3024,Parcel lifted index (to 500 hPa),pli,2,
3025,Temperature anomaly,ta,2,
3026,Pressure anomaly,presa,16,
3027,Geopotential height anomaly,gpa,28,
3028,Wave spectra (1),wvsp1,7,
3029,Wave spectra (2),wvsp2,7,
3030,Wave spectra (3),wvsp3,7,
3031,Wind direction,wdir,92,
3037,Montgomery stream Function,mntsf,15,
3038,Sigma coordinate vertical velocity,sgcvv,8,
3041,Absolute vorticity,absv,8,
3042,Absolute divergence,absd,8,
3045,Vertical u-component shear,vucsh,8,
3046,Vertical v-component shear,vvcsh,8,
3047,Direction of current,dirc,92,
3048,Speed of current,spc,5,
3053,Humidity mixing ratio,mixr,21,
3054,Precipitable water,pwat,22,
3055,Vapour pressure,vp,16,
3056,Saturation deficit,satd,16,
3059,Precipitation rate,prate,33,
3060,Thunderstorm probability,tstm,29,
3062,Large-scale precipitation,lsp,22,
3063,Convective precipitation (water),acpcp,22,
3064,Snow fall rate water equivalent,srweq,33,
3066,Snow depth,sde,4,
3067,Mixed layer depth,mld,4,
3068,Transient thermocline depth,tthdp,4,
3069,Main thermocline depth,mthd,4,
3070,Main thermocline anomaly,mtha,4,
3072,Convective cloud cover,ccc,29,
3073,Low cloud cover,lcc,29,
3074,Medium cloud cover,mcc,29,
3075,High cloud cover,hcc,29,
3077,Best lifted index (to 500 hPa),bli,2,
3079,Large scale snow,lssf,22,
3080,Water temperature,wtmp,2,
3082,Deviation of sea-level from mean,dslm,4,
3086,Soil moisture content,ssw,22,
3088,Salinity,s,21,
3089,Density,den,9,
3091,"Ice cover (1=ice, 0=no ice)",icec,3,
3092,Ice thickness,icetk,4,
3093,Direction of ice drift,diced,92,
3094,Speed of ice drift,siced,5,
3095,U-component of ice drift,uice,5,
3096,V-component of ice drift,vice,5,
3097,Ice growth rate,iceg,5,
3098,Ice divergence,iced,8,
3099,Snowmelt,snom,22,
3100,Significant height of combined wind waves and swell,swh,4,
3101,Mean direction of wind waves,mdww,92,
3102,Significant height of wind waves,shww,4,
3103,Mean period of wind waves,mpww,12,
3104,Direction of swell waves,swdir,92,
3105,Significant height of swell waves,swell,4,
3106,Mean period of swell waves,swper,12,
3107,Primary wave direction,mdps,92,
3108,Primary wave mean period,mpps,12,
3109,Secondary wave direction,dirsw,92,
3110,Secondary wave mean period,swp,12,
3111,Net short-wave radiation flux (surface),nswrs,76,
3112,Net long-wave radiation flux (surface),nlwrs,76,
3113,Net short-wave radiation flux(atmosph.top),nswrt,76,
3114,Net long-wave radiation flux(atmosph.top),nlwrt,76,
3115,Long wave radiation flux,lwavr,76,
3116,Short wave radiation flux,swavr,76,
3117,Global radiation flux,grad,76,
3119,Radiance (with respect to wave number),lwrad,93,
3120,Radiance (with respect to wave length),swrad,94,
3121,Latent heat flux,lhf,76,
3122,Sensible heat flux,shf,76,
3123,Boundary layer dissipation,bld,76,
3124,"Momentum flux, u-component",uflx,32,
3125,"Momentum flux, v-component",vflx,32,
3126,Wind mixing energy,wmixe,95,
3127,Image data,imgd,7,
129001,Stream function gradient,strfgrd,1,
129002,Velocity potential gradient,vpotgrd,1,
129003,Potential temperature gradient,ptgrd,2,
129004,Equivalent potential temperature gradient,eqptgrd,2,
129005,Saturated equivalent potential temperature gradient,septgrd,2,
129011,U component of divergent wind gradient,udvwgrd,5,
129012,V component of divergent wind gradient,vdvwgrd,5,
129013,U component of rotational wind gradient,urtwgrd,5,
129014,V component of rotational wind gradient,vrtwgrd,5,
129021,Unbalanced component of temperature gradient,uctpgrd,2,
129022,Unbalanced component of logarithm of surface pressure gradient,uclngrd,7,
129023,Unbalanced component of divergence gradient,ucdvgrd,8,
129024,Reserved for future unbalanced components,~,7,
129025,Reserved for future unbalanced components,~,7,
129026,Lake cover gradient,clgrd,3,
129027,Low vegetation cover gradient,cvlgrd,3,
129028,High vegetation cover gradient,cvhgrd,3,
129029,Type of low vegetation gradient,tvlgrd,7,
129030,Type of high vegetation gradient,tvhgrd,7,
129031,Sea-ice cover gradient,sicgrd,3,
129032,Snow albedo gradient,asngrd,3,
129033,Snow density gradient,rsngrd,9,
129034,Sea surface temperature gradient,sstkgrd,2,
129035,Ice surface temperature layer 1 gradient,istl1grd,2,
129036,Ice surface temperature layer 2 gradient,istl2grd,2,
129037,Ice surface temperature layer 3 gradient,istl3grd,2,
129038,Ice surface temperature layer 4 gradient,istl4grd,2,
129039,Volumetric soil water layer 1 gradient,swvl1grd,10,
129040,Volumetric soil water layer 2 gradient,swvl2grd,10,
129041,Volumetric soil water layer 3 gradient,swvl3grd,10,
129042,Volumetric soil water layer 4 gradient,swvl4grd,10,
129043,Soil type gradient,sltgrd,7,
129044,Snow evaporation gradient,esgrd,22,
129045,Snowmelt gradient,smltgrd,22,
129046,Solar duration gradient,sdurgrd,12,
129047,Direct solar radiation gradient,dsrpgrd,6,
129048,Magnitude of turbulent surface stress gradient,magssgrd,14,
129049,10 metre wind gust gradient,10fggrd,5,
129050,Large-scale precipitation fraction gradient,lspfgrd,12,
129051,Maximum 2 metre temperature gradient,mx2t24grd,2,
129052,Minimum 2 metre temperature gradient,mn2t24grd,2,
129053,Montgomery potential gradient,montgrd,15,
129054,Pressure gradient,presgrd,16,
129055,Mean 2 metre temperature in the last 24 hours gradient,mean2t24grd,2,
129056,Mean 2 metre dewpoint temperature in the last 24 hours gradient,mn2d24grd,2,
129057,Downward UV radiation at the surface gradient,uvbgrd,6,
129058,Photosynthetically active radiation at the surface gradient,pargrd,6,
129059,Convective available potential energy gradient,capegrd,17,
129060,Potential vorticity gradient,pvgrd,18,
129061,Total precipitation from observations gradient,tpogrd,35,
129062,Observation count gradient,obctgrd,7,
129063,Start time for skin temperature difference,~,12,
129064,Finish time for skin temperature difference,~,12,
129065,Skin temperature difference,~,2,
129066,"Leaf area index, low vegetation",~,19,
129067,"Leaf area index, high vegetation",~,19,
129070,"Biome cover, low vegetation",~,3,
129071,"Biome cover, high vegetation",~,3,
129078,Total column liquid water,~,22,
129079,Total column ice water,~,22,
129080,Experimental product,~,7,
129081,Experimental product,~,7,
129082,Experimental product,~,7,
129083,Experimental product,~,7,
129084,Experimental product,~,7,
129085,Experimental product,~,7,
129086,Experimental product,~,7,
129087,Experimental product,~,7,
129088,Experimental product,~,7,
129089,Experimental product,~,7,
129090,Experimental product,~,7,
129091,Experimental product,~,7,
129092,Experimental product,~,7,
129093,Experimental product,~,7,
129094,Experimental product,~,7,
129095,Experimental product,~,7,
129096,Experimental product,~,7,
129097,Experimental product,~,7,
129098,Experimental product,~,7,
129099,Experimental product,~,7,
129100,Experimental product,~,7,
129101,Experimental product,~,7,
129102,Experimental product,~,7,
129103,Experimental product,~,7,
129104,Experimental product,~,7,
129105,Experimental product,~,7,
129106,Experimental product,~,7,
129107,Experimental product,~,7,
129108,Experimental product,~,7,
129109,Experimental product,~,7,
129110,Experimental product,~,7,
129111,Experimental product,~,7,
129112,Experimental product,~,7,
129113,Experimental product,~,7,
129114,Experimental product,~,7,
129115,Experimental product,~,7,
129116,Experimental product,~,7,
129117,Experimental product,~,7,
129118,Experimental product,~,7,
129119,Experimental product,~,7,
129120,Experimental product,~,7,
129121,Maximum temperature at 2 metres gradient,mx2t6grd,2,
129122,Minimum temperature at 2 metres gradient,mn2t6grd,2,
129123,10 metre wind gust in the last 6 hours gradient,10fg6grd,5,
129125,Vertically integrated total energy,~,6,
129126,Generic parameter for sensitive area prediction,~,25,
129127,Atmospheric tide gradient,atgrd,7,
129128,Budget values gradient,bvgrd,7,
129129,Geopotential gradient,zgrd,15,
129130,Temperature gradient,tgrd,2,
129131,U component of wind gradient,ugrd,5,
129132,V component of wind gradient,vgrd,5,
129133,Specific humidity gradient,qgrd,21,
129134,Surface pressure gradient,spgrd,16,
129135,vertical velocity (pressure) gradient,wgrd,26,
129136,Total column water gradient,tcwgrd,22,
129137,Total column water vapour gradient,tcwvgrd,22,
129138,Vorticity (relative) gradient,vogrd,8,
129139,Soil temperature level 1 gradient,stl1grd,2,
129140,Soil wetness level 1 gradient,swl1grd,22,
129141,Snow depth gradient,sdgrd,27,
129142,Stratiform precipitation (Large-scale precipitation) gradient,lspgrd,4,
129143,Convective precipitation gradient,cpgrd,4,
129144,Snowfall (convective + stratiform) gradient,sfgrd,27,
129145,Boundary layer dissipation gradient,bldgrd,6,
129146,Surface sensible heat flux gradient,sshfgrd,6,
129147,Surface latent heat flux gradient,slhfgrd,6,
129148,Charnock gradient,chnkgrd,7,
129149,Surface net radiation gradient,snrgrd,6,
129150,Top net radiation gradient,tnrgrd,7,
129151,Mean sea level pressure gradient,mslgrd,16,
129152,Logarithm of surface pressure gradient,lnspgrd,7,
129153,Short-wave heating rate gradient,swhrgrd,2,
129154,Long-wave heating rate gradient,lwhrgrd,2,
129155,Divergence gradient,dgrd,8,
129156,Height gradient,ghgrd,4,
129157,Relative humidity gradient,rgrd,29,
129158,Tendency of surface pressure gradient,tspgrd,26,
129159,Boundary layer height gradient,blhgrd,4,
129160,Standard deviation of orography gradient,sdorgrd,7,
129161,Anisotropy of sub-gridscale orography gradient,isorgrd,7,
129162,Angle of sub-gridscale orography gradient,anorgrd,30,
129163,Slope of sub-gridscale orography gradient,slorgrd,7,
129164,Total cloud cover gradient,tccgrd,3,
129165,10 metre U wind component gradient,10ugrd,5,
129166,10 metre V wind component gradient,10vgrd,5,
129167,2 metre temperature gradient,2tgrd,2,
129168,2 metre dewpoint temperature gradient,2dgrd,2,
129169,Surface solar radiation downwards gradient,ssrdgrd,6,
129170,Soil temperature level 2 gradient,stl2grd,2,
129171,Soil wetness level 2 gradient,swl2grd,22,
129172,Land-sea mask gradient,lsmgrd,3,
129173,Surface roughness gradient,srgrd,4,
129174,Albedo gradient,algrd,3,
129175,Surface thermal radiation downwards gradient,strdgrd,6,
129176,Surface net solar radiation gradient,ssrgrd,6,
129177,Surface net thermal radiation gradient,strgrd,6,
129178,Top net solar radiation gradient,tsrgrd,6,
129179,Top net thermal radiation gradient,ttrgrd,6,
129180,East-West surface stress gradient,ewssgrd,14,
129181,North-South surface stress gradient,nsssgrd,14,
129182,Evaporation gradient,egrd,22,
129183,Soil temperature level 3 gradient,stl3grd,2,
129184,Soil wetness level 3 gradient,swl3grd,22,
129185,Convective cloud cover gradient,cccgrd,3,
129186,Low cloud cover gradient,lccgrd,3,
129187,Medium cloud cover gradient,mccgrd,3,
129188,High cloud cover gradient,hccgrd,3,
129189,Sunshine duration gradient,sundgrd,12,
129190,East-West component of sub-gridscale orographic variance gradient,ewovgrd,31,
129191,North-South component of sub-gridscale orographic variance gradient,nsovgrd,31,
129192,North-West/South-East component of sub-gridscale orographic variance gradient,nwovgrd,31,
129193,North-East/South-West component of sub-gridscale orographic variance gradient,neovgrd,31,
129194,Brightness temperature gradient,btmpgrd,2,
129195,Longitudinal component of gravity wave stress gradient,lgwsgrd,14,
129196,Meridional component of gravity wave stress gradient,mgwsgrd,14,
129197,Gravity wave dissipation gradient,gwdgrd,6,
129198,Skin reservoir content gradient,srcgrd,22,
129199,Vegetation fraction gradient,veggrd,3,
129200,Variance of sub-gridscale orography gradient,vsogrd,31,
129201,Maximum temperature at 2 metres since previous post-processing gradient,mx2tgrd,2,
129202,Minimum temperature at 2 metres since previous post-processing gradient,mn2tgrd,2,
129203,Ozone mass mixing ratio gradient,o3grd,21,
129204,Precipitation analysis weights gradient,pawgrd,7,
129205,Runoff gradient,rogrd,4,
129206,Total column ozone gradient,tco3grd,22,
129207,10 metre wind speed gradient,10sigrd,5,
129208,"Top net solar radiation, clear sky gradient",tsrcgrd,6,
129209,"Top net thermal radiation, clear sky gradient",ttrcgrd,6,
129210,"Surface net solar radiation, clear sky gradient",ssrcgrd,6,
129211,"Surface net thermal radiation, clear sky gradient",strcgrd,6,
129212,TOA incident solar radiation gradient,tisrgrd,6,
129214,Diabatic heating by radiation gradient,dhrgrd,2,
129215,Diabatic heating by vertical diffusion gradient,dhvdgrd,2,
129216,Diabatic heating by cumulus convection gradient,dhccgrd,2,
129217,Diabatic heating large-scale condensation gradient,dhlcgrd,2,
129218,Vertical diffusion of zonal wind gradient,vdzwgrd,5,
129219,Vertical diffusion of meridional wind gradient,vdmwgrd,5,
129220,East-West gravity wave drag tendency gradient,ewgdgrd,5,
129221,North-South gravity wave drag tendency gradient,nsgdgrd,5,
129222,Convective tendency of zonal wind gradient,ctzwgrd,5,
129223,Convective tendency of meridional wind gradient,ctmwgrd,5,
129224,Vertical diffusion of humidity gradient,vdhgrd,21,
129225,Humidity tendency by cumulus convection gradient,htccgrd,21,
129226,Humidity tendency by large-scale condensation gradient,htlcgrd,21,
129227,Change from removal of negative humidity gradient,crnhgrd,21,
129228,Total precipitation gradient,tpgrd,4,
129229,Instantaneous X surface stress gradient,iewsgrd,32,
129230,Instantaneous Y surface stress gradient,inssgrd,32,
129231,Instantaneous surface heat flux gradient,ishfgrd,6,
129232,Instantaneous moisture flux gradient,iegrd,36,
129233,Apparent surface humidity gradient,asqgrd,21,
129234,Logarithm of surface roughness length for heat gradient,lsrhgrd,7,
129235,Skin temperature gradient,sktgrd,2,
129236,Soil temperature level 4 gradient,stl4grd,2,
129237,Soil wetness level 4 gradient,swl4grd,4,
129238,Temperature of snow layer gradient,tsngrd,2,
129239,Convective snowfall gradient,csfgrd,27,
129240,Large scale snowfall gradient,lsfgrd,27,
129241,Accumulated cloud fraction tendency gradient,acfgrd,34,
129242,Accumulated liquid water tendency gradient,alwgrd,34,
129243,Forecast albedo gradient,falgrd,3,
129244,Forecast surface roughness gradient,fsrgrd,4,
129245,Forecast logarithm of surface roughness for heat gradient,flsrgrd,7,
129246,Specific cloud liquid water content gradient,clwcgrd,21,
129247,Specific cloud ice water content gradient,ciwcgrd,21,
129248,Cloud cover gradient,ccgrd,3,
129249,Accumulated ice water tendency gradient,aiwgrd,34,
129250,Ice age gradient,icegrd,3,
129251,Adiabatic tendency of temperature gradient,attegrd,2,
129252,Adiabatic tendency of humidity gradient,athegrd,21,
129253,Adiabatic tendency of zonal wind gradient,atzegrd,5,
129254,Adiabatic tendency of meridional wind gradient,atmwgrd,5,
129255,Indicates a missing value,~,7,
130208,Top solar radiation upward,tsru,6,
130209,Top thermal radiation upward,ttru,6,
130210,"Top solar radiation upward, clear sky",tsuc,6,
130211,"Top thermal radiation upward, clear sky",ttuc,6,
130212,Cloud liquid water,clw,21,
130213,Cloud fraction,cf,3,
130214,Diabatic heating by radiation,dhr,37,
130215,Diabatic heating by vertical diffusion,dhvd,37,
130216,Diabatic heating by cumulus convection,dhcc,37,
130217,Diabatic heating by large-scale condensation,dhlc,37,
130218,Vertical diffusion of zonal wind,vdzw,38,
130219,Vertical diffusion of meridional wind,vdmw,38,
130220,East-West gravity wave drag,ewgd,38,
130221,North-South gravity wave drag,nsgd,38,
130224,Vertical diffusion of humidity,vdh,39,
130225,Humidity tendency by cumulus convection,htcc,39,
130226,Humidity tendency by large-scale condensation,htlc,39,
130228,Adiabatic tendency of temperature,att,37,
130229,Adiabatic tendency of humidity,ath,39,
130230,Adiabatic tendency of zonal wind,atzw,38,
130231,Adiabatic tendency of meridional wind,atmwax,38,
130232,Mean vertical velocity,mvv,26,
131001,2m temperature anomaly of at least +2K,2tag2,29,
131002,2m temperature anomaly of at least +1K,2tag1,29,
131003,2m temperature anomaly of at least 0K,2tag0,29,
131004,2m temperature anomaly of at most -1K,2talm1,29,
131005,2m temperature anomaly of at most -2K,2talm2,29,
131006,Total precipitation anomaly of at least 20 mm,tpag20,29,
131007,Total precipitation anomaly of at least 10 mm,tpag10,29,
131008,Total precipitation anomaly of at least 0 mm,tpag0,29,
131009,Surface temperature anomaly of at least 0K,stag0,29,
131010,Mean sea level pressure anomaly of at least 0 Pa,mslag0,29,
131015,Height of 0 degree isotherm probability,h0dip,29,
131016,Height of snowfall limit probability,hslp,29,
131017,Showalter index probability,saip,29,
131018,Whiting index probability,whip,29,
131020,Temperature anomaly less than -2 K,talm2,29,
131021,Temperature anomaly of at least +2 K,tag2,29,
131022,Temperature anomaly less than -8 K,talm8,29,
131023,Temperature anomaly less than -4 K,talm4,29,
131024,Temperature anomaly greater than +4 K,tag4,29,
131025,Temperature anomaly greater than +8 K,tag8,29,
131049,10 metre wind gust probability,10gp,29,
131059,Convective available potential energy probability,capep,29,
131060,Total precipitation of at least 1 mm,tpg1,29,
131061,Total precipitation of at least 5 mm,tpg5,29,
131062,Total precipitation of at least 10 mm,tpg10,29,
131063,Total precipitation of at least 20 mm,tpg20,29,
131064,Total precipitation less than 0.1 mm,tpl01,29,
131065,Total precipitation rate less than 1 mm/day,tprl1,29,
131066,Total precipitation rate of at least 3 mm/day,tprg3,29,
131067,Total precipitation rate of at least 5 mm/day,tprg5,29,
131068,10 metre Wind speed of at least 10 m/s,10spg10,29,
131069,10 metre Wind speed of at least 15 m/s,10spg15,29,
131070,10 metre wind gust of at least 15 m/s,10fgg15,29,
131071,10 metre wind gust of at least 20 m/s,10fgg20,29,
131072,10 metre wind gust of at least 25 m/s,10fgg25,29,
131073,2 metre temperature less than 273.15 K,2tl273,29,
131074,Significant wave height of at least 2 m,swhg2,29,
131075,Significant wave height of at least 4 m,swhg4,29,
131076,Significant wave height of at least 6 m,swhg6,29,
131077,Significant wave height of at least 8 m,swhg8,29,
131078,Mean wave period of at least 8 s,mwpg8,29,
131079,Mean wave period of at least 10 s,mwpg10,29,
131080,Mean wave period of at least 12 s,mwpg12,29,
131081,Mean wave period of at least 15 s,mwpg15,29,
131082,Total precipitation of at least 40 mm,tpg40,29,
131083,Total precipitation of at least 60 mm,tpg60,29,
131084,Total precipitation of at least 80 mm,tpg80,29,
131085,Total precipitation of at least 100 mm,tpg100,29,
131086,Total precipitation of at least 150 mm,tpg150,29,
131087,Total precipitation of at least 200 mm,tpg200,29,
131088,Total precipitation of at least 300 mm,tpg300,29,
131089,Probability of a tropical storm,pts,29,
131090,Probability of a hurricane,ph,29,
131091,Probability of a tropical depression,ptd,29,
131092,Climatological probability of a tropical storm,cpts,29,
131093,Climatological probability of a hurricane,cph,29,
131094,Climatological probability of a tropical depression,cptd,29,
131095,Probability anomaly of a tropical storm,pats,29,
131096,Probability anomaly of a hurricane,pah,29,
131097,Probability anomaly of a tropical depression,patd,29,
131098,Total precipitation of at least 25 mm,tpg25,29,
131099,Total precipitation of at least 50 mm,tpg50,29,
131100,10 metre wind gust of at least 10 m/s,10fgg10,29,
131129,Geopotential probability,zp,29,
131130,Temperature anomaly probability,tap,29,
131139,Soil temperature level 1 probability,stl1p,29,
131144,Snowfall (convective + stratiform) probability,sfp,29,
131151,Mean sea level pressure probability,mslpp,29,
131164,Total cloud cover probability,tccp,29,
131165,10 metre speed probability,10sp,29,
131167,2 metre temperature probability,2tp,29,
131201,Maximum 2 metre temperature probability,mx2tp,29,
131202,Minimum 2 metre temperature probability,mn2tp,29,
131228,Total precipitation probability,tpp,29,
131229,Significant wave height probability,swhp,29,
131232,Mean wave period probability,mwpp,29,
131255,Indicates a missing value,~,7,
131256,10 metre convective gust of at least 25 m/s,10cogug25,5,
132044,Convective available potential energy shear index,capesi,106,
132045,Water vapour flux index,wvfi,106,
132049,10 metre wind gust index,10fgi,106,
132059,Convective available potential energy index,capei,106,
132144,Snowfall index,sfi,106,
132165,10 metre speed index,10wsi,106,
132167,2 metre temperature index,2ti,106,
132201,Maximum temperature at 2 metres index,mx2ti,106,
132202,Minimum temperature at 2 metres index,mn2ti,106,
132216,Maximum of significant wave height index,maxswhi,106,
132228,Total precipitation index,tpi,106,
133001,2m temperature probability less than -10 C,2tplm10,29,
133002,2m temperature probability less than -5 C,2tplm5,29,
133003,2m temperature probability less than 0 C,2tpl0,29,
133004,2m temperature probability less than 5 C,2tpl5,29,
133005,2m temperature probability less than 10 C,2tpl10,29,
133006,2m temperature probability greater than 25 C,2tpg25,29,
133007,2m temperature probability greater than 30 C,2tpg30,29,
133008,2m temperature probability greater than 35 C,2tpg35,29,
133009,2m temperature probability greater than 40 C,2tpg40,29,
133010,2m temperature probability greater than 45 C,2tpg45,29,
133011,Minimum 2 metre temperature probability less than -10 C,mn2tplm10,29,
133012,Minimum 2 metre temperature probability less than -5 C,mn2tplm5,29,
133013,Minimum 2 metre temperature probability less than 0 C,mn2tpl0,29,
133014,Minimum 2 metre temperature probability less than 5 C,mn2tpl5,29,
133015,Minimum 2 metre temperature probability less than 10 C,mn2tpl10,29,
133016,Maximum 2 metre temperature probability greater than 25 C,mx2tpg25,29,
133017,Maximum 2 metre temperature probability greater than 30 C,mx2tpg30,29,
133018,Maximum 2 metre temperature probability greater than 35 C,mx2tpg35,29,
133019,Maximum 2 metre temperature probability greater than 40 C,mx2tpg40,29,
133020,Maximum 2 metre temperature probability greater than 45 C,mx2tpg45,29,
133021,10 metre wind speed probability of at least 10 m/s,10spg10,29,
133022,10 metre wind speed probability of at least 15 m/s,10spg15,29,
133023,10 metre wind speed probability of at least 20 m/s,10spg20,29,
133024,10 metre wind speed probability of at least 35 m/s,10spg35,29,
133025,10 metre wind speed probability of at least 50 m/s,10spg50,29,
133026,10 metre wind gust probability of at least 20 m/s,10gpg20,29,
133027,10 metre wind gust probability of at least 35 m/s,10gpg35,29,
133028,10 metre wind gust probability of at least 50 m/s,10gpg50,29,
133029,10 metre wind gust probability of at least 75 m/s,10gpg75,29,
133030,10 metre wind gust probability of at least 100 m/s,10gpg100,29,
133031,Total precipitation probability of at least 1 mm,tppg1,29,
133032,Total precipitation probability of at least 5 mm,tppg5,29,
133033,Total precipitation probability of at least 10 mm,tppg10,29,
133034,Total precipitation probability of at least 20 mm,tppg20,29,
133035,Total precipitation probability of at least 40 mm,tppg40,29,
133036,Total precipitation probability of at least 60 mm,tppg60,29,
133037,Total precipitation probability of at least 80 mm,tppg80,29,
133038,Total precipitation probability of at least 100 mm,tppg100,29,
133039,Total precipitation probability of at least 150 mm,tppg150,29,
133040,Total precipitation probability of at least 200 mm,tppg200,29,
133041,Total precipitation probability of at least 300 mm,tppg300,29,
133042,Snowfall probability of at least 1 mm,sfpg1,29,
133043,Snowfall probability of at least 5 mm,sfpg5,29,
133044,Snowfall probability of at least 10 mm,sfpg10,29,
133045,Snowfall probability of at least 20 mm,sfpg20,29,
133046,Snowfall probability of at least 40 mm,sfpg40,29,
133047,Snowfall probability of at least 60 mm,sfpg60,29,
133048,Snowfall probability of at least 80 mm,sfpg80,29,
133049,Snowfall probability of at least 100 mm,sfpg100,29,
133050,Snowfall probability of at least 150 mm,sfpg150,29,
133051,Snowfall probability of at least 200 mm,sfpg200,29,
133052,Snowfall probability of at least 300 mm,sfpg300,29,
133053,Total Cloud Cover probability greater than 10%,tccpg10,29,
133054,Total Cloud Cover probability greater than 20%,tccpg20,29,
133055,Total Cloud Cover probability greater than 30%,tccpg30,29,
133056,Total Cloud Cover probability greater than 40%,tccpg40,29,
133057,Total Cloud Cover probability greater than 50%,tccpg50,29,
133058,Total Cloud Cover probability greater than 60%,tccpg60,29,
133059,Total Cloud Cover probability greater than 70%,tccpg70,29,
133060,Total Cloud Cover probability greater than 80%,tccpg80,29,
133061,Total Cloud Cover probability greater than 90%,tccpg90,29,
133062,Total Cloud Cover probability greater than 99%,tccpg99,29,
133063,High Cloud Cover probability greater than 10%,hccpg10,29,
133064,High Cloud Cover probability greater than 20%,hccpg20,29,
133065,High Cloud Cover probability greater than 30%,hccpg30,29,
133066,High Cloud Cover probability greater than 40%,hccpg40,29,
133067,High Cloud Cover probability greater than 50%,hccpg50,29,
133068,High Cloud Cover probability greater than 60%,hccpg60,29,
133069,High Cloud Cover probability greater than 70%,hccpg70,29,
133070,High Cloud Cover probability greater than 80%,hccpg80,29,
133071,High Cloud Cover probability greater than 90%,hccpg90,29,
133072,High Cloud Cover probability greater than 99%,hccpg99,29,
133073,Medium Cloud Cover probability greater than 10%,mccpg10,29,
133074,Medium Cloud Cover probability greater than 20%,mccpg20,29,
133075,Medium Cloud Cover probability greater than 30%,mccpg30,29,
133076,Medium Cloud Cover probability greater than 40%,mccpg40,29,
133077,Medium Cloud Cover probability greater than 50%,mccpg50,29,
133078,Medium Cloud Cover probability greater than 60%,mccpg60,29,
133079,Medium Cloud Cover probability greater than 70%,mccpg70,29,
133080,Medium Cloud Cover probability greater than 80%,mccpg80,29,
133081,Medium Cloud Cover probability greater than 90%,mccpg90,29,
133082,Medium Cloud Cover probability greater than 99%,mccpg99,29,
133083,Low Cloud Cover probability greater than 10%,lccpg10,29,
133084,Low Cloud Cover probability greater than 20%,lccpg20,29,
133085,Low Cloud Cover probability greater than 30%,lccpg30,29,
133086,Low Cloud Cover probability greater than 40%,lccpg40,29,
133087,Low Cloud Cover probability greater than 50%,lccpg50,29,
133088,Low Cloud Cover probability greater than 60%,lccpg60,29,
133089,Low Cloud Cover probability greater than 70%,lccpg70,29,
133090,Low Cloud Cover probability greater than 80%,lccpg80,29,
133091,Low Cloud Cover probability greater than 90%,lccpg90,29,
133092,Low Cloud Cover probability greater than 99%,lccpg99,29,
133093,Probability of temperature standardized anomaly greater than 1 standard deviation,ptsa_gt_1stdev,29,
133094,Probability of temperature standardized anomaly greater than 1.5 standard deviation,ptsa_gt_1p5stdev,29,
133095,Probability of temperature standardized anomaly greater than 2 standard deviation,ptsa_gt_2stdev,29,
133096,Probability of temperature standardized anomaly less than -1 standard deviation,ptsa_lt_1stdev,29,
133097,Probability of temperature standardized anomaly less than -1.5 standard deviation,ptsa_lt_1p5stdev,29,
133098,Probability of temperature standardized anomaly less than -2 standard deviation,ptsa_lt_2stdev,29,
140080,Wave experimental parameter 1,wx1,7,
140081,Wave experimental parameter 2,wx2,7,
140082,Wave experimental parameter 3,wx3,7,
140083,Wave experimental parameter 4,wx4,7,
140084,Wave experimental parameter 5,wx5,7,
140098,Wave induced mean sea level correction,weta,4,
140099,Ratio of wave angular and frequency width,wraf,106,
140100,Number of events in freak waves statistics,wnslc,106,
140101,U-component of atmospheric surface momentum flux,utaua,32,
140102,V-component of atmospheric surface momentum flux,vtaua,32,
140103,U-component of surface momentum flux into ocean,utauo,32,
140104,V-component of surface momentum flux into ocean,vtauo,32,
140105,Wave turbulent energy flux into ocean,wphio,76,
140106,Wave directional width of first swell partition,wdw1,30,
140107,Wave frequency width of first swell partition,wfw1,23,
140108,Wave directional width of second swell partition,wdw2,30,
140109,Wave frequency width of second swell partition,wfw2,23,
140110,Wave directional width of third swell partition,wdw3,30,
140111,Wave frequency width of third swell partition,wfw3,23,
140112,Wave energy flux magnitude,wefxm,178,
140113,Wave energy flux mean direction,wefxd,92,
140114,Significant wave height of all waves with periods within the inclusive range from 10 to 12 seconds,h1012,4,
140115,Significant wave height of all waves with periods within the inclusive range from 12 to 14 seconds,h1214,4,
140116,Significant wave height of all waves with periods within the inclusive range from 14 to 17 seconds,h1417,4,
140117,Significant wave height of all waves with periods within the inclusive range from 17 to 21 seconds,h1721,4,
140118,Significant wave height of all waves with periods within the inclusive range from 21 to 25 seconds,h2125,4,
140119,Significant wave height of all waves with periods within the inclusive range from 25 to 30 seconds,h2530,4,
140120,Significant wave height of all waves with period larger than 10s,sh10,4,
140121,Significant wave height of first swell partition,swh1,4,
140122,Mean wave direction of first swell partition,mwd1,41,
140123,Mean wave period of first swell partition,mwp1,12,
140124,Significant wave height of second swell partition,swh2,4,
140125,Mean wave direction of second swell partition,mwd2,41,
140126,Mean wave period of second swell partition,mwp2,12,
140127,Significant wave height of third swell partition,swh3,4,
140128,Mean wave direction of third swell partition,mwd3,41,
140129,Mean wave period of third swell partition,mwp3,12,
140131,Time domain maximum individual crest height,tdcmax,4,
140132,Time domain maximum individual wave height,tdhmax,4,
140133,Space time maximum individual crest height,stcmax,4,
140134,Space time maximum individual wave height,sthmax,4,
140135,Peak wave period of wind waves,pp1dw,12,
140136,Peak wave period of total swell,pp1ds,12,
140137,Peak wave period of first swell partition,pp1d1,12,
140138,Peak wave period of second swell partition,pp1d2,12,
140139,Peak wave period of third swell partition,pp1d3,12,
140140,Peak wave direction (total),pwd,92,
140141,Peak wave direction of wind waves,pwdw,92,
140142,Peak wave direction of total swell,pwds,92,
140143,Peak wave direction of first swell partition,pwd1,92,
140144,Peak wave direction of second swell partition,pwd2,92,
140145,Peak wave direction of third swell partition,pwd3,92,
140146,Whitecap fraction,wcfr,168,
140147,Benjamin-Feir index 2D,bfi2d,106,
140148,Crest-trough correlation,ctc,106,
140149,X component of the wave radiative stress to sea ice,xwrs,32,
140150,Y component of the wave radiative stress to sea ice,ywrs,32,
140200,Maximum of significant wave height,maxswh,4,
140207,Wave Spectral Skewness,wss,106,
140208,Free convective velocity over the oceans,wstar,5,
140209,Air density over the oceans,rhoao,9,
140210,Mean square wave strain in sea ice,mswsi,7,
140211,Normalized energy flux into waves,phiaw,106,
140212,Normalized energy flux into ocean,phioc,106,
140213,Turbulent Langmuir number,tla,7,
140214,Normalized stress into ocean,tauoc,106,
140215,U-component surface stokes drift,ust,5,
140216,V-component surface stokes drift,vst,5,
140217,Period corresponding to maximum individual wave height,tmax,12,
140218,Envelop-maximum individual wave height,hmax,4,
140219,Model bathymetry,wmb,4,
140220,Mean wave period based on first moment,mp1,12,
140221,Mean zero-crossing wave period,mp2,12,
140222,Wave spectral directional width,wdw,30,
140223,Mean wave period based on first moment for wind waves,p1ww,12,
140224,Mean wave period based on second moment for wind waves,p2ww,12,
140225,Wave spectral directional width for wind waves,dwww,30,
140226,Mean wave period based on first moment for swell,p1ps,12,
140227,Mean wave period based on second moment for swell,p2ps,12,
140228,Wave spectral directional width for swell,dwps,30,
140229,Significant height of combined wind waves and swell,swh,4,
140230,Mean wave direction,mwd,92,
140231,Peak wave period,pp1d,12,
140232,Mean wave period,mwp,12,
140233,Coefficient of drag with waves,cdww,23,
140234,Significant height of wind waves,shww,4,
140235,Mean direction of wind waves,mdww,41,
140236,Mean period of wind waves,mpww,12,
140237,Significant height of total swell,shts,4,
140238,Mean direction of total swell,mdts,41,
140239,Mean period of total swell,mpts,12,
140240,Standard deviation wave height,sdhs,4,
140241,Mean of 10 metre wind speed,mu10,5,
140242,Mean wind direction,mdwi,41,
140243,Standard deviation of 10 metre wind speed,sdu,5,
140244,Mean square slope of waves,msqs,23,
140245,10 metre wind speed,wind,5,
140246,Altimeter wave height,awh,4,
140247,Altimeter corrected wave height,acwh,4,
140248,Altimeter range relative correction,arrc,7,
140249,10 metre wind direction,dwi,41,
140250,2D wave spectra (multiple),2dsp,42,
140251,2D wave spectra (single),2dfd,42,
140252,Wave spectral kurtosis,wsk,23,
140253,Benjamin-Feir index,bfi,23,
140254,Wave spectral peakedness,wsp,23,
140255,Indicates a missing value,~,7,
141098,Time-mean wave induced mean sea level correction,avg_weta,4,
141099,Time-mean ratio of wave angular and frequency width,avg_wraf,106,
141100,Time-mean number of events in freak waves statistics,avg_wnslc,106,
141101,Time-mean U-component of atmospheric surface momentum flux,avg_utaua,32,
141102,Time-mean V-component of atmospheric surface momentum flux,avg_vtaua,32,
141103,Time-mean U-component of surface momentum flux into ocean,avg_utauo,32,
141104,Time-mean V-component of surface momentum flux into ocean,avg_vtauo,32,
141105,Time-mean wave turbulent energy flux into ocean,avg_wphio,76,
141106,Time-mean wave directional width of first swell partition,avg_wdw1,30,
141107,Time-mean wave frequency width of first swell partition,avg_wfw1,23,
141108,Time-mean wave directional width of second swell partition,avg_wdw2,30,
141109,Time-mean wave frequency width of second swell partition,avg_wfw2,23,
141110,Time-mean wave directional width of third swell partition,avg_wdw3,30,
141111,Time-mean wave frequency width of third swell partition,avg_wfw3,23,
141112,Time-mean wave energy flux magnitude,avg_wefxm,178,
141113,Time-mean wave energy flux mean direction,avg_wefxd,92,
141114,Time-mean significant wave height of all waves with periods within the inclusive range from 10 to 12 seconds,avg_h1012,4,
141115,Time-mean significant wave height of all waves with periods within the inclusive range from 12 to 14 seconds,avg_h1214,4,
141116,Time-mean significant wave height of all waves with periods within the inclusive range from 14 to 17 seconds,avg_h1417,4,
141117,Time-mean significant wave height of all waves with periods within the inclusive range from 17 to 21 seconds,avg_h1721,4,
141118,Time-mean significant wave height of all waves with periods within the inclusive range from 21 to 25 seconds,avg_h2125,4,
141119,Time-mean significant wave height of all waves with periods within the inclusive range from 25 to 30 seconds,avg_h2530,4,
141120,Time-mean significant wave height of all waves with period larger than 10s,avg_sh10,4,
141121,Time-mean significant wave height of first swell partition,avg_swh1,4,
141122,Time-mean mean wave direction of first swell partition,avg_mwd1,41,
141123,Time-mean mean wave period of first swell partition,avg_mwp1,12,
141124,Time-mean significant wave height of second swell partition,avg_swh2,4,
141125,Time-mean mean wave direction of second swell partition,avg_mwd2,41,
141126,Time-mean mean wave period of second swell partition,avg_mwp2,12,
141127,Time-mean significant wave height of third swell partition,avg_swh3,4,
141128,Time-mean mean wave direction of third swell partition,avg_mwd3,41,
141129,Time-mean mean wave period of third swell partition,avg_mwp3,12,
141131,Time-mean time domain maximum individual crest height,avg_tdcmax,4,
141132,Time-mean time domain maximum individual wave height,avg_tdhmax,4,
141133,Time-mean space time maximum individual crest height,avg_stcmax,4,
141134,Time-mean space time maximum individual wave height,avg_sthmax,4,
141135,Time-mean peak wave period of wind waves,avg_pp1dw,12,
141136,Time-mean peak wave period of total swell,avg_pp1ds,12,
141137,Time-mean peak wave period of first swell partition,avg_pp1d1,12,
141138,Time-mean peak wave period of second swell partition,avg_pp1d2,12,
141139,Time-mean peak wave period of third swell partition,avg_pp1d3,12,
141140,Time-mean peak wave direction (total),avg_pwd,92,
141141,Time-mean peak wave direction of wind waves,avg_pwdw,92,
141142,Time-mean peak wave direction of total swell,avg_pwds,92,
141143,Time-mean peak wave direction of first swell partition,avg_pwd1,92,
141144,Time-mean peak wave direction of second swell partition,avg_pwd2,92,
141145,Time-mean peak wave direction of third swell partition,avg_pwd3,92,
141146,Time-mean whitecap fraction,avg_wcfr,168,
141147,Time-mean Benjamin-Feir index 2D,avg_bfi2d,106,
141148,Time-mean crest-trough correlation,avg_ctc,106,
141149,Time-mean X component of the wave radiative stress to sea ice,avg_xwrs,32,
141150,Time-mean Y component of the wave radiative stress to sea ice,avg_ywrs,32,
141207,Time-mean wave Spectral Skewness,avg_wss,106,
141208,Time-mean free convective velocity over the oceans,avg_wstar,5,
141209,Time-mean air density over the oceans,avg_rhoao,9,
141211,Time-mean normalized energy flux into waves,avg_phiaw,106,
141212,Time-mean normalized energy flux into ocean,avg_phioc,106,
141214,Time-mean normalized stress into ocean,avg_tauoc,106,
141215,Time-mean U-component surface stokes drift,avg_ust,5,
141216,Time-mean V-component surface stokes drift,avg_vst,5,
141217,Time-mean period corresponding to maximum individual wave height,avg_tmax,12,
141218,Time-mean envelop-maximum individual wave height,avg_hmax,4,
141220,Time-mean mean wave period based on first moment,avg_mp1,12,
141221,Time-mean mean zero-crossing wave period,avg_mp2,12,
141222,Time-mean wave spectral directional width,avg_wdw,30,
141223,Time-mean mean wave period based on first moment for wind waves,avg_p1ww,12,
141224,Time-mean mean wave period based on second moment for wind waves,avg_p2ww,12,
141225,Time-mean wave spectral directional width for wind waves,avg_dwww,30,
141226,Time-mean mean wave period based on first moment for swell,avg_p1ps,12,
141227,Time-mean mean wave period based on second moment for swell,avg_p2ps,12,
141228,Time-mean wave spectral directional width for swell,avg_dwps,30,
141229,Time-mean significant height of combined wind waves and swell,avg_swh,4,
141230,Time-mean mean wave direction,avg_mwd,92,
141231,Time-mean peak wave period,avg_pp1d,12,
141232,Time-mean mean wave period,avg_mwp,12,
141233,Time-mean coefficient of drag with waves,avg_cdww,23,
141234,Time-mean significant height of wind waves,avg_shww,4,
141235,Time-mean mean direction of wind waves,avg_mdww,41,
141236,Time-mean mean period of wind waves,avg_mpww,12,
141237,Time-mean significant height of total swell,avg_shts,4,
141238,Time-mean mean direction of total swell,avg_mdts,41,
141239,Time-mean mean period of total swell,avg_mpts,12,
141244,Time-mean mean square slope of waves,avg_msqs,23,
141245,Time-mean 10 metre wind speed,avg_wind,5,
141249,Time-mean 10 metre wind direction,avg_dwi,41,
141252,Time-mean wave spectral kurtosis,avg_wsk,23,
141253,Time-mean benjamin-Feir index,avg_bfi,23,
141254,Time-mean wave spectral peakedness,avg_wsp,23,
143098,Time-maximum wave induced mean sea level correction,max_weta,4,
143099,Time-maximum ratio of wave angular and frequency width,max_wraf,106,
143100,Time-maximum number of events in freak waves statistics,max_wnslc,106,
143101,Time-maximum U-component of atmospheric surface momentum flux,max_utaua,32,
143102,Time-maximum V-component of atmospheric surface momentum flux,max_vtaua,32,
143103,Time-maximum U-component of surface momentum flux into ocean,max_utauo,32,
143104,Time-maximum V-component of surface momentum flux into ocean,max_vtauo,32,
143105,Time-maximum wave turbulent energy flux into ocean,max_wphio,76,
143106,Time-maximum wave directional width of first swell partition,max_wdw1,30,
143107,Time-maximum wave frequency width of first swell partition,max_wfw1,23,
143108,Time-maximum wave directional width of second swell partition,max_wdw2,30,
143109,Time-maximum wave frequency width of second swell partition,max_wfw2,23,
143110,Time-maximum wave directional width of third swell partition,max_wdw3,30,
143111,Time-maximum wave frequency width of third swell partition,max_wfw3,23,
143112,Time-maximum wave energy flux magnitude,max_wefxm,178,
143113,Time-maximum wave energy flux mean direction,max_wefxd,92,
143114,Time-maximum significant wave height of all waves with periods within the inclusive range from 10 to 12 seconds,max_h1012,4,
143115,Time-maximum significant wave height of all waves with periods within the inclusive range from 12 to 14 seconds,max_h1214,4,
143116,Time-maximum significant wave height of all waves with periods within the inclusive range from 14 to 17 seconds,max_h1417,4,
143117,Time-maximum significant wave height of all waves with periods within the inclusive range from 17 to 21 seconds,max_h1721,4,
143118,Time-maximum significant wave height of all waves with periods within the inclusive range from 21 to 25 seconds,max_h2125,4,
143119,Time-maximum significant wave height of all waves with periods within the inclusive range from 25 to 30 seconds,max_h2530,4,
143120,Time-maximum significant wave height of all waves with period larger than 10s,max_sh10,4,
143121,Time-maximum significant wave height of first swell partition,max_swh1,4,
143122,Time-maximum mean wave direction of first swell partition,max_mwd1,41,
143123,Time-maximum mean wave period of first swell partition,max_mwp1,12,
143124,Time-maximum significant wave height of second swell partition,max_swh2,4,
143125,Time-maximum mean wave direction of second swell partition,max_mwd2,41,
143126,Time-maximum mean wave period of second swell partition,max_mwp2,12,
143127,Time-maximum significant wave height of third swell partition,max_swh3,4,
143128,Time-maximum mean wave direction of third swell partition,max_mwd3,41,
143129,Time-maximum mean wave period of third swell partition,max_mwp3,12,
143131,Time-maximum time domain maximum individual crest height,max_tdcmax,4,
143132,Time-maximum time domain maximum individual wave height,max_tdhmax,4,
143133,Time-maximum space time maximum individual crest height,max_stcmax,4,
143134,Time-maximum space time maximum individual wave height,max_sthmax,4,
143135,Time-maximum peak wave period of wind waves,max_pp1dw,12,
143136,Time-maximum peak wave period of total swell,max_pp1ds,12,
143137,Time-maximum peak wave period of first swell partition,max_pp1d1,12,
143138,Time-maximum peak wave period of second swell partition,max_pp1d2,12,
143139,Time-maximum peak wave period of third swell partition,max_pp1d3,12,
143140,Time-maximum peak wave direction (total),max_pwd,92,
143141,Time-maximum peak wave direction of wind waves,max_pwdw,92,
143142,Time-maximum peak wave direction of total swell,max_pwds,92,
143143,Time-maximum peak wave direction of first swell partition,max_pwd1,92,
143144,Time-maximum peak wave direction of second swell partition,max_pwd2,92,
143145,Time-maximum peak wave direction of third swell partition,max_pwd3,92,
143146,Time-maximum whitecap fraction,max_wcfr,168,
143147,Time-maximum Benjamin-Feir index 2D,max_bfi2d,106,
143148,Time-maximum crest-trough correlation,max_ctc,106,
143149,Time-maximum X component of the wave radiative stress to sea ice,max_xwrs,32,
143150,Time-maximum Y component of the wave radiative stress to sea ice,max_ywrs,32,
143207,Time-maximum wave Spectral Skewness,max_wss,106,
143208,Time-maximum free convective velocity over the oceans,max_wstar,5,
143209,Time-maximum air density over the oceans,max_rhoao,9,
143211,Time-maximum normalized energy flux into waves,max_phiaw,106,
143212,Time-maximum normalized energy flux into ocean,max_phioc,106,
143214,Time-maximum normalized stress into ocean,max_tauoc,106,
143215,Time-maximum U-component surface stokes drift,max_ust,5,
143216,Time-maximum V-component surface stokes drift,max_vst,5,
143217,Time-maximum period corresponding to maximum individual wave height,max_tmax,12,
143218,Time-maximum envelop-maximum individual wave height,max_hmax,4,
143220,Time-maximum mean wave period based on first moment,max_mp1,12,
143221,Time-maximum mean zero-crossing wave period,max_mp2,12,
143222,Time-maximum wave spectral directional width,max_wdw,30,
143223,Time-maximum mean wave period based on first moment for wind waves,max_p1ww,12,
143224,Time-maximum mean wave period based on second moment for wind waves,max_p2ww,12,
143225,Time-maximum wave spectral directional width for wind waves,max_dwww,30,
143226,Time-maximum mean wave period based on first moment for swell,max_p1ps,12,
143227,Time-maximum mean wave period based on second moment for swell,max_p2ps,12,
143228,Time-maximum wave spectral directional width for swell,max_dwps,30,
143229,Time-maximum significant height of combined wind waves and swell,max_swh,4,
143230,Time-maximum mean wave direction,max_mwd,92,
143231,Time-maximum peak wave period,max_pp1d,12,
143232,Time-maximum mean wave period,max_mwp,12,
143233,Time-maximum coefficient of drag with waves,max_cdww,23,
143234,Time-maximum significant height of wind waves,max_shww,4,
143235,Time-maximum mean direction of wind waves,max_mdww,41,
143236,Time-maximum mean period of wind waves,max_mpww,12,
143237,Time-maximum significant height of total swell,max_shts,4,
143238,Time-maximum mean direction of total swell,max_mdts,41,
143239,Time-maximum mean period of total swell,max_mpts,12,
143244,Time-maximum mean square slope of waves,max_msqs,23,
143245,Time-maximum 10 metre wind speed,max_wind,5,
143249,Time-maximum 10 metre wind direction,max_dwi,41,
143252,Time-maximum wave spectral kurtosis,max_wsk,23,
143253,Time-maximum benjamin-Feir index,max_bfi,23,
143254,Time-maximum wave spectral peakedness,max_wsp,23,
144098,Time-minimum wave induced mean sea level correction,min_weta,4,
144099,Time-minimum ratio of wave angular and frequency width,min_wraf,106,
144100,Time-minimum number of events in freak waves statistics,min_wnslc,106,
144101,Time-minimum U-component of atmospheric surface momentum flux,min_utaua,32,
144102,Time-minimum V-component of atmospheric surface momentum flux,min_vtaua,32,
144103,Time-minimum U-component of surface momentum flux into ocean,min_utauo,32,
144104,Time-minimum V-component of surface momentum flux into ocean,min_vtauo,32,
144105,Time-minimum wave turbulent energy flux into ocean,min_wphio,76,
144106,Time-minimum wave directional width of first swell partition,min_wdw1,30,
144107,Time-minimum wave frequency width of first swell partition,min_wfw1,23,
144108,Time-minimum wave directional width of second swell partition,min_wdw2,30,
144109,Time-minimum wave frequency width of second swell partition,min_wfw2,23,
144110,Time-minimum wave directional width of third swell partition,min_wdw3,30,
144111,Time-minimum wave frequency width of third swell partition,min_wfw3,23,
144112,Time-minimum wave energy flux magnitude,min_wefxm,178,
144113,Time-minimum wave energy flux mean direction,min_wefxd,92,
144114,Time-minimum significant wave height of all waves with periods within the inclusive range from 10 to 12 seconds,min_h1012,4,
144115,Time-minimum significant wave height of all waves with periods within the inclusive range from 12 to 14 seconds,min_h1214,4,
144116,Time-minimum significant wave height of all waves with periods within the inclusive range from 14 to 17 seconds,min_h1417,4,
144117,Time-minimum significant wave height of all waves with periods within the inclusive range from 17 to 21 seconds,min_h1721,4,
144118,Time-minimum significant wave height of all waves with periods within the inclusive range from 21 to 25 seconds,min_h2125,4,
144119,Time-minimum significant wave height of all waves with periods within the inclusive range from 25 to 30 seconds,min_h2530,4,
144120,Time-minimum significant wave height of all waves with period larger than 10s,min_sh10,4,
144121,Time-minimum significant wave height of first swell partition,min_swh1,4,
144122,Time-minimum mean wave direction of first swell partition,min_mwd1,41,
144123,Time-minimum mean wave period of first swell partition,min_mwp1,12,
144124,Time-minimum significant wave height of second swell partition,min_swh2,4,
144125,Time-minimum mean wave direction of second swell partition,min_mwd2,41,
144126,Time-minimum mean wave period of second swell partition,min_mwp2,12,
144127,Time-minimum significant wave height of third swell partition,min_swh3,4,
144128,Time-minimum mean wave direction of third swell partition,min_mwd3,41,
144129,Time-minimum mean wave period of third swell partition,min_mwp3,12,
144131,Time-minimum time domain maximum individual crest height,min_tdcmax,4,
144132,Time-minimum time domain maximum individual wave height,min_tdhmax,4,
144133,Time-minimum space time maximum individual crest height,min_stcmax,4,
144134,Time-minimum space time maximum individual wave height,min_sthmax,4,
144135,Time-minimum peak wave period of wind waves,min_pp1dw,12,
144136,Time-minimum peak wave period of total swell,min_pp1ds,12,
144137,Time-minimum peak wave period of first swell partition,min_pp1d1,12,
144138,Time-minimum peak wave period of second swell partition,min_pp1d2,12,
144139,Time-minimum peak wave period of third swell partition,min_pp1d3,12,
144140,Time-minimum peak wave direction (total),min_pwd,92,
144141,Time-minimum peak wave direction of wind waves,min_pwdw,92,
144142,Time-minimum peak wave direction of total swell,min_pwds,92,
144143,Time-minimum peak wave direction of first swell partition,min_pwd1,92,
144144,Time-minimum peak wave direction of second swell partition,min_pwd2,92,
144145,Time-minimum peak wave direction of third swell partition,min_pwd3,92,
144146,Time-minimum whitecap fraction,min_wcfr,168,
144147,Time-minimum Benjamin-Feir index 2D,min_bfi2d,106,
144148,Time-minimum crest-trough correlation,min_ctc,106,
144149,Time-minimum X component of the wave radiative stress to sea ice,min_xwrs,32,
144150,Time-minimum Y component of the wave radiative stress to sea ice,min_ywrs,32,
144207,Time-minimum wave Spectral Skewness,min_wss,106,
144208,Time-minimum free convective velocity over the oceans,min_wstar,5,
144209,Time-minimum air density over the oceans,min_rhoao,9,
144211,Time-minimum normalized energy flux into waves,min_phiaw,106,
144212,Time-minimum normalized energy flux into ocean,min_phioc,106,
144214,Time-minimum normalized stress into ocean,min_tauoc,106,
144215,Time-minimum U-component surface stokes drift,min_ust,5,
144216,Time-minimum V-component surface stokes drift,min_vst,5,
144217,Time-minimum period corresponding to maximum individual wave height,min_tmax,12,
144218,Time-minimum envelop-maximum individual wave height,min_hmax,4,
144220,Time-minimum mean wave period based on first moment,min_mp1,12,
144221,Time-minimum mean zero-crossing wave period,min_mp2,12,
144222,Time-minimum wave spectral directional width,min_wdw,30,
144223,Time-minimum mean wave period based on first moment for wind waves,min_p1ww,12,
144224,Time-minimum mean wave period based on second moment for wind waves,min_p2ww,12,
144225,Time-minimum wave spectral directional width for wind waves,min_dwww,30,
144226,Time-minimum mean wave period based on first moment for swell,min_p1ps,12,
144227,Time-minimum mean wave period based on second moment for swell,min_p2ps,12,
144228,Time-minimum wave spectral directional width for swell,min_dwps,30,
144229,Time-minimum significant height of combined wind waves and swell,min_swh,4,
144230,Time-minimum mean wave direction,min_mwd,92,
144231,Time-minimum peak wave period,min_pp1d,12,
144232,Time-minimum mean wave period,min_mwp,12,
144233,Time-minimum coefficient of drag with waves,min_cdww,23,
144234,Time-minimum significant height of wind waves,min_shww,4,
144235,Time-minimum mean direction of wind waves,min_mdww,41,
144236,Time-minimum mean period of wind waves,min_mpww,12,
144237,Time-minimum significant height of total swell,min_shts,4,
144238,Time-minimum mean direction of total swell,min_mdts,41,
144239,Time-minimum mean period of total swell,min_mpts,12,
144244,Time-minimum mean square slope of waves,min_msqs,23,
144245,Time-minimum 10 metre wind speed,min_wind,5,
144249,Time-minimum 10 metre wind direction,min_dwi,41,
144252,Time-minimum wave spectral kurtosis,min_wsk,23,
144253,Time-minimum benjamin-Feir index,min_bfi,23,
144254,Time-minimum wave spectral peakedness,min_wsp,23,
145098,Time-standard-deviation wave induced mean sea level correction,std_weta,4,
145099,Time-standard-deviation ratio of wave angular and frequency width,std_wraf,106,
145100,Time-standard-deviation number of events in freak waves statistics,std_wnslc,106,
145101,Time-standard-deviation U-component of atmospheric surface momentum flux,std_utaua,32,
145102,Time-standard-deviation V-component of atmospheric surface momentum flux,std_vtaua,32,
145103,Time-standard-deviation U-component of surface momentum flux into ocean,std_utauo,32,
145104,Time-standard-deviation V-component of surface momentum flux into ocean,std_vtauo,32,
145105,Time-standard-deviation wave turbulent energy flux into ocean,std_wphio,76,
145106,Time-standard-deviation wave directional width of first swell partition,std_wdw1,30,
145107,Time-standard-deviation wave frequency width of first swell partition,std_wfw1,23,
145108,Time-standard-deviation wave directional width of second swell partition,std_wdw2,30,
145109,Time-standard-deviation wave frequency width of second swell partition,std_wfw2,23,
145110,Time-standard-deviation wave directional width of third swell partition,std_wdw3,30,
145111,Time-standard-deviation wave frequency width of third swell partition,std_wfw3,23,
145112,Time-standard-deviation wave energy flux magnitude,std_wefxm,178,
145113,Time-standard-deviation wave energy flux mean direction,std_wefxd,92,
145114,Time-standard-deviation significant wave height of all waves with periods within the inclusive range from 10 to 12 seconds,std_h1012,4,
145115,Time-standard-deviation significant wave height of all waves with periods within the inclusive range from 12 to 14 seconds,std_h1214,4,
145116,Time-standard-deviation significant wave height of all waves with periods within the inclusive range from 14 to 17 seconds,std_h1417,4,
145117,Time-standard-deviation significant wave height of all waves with periods within the inclusive range from 17 to 21 seconds,std_h1721,4,
145118,Time-standard-deviation significant wave height of all waves with periods within the inclusive range from 21 to 25 seconds,std_h2125,4,
145119,Time-standard-deviation significant wave height of all waves with periods within the inclusive range from 25 to 30 seconds,std_h2530,4,
145120,Time-standard-deviation significant wave height of all waves with period larger than 10s,std_sh10,4,
145121,Time-standard-deviation significant wave height of first swell partition,std_swh1,4,
145122,Time-standard-deviation mean wave direction of first swell partition,std_mwd1,41,
145123,Time-standard-deviation mean wave period of first swell partition,std_mwp1,12,
145124,Time-standard-deviation significant wave height of second swell partition,std_swh2,4,
145125,Time-standard-deviation mean wave direction of second swell partition,std_mwd2,41,
145126,Time-standard-deviation mean wave period of second swell partition,std_mwp2,12,
145127,Time-standard-deviation significant wave height of third swell partition,std_swh3,4,
145128,Time-standard-deviation mean wave direction of third swell partition,std_mwd3,41,
145129,Time-standard-deviation mean wave period of third swell partition,std_mwp3,12,
145131,Time-standard-deviation time domain maximum individual crest height,std_tdcmax,4,
145132,Time-standard-deviation time domain maximum individual wave height,std_tdhmax,4,
145133,Time-standard-deviation space time maximum individual crest height,std_stcmax,4,
145134,Time-standard-deviation space time maximum individual wave height,std_sthmax,4,
145135,Time-standard-deviation peak wave period of wind waves,std_pp1dw,12,
145136,Time-standard-deviation peak wave period of total swell,std_pp1ds,12,
145137,Time-standard-deviation peak wave period of first swell partition,std_pp1d1,12,
145138,Time-standard-deviation peak wave period of second swell partition,std_pp1d2,12,
145139,Time-standard-deviation peak wave period of third swell partition,std_pp1d3,12,
145140,Time-standard-deviation peak wave direction (total),std_pwd,92,
145141,Time-standard-deviation peak wave direction of wind waves,std_pwdw,92,
145142,Time-standard-deviation peak wave direction of total swell,std_pwds,92,
145143,Time-standard-deviation peak wave direction of first swell partition,std_pwd1,92,
145144,Time-standard-deviation peak wave direction of second swell partition,std_pwd2,92,
145145,Time-standard-deviation peak wave direction of third swell partition,std_pwd3,92,
145146,Time-standard-deviation whitecap fraction,std_wcfr,168,
145147,Time-standard-deviation Benjamin-Feir index 2D,std_bfi2d,106,
145148,Time-standard-deviation crest-trough correlation,std_ctc,106,
145149,Time-standard-deviation X component of the wave radiative stress to sea ice,std_xwrs,32,
145150,Time-standard-deviation Y component of the wave radiative stress to sea ice,std_ywrs,32,
145207,Time-standard-deviation wave Spectral Skewness,std_wss,106,
145208,Time-standard-deviation free convective velocity over the oceans,std_wstar,5,
145209,Time-standard-deviation air density over the oceans,std_rhoao,9,
145211,Time-standard-deviation normalized energy flux into waves,std_phiaw,106,
145212,Time-standard-deviation normalized energy flux into ocean,std_phioc,106,
145214,Time-standard-deviation normalized stress into ocean,std_tauoc,106,
145215,Time-standard-deviation U-component surface stokes drift,std_ust,5,
145216,Time-standard-deviation V-component surface stokes drift,std_vst,5,
145217,Time-standard-deviation period corresponding to maximum individual wave height,std_tmax,12,
145218,Time-standard-deviation envelop-maximum individual wave height,std_hmax,4,
145220,Time-standard-deviation mean wave period based on first moment,std_mp1,12,
145221,Time-standard-deviation mean zero-crossing wave period,std_mp2,12,
145222,Time-standard-deviation wave spectral directional width,std_wdw,30,
145223,Time-standard-deviation mean wave period based on first moment for wind waves,std_p1ww,12,
145224,Time-standard-deviation mean wave period based on second moment for wind waves,std_p2ww,12,
145225,Time-standard-deviation wave spectral directional width for wind waves,std_dwww,30,
145226,Time-standard-deviation mean wave period based on first moment for swell,std_p1ps,12,
145227,Time-standard-deviation mean wave period based on second moment for swell,std_p2ps,12,
145228,Time-standard-deviation wave spectral directional width for swell,std_dwps,30,
145229,Time-standard-deviation significant height of combined wind waves and swell,std_swh,4,
145230,Time-standard-deviation mean wave direction,std_mwd,92,
145231,Time-standard-deviation peak wave period,std_pp1d,12,
145232,Time-standard-deviation mean wave period,std_mwp,12,
145233,Time-standard-deviation coefficient of drag with waves,std_cdww,23,
145234,Time-standard-deviation significant height of wind waves,std_shww,4,
145235,Time-standard-deviation mean direction of wind waves,std_mdww,41,
145236,Time-standard-deviation mean period of wind waves,std_mpww,12,
145237,Time-standard-deviation significant height of total swell,std_shts,4,
145238,Time-standard-deviation mean direction of total swell,std_mdts,41,
145239,Time-standard-deviation mean period of total swell,std_mpts,12,
145244,Time-standard-deviation mean square slope of waves,std_msqs,23,
145245,Time-standard-deviation 10 metre wind speed,std_wind,5,
145249,Time-standard-deviation 10 metre wind direction,std_dwi,41,
145252,Time-standard-deviation wave spectral kurtosis,std_wsk,23,
145253,Time-standard-deviation benjamin-Feir index,std_bfi,23,
145254,Time-standard-deviation wave spectral peakedness,std_wsp,23,
150129,Ocean potential temperature,ocpt,43,
150130,Ocean salinity,ocs,44,
150131,Ocean potential density,ocpd,45,
150133,Ocean U wind component,~,5,
150134,Ocean V wind component,~,5,
150135,Ocean W wind component,ocw,5,
150137,Richardson number,rn,7,
150139,U*V product,uv,46,
150140,U*T product,ut,47,
150141,V*T product,vt,47,
150142,U*U product,uu,46,
150143,V*V product,vv,46,
150144,UV - U~V~,~,46,
150145,UT - U~T~,~,47,
150146,VT - V~T~,~,47,
150147,UU - U~U~,~,46,
150148,VV - V~V~,~,46,
150152,Sea level,sl,4,
150153,Barotropic stream function,~,7,
150154,Mixed layer depth,mld,4,
150155,Depth,~,4,
150168,U stress,~,16,
150169,V stress,~,16,
150170,Turbulent kinetic energy input,~,7,
150171,Net surface heat flux,nsf,7,
150172,Surface solar radiation,~,7,
150173,P-E,~,7,
150180,Diagnosed sea surface temperature error,~,43,
150181,Heat flux correction,~,6,
150182,Observed sea surface temperature,~,43,
150183,Observed heat flux,~,6,
150255,Indicates a missing value,~,7,
151126,Mean sea water potential temperature in the upper 300 m,mswpt300m,2,
151127,Mean sea water temperature in the upper 300 m,mswt300m,2,
151128,In situ Temperature,~,43,
151129,Sea water potential temperature,thetao,43,
151130,Sea water practical salinity,so,44,
151131,Eastward surface sea water velocity,ocu,5,
151132,Northward surface sea water velocity,ocv,5,
151133,Upward sea water velocity,wo,5,
151134,Modulus of strain rate tensor,mst,8,
151135,Vertical viscosity,vvs,1,
151136,Vertical diffusivity,vdf,1,
151137,Bottom level Depth,dep,4,
151138,Sea water sigma theta,sigmat,9,
151139,Richardson number,rn,7,
151140,UV product,uv,15,
151141,UT product,ut,48,
151142,VT product,vt,47,
151143,UU product,uu,15,
151144,VV product,vv,15,
151145,Sea surface height,zos,4,
151146,Sea level previous timestep,sl_1,4,
151147,Ocean barotropic stream function,stfbarot,49,
151148,Mixed layer depth,mld,4,
151149,Bottom Pressure (equivalent height),btp,4,
151150,Steric height,sh,4,
151151,Curl of Wind Stress,crl,50,
151152,Divergence of wind stress,~,51,
151153,Surface downward eastward stress,taueo,32,
151154,Surface downward northward stress,tauno,32,
151155,Turbulent kinetic energy input,tki,6,
151156,Net surface heat flux,nsf,6,
151157,Absorbed solar radiation,asr,6,
151158,Precipitation - evaporation,pme,5,
151159,Specified sea surface temperature,sst,43,
151160,Specified surface heat flux,shf,6,
151161,Diagnosed sea surface temperature error,dte,43,
151162,Heat flux correction,hfc,6,
151163,Depth of 20C isotherm,t20d,4,
151164,Average potential temperature in the upper 300m,tav300,52,
151165,Vertically integrated zonal velocity (previous time step),uba1,1,
151166,Vertically Integrated meridional velocity (previous time step),vba1,1,
151167,Vertically integrated zonal volume transport,ztr,1,
151168,Vertically integrated meridional volume transport,mtr,1,
151169,Vertically integrated zonal heat transport,zht,53,
151170,Vertically integrated meridional heat transport,mht,53,
151171,U velocity maximum,umax,5,
151172,Depth of the velocity maximum,dumax,4,
151173,Salinity maximum,smax,44,
151174,Depth of salinity maximum,dsmax,4,
151175,Average sea water practical salinity in the upper 300m,sav300,44,
151176,Layer Thickness at scalar points,ldp,4,
151177,Layer Thickness at vector points,ldu,4,
151178,Potential temperature increment,pti,43,
151179,Potential temperature analysis error,ptae,43,
151180,Background potential temperature,bpt,43,
151181,Analysed potential temperature,apt,43,
151182,Potential temperature background error,ptbe,43,
151183,Analysed salinity,as,44,
151184,Salinity increment,sali,44,
151185,Estimated Bias in Temperature,ebt,43,
151186,Estimated Bias in Salinity,ebs,44,
151187,Zonal Velocity increment (from balance operator),uvi,54,
151188,Meridional Velocity increment (from balance operator),vvi,7,
151189,Sea surface temperature in degC,tos,43,
151190,Salinity increment (from salinity data),subi,55,
151191,Salinity analysis error,sale,44,
151192,Background Salinity,bsal,44,
151193,Reserved,~,7,
151194,Salinity background error,salbe,44,
151199,Estimated temperature bias from assimilation,ebta,43,
151200,Estimated salinity bias from assimilation,ebsa,44,
151201,Temperature increment from relaxation term,lti,56,
151202,Salinity increment from relaxation term,lsi,7,
151203,Bias in the zonal pressure gradient (applied),bzpga,57,
151204,Bias in the meridional pressure gradient (applied),bmpga,57,
151205,Estimated temperature bias from relaxation,ebtl,43,
151206,Estimated salinity bias from relaxation,ebsl,44,
151207,First guess bias in temperature,fgbt,43,
151208,First guess bias in salinity,fgbs,44,
151209,Applied bias in pressure,bpa,16,
151210,FG bias in pressure,fgbp,16,
151211,Bias in temperature(applied),pta,43,
151212,Bias in salinity (applied),psa,44,
151213,Surface downward heat flux in sea water,hfds,76,
151214,Ocean heat content 0-300m,hc300m,6,
151219,Sea surface practical salinity,sos,44,
151222,Surface downward y stress,tauvo,32,
151223,Surface downward x stress,tauuo,32,
151224,Ocean mixed layer thickness defined by vertical tracer diffusivity threshold,mlotdev,4,
151225,Ocean mixed layer thickness defined by sigma theta 0.01 kg/m3,mlotst010,4,
151228,Ocean mixed layer thickness defined by temperature 0.2C,mlott02,4,
151235,Integrated salinity 0-300m,sc300m,216,
151250,Sea water y velocity,voy,5,
151251,Sea water x velocity,uox,5,
151255,Indicates a missing value,~,7,
160049,10 metre wind gust during averaging time,10fgrea,5,
160135,vertical velocity (pressure),wrea,26,
160137,Precipitable water content,pwcrea,22,
160140,Soil wetness level 1,swl1rea,4,
160141,Snow depth,sdrea,22,
160142,Large-scale precipitation,lsprea,33,
160143,Convective precipitation,cprea,33,
160144,Snowfall,sfrea,33,
160156,Height,ghrea,4,
160157,Relative humidity,rrea,3,
160171,Soil wetness level 2,swl2rea,4,
160180,East-West surface stress,ewssrea,58,
160181,North-South surface stress,nsssrea,58,
160182,Evaporation,erea,33,
160184,Soil wetness level 3,swl3rea,4,
160198,Skin reservoir content,srcon,22,
160199,Percentage of vegetation,vegrea,29,
160205,Runoff,rorea,33,
160207,Covariance of temperature and geopotential,tzrea,59,
160209,Covariance of specific humidity and geopotential,qzrea,15,
160210,Covariance of specific humidity and temperature,qtrea,2,
160212,Covariance of U component and geopotential,uzrea,60,
160213,Covariance of U component and temperature,utrea,61,
160214,Covariance of U component and specific humidity,uqrea,5,
160216,Covariance of V component and geopotential,vzrea,60,
160217,Covariance of V component and temperature,vtrea,61,
160218,Covariance of V component and specific humidity,vqrea,5,
160219,Covariance of V component and U component,vurea,15,
160221,Covariance of W component and geopotential,wzrea,62,
160222,Covariance of W component and temperature,wtrea,63,
160223,Covariance of W component and specific humidity,wqrea,26,
160224,Covariance of W component and U component,wurea,64,
160225,Covariance of W component and V component,wvrea,64,
160231,Instantaneous surface heat flux,ishfrea,6,
160239,Convective snowfall,csfrea,33,
160240,Large scale snowfall,lsfrea,33,
160241,Cloud liquid water content,clwcerrea,21,
160242,Cloud cover,ccrea,3,
160243,Forecast albedo,falrea,7,
160246,10 metre wind speed,10wsrea,5,
160247,Momentum flux,moflrea,32,
160249,Gravity wave dissipation flux,~,6,
160254,Heaviside beta function,hsdrea,3,
162031,Total column vertically-integrated divergence of water geopotential flux,viwgd,76,
162032,Total column vertically-integrated eastward enthalpy flux,viee,178,
162033,Total column vertically-integrated northward enthalpy flux,vien,178,
162034,Total column vertically-integrated divergence of enthalpy flux,vied,76,
162035,Total column vertically-integrated divergence of water enthalpy flux,viwed,76,
162036,Total column vertically-integrated divergence of water vapour flux,viwvd,33,
162037,Total column vertically-integrated divergence of cloud liquid water flux,viclwd,33,
162038,Total column vertically-integrated divergence of cloud ice water flux,viciwd,33,
162039,Total column vertically-integrated divergence of rain flux,vird,33,
162040,Total column vertically-integrated divergence of snow flux,visd,33,
162041,Total column vertically-integrated eastward cloud liquid water flux,viclwe,66,
162042,Total column vertically-integrated northward cloud liquid water flux,viclwn,66,
162043,Total column vertically-integrated eastward cloud ice water flux,viciwe,66,
162044,Total column vertically-integrated northward cloud ice water flux,viciwn,66,
162045,Water vapour flux,wvf,66,
162046,Total column vertically-integrated eastward rain flux,vire,66,
162047,Total column vertically-integrated northward rain flux,virn,66,
162048,Total column vertically-integrated eastward snow flux,vise,66,
162049,Total column vertically-integrated northward snow flux,visn,66,
162050,Total column vertically-integrated net source of ozone,vions,33,
162051,Surface geopotential,~,15,
162053,Total column vertically-integrated mass of atmosphere,vima,22,
162054,Total column vertically-integrated temperature,vit,65,
162055,Total column vertically-integrated water vapour,viwv,22,
162056,Total column vertically-integrated cloud liquid water,vilw,22,
162057,Total column vertically-integrated cloud frozen water,viiw,22,
162058,Total column vertically-integrated ozone,vioz,22,
162059,Total column vertically-integrated kinetic energy,vike,6,
162060,Total column vertically-integrated enthalpy,vithe,6,
162061,Total column vertically-integrated potential + internal energy,vipie,6,
162062,Total column vertically-integrated potential+internal+latent energy,vipile,6,
162063,Total column vertically-integrated total energy,vitoe,6,
162064,Total column vertically-integrated energy conversion,viec,76,
162065,Total column vertically-integrated eastward mass flux,vimae,66,
162066,Total column vertically-integrated northward mass flux,viman,66,
162067,Total column vertically-integrated eastward kinetic energy flux,vikee,178,
162068,Total column vertically-integrated northward kinetic energy flux,viken,178,
162069,Total column vertically-integrated eastward heat flux,vithee,178,
162070,Total column vertically-integrated northward heat flux,vithen,178,
162071,Total column vertically-integrated eastward water vapour flux,viwve,66,
162072,Total column vertically-integrated northward water vapour flux,viwvn,66,
162073,Total column vertically-integrated eastward geopotential flux,vige,178,
162074,Total column vertically-integrated northward geopotential flux,vign,178,
162075,Total column vertically-integrated eastward total energy flux,vitee,178,
162076,Total column vertically-integrated northward total energy flux,viten,178,
162077,Total column vertically-integrated eastward ozone flux,vioze,66,
162078,Total column vertically-integrated northward ozone flux,viozn,66,
162079,Total column vertically-integrated divergence of cloud liquid water flux,vilwd,33,
162080,Total column vertically-integrated divergence of cloud frozen water flux,viiwd,33,
162081,Total column vertically-integrated divergence of mass flux,vimad,33,
162082,Total column vertically-integrated divergence of kinetic energy flux,viked,76,
162083,Total column vertically-integrated divergence of thermal energy flux,vithed,76,
162084,Total column vertically-integrated moisture divergence flux,vimdf,33,
162085,Total column vertically-integrated divergence of geopotential flux,vigd,76,
162086,Total column vertically-integrated divergence of total energy flux,vited,76,
162087,Total column vertically-integrated divergence of ozone flux,viozd,33,
162088,Total column vertically-integrated eastward cloud liquid water flux,vilwe,66,
162089,Total column vertically-integrated northward cloud liquid water flux,vilwn,66,
162090,Total column vertically-integrated eastward cloud frozen water flux,viiwe,66,
162091,Total column vertically-integrated northward cloud frozen water flux ,viiwn,66,
162092,Total column vertically-integrated mass tendency,vimat,33,
162093,Total column vertically-integrated water enthalpy,viwe,6,
162100,Time-integrated temperature tendency due to short-wave radiation,srta,2,
162101,Time-integrated temperature tendency due to long-wave radiation,trta,2,
162102,"Time-integrated temperature tendency due to short wave radiation, clear sky",srtca,2,
162103,"Time-integrated temperature tendency due to long-wave radiation, clear sky",trtca,2,
162104,Time-integrated updraught mass flux,umfa,22,
162105,Time-integrated downdraught mass flux,dmfa,22,
162106,Time-integrated updraught detrainment rate,udra,9,
162107,Time-integrated downdraught detrainment rate,ddra,9,
162108,Time-integrated total precipitation flux,tpfa,22,
162109,Time-integrated turbulent diffusion coefficient for heat,tdcha,31,
162110,Time-integrated temperature tendency due to parametrisations,ttpha,2,
162111,Time-integrated specific humidity tendency due to parametrisations,qtpha,21,
162112,Time-integrated eastward wind tendency due to parametrisations,utpha,5,
162113,Time-integrated northward wind tendency due to parametrisations,vtpha,5,
162114,U-tendency from dynamics,utendd,5,
162115,V-tendency from dynamics,vtendd,5,
162116,T-tendency from dynamics,ttendd,2,
162117,q-tendency from dynamics,qtendd,21,
162118,T-tendency from radiation,ttendr,2,
162119,U-tendency from turbulent diffusion + subgrid orography,utendts,5,
162120,V-tendency from turbulent diffusion + subgrid orography,vtendts,5,
162121,T-tendency from turbulent diffusion + subgrid orography,ttendts,2,
162122,q-tendency from turbulent diffusion,qtendt,21,
162123,U-tendency from subgrid orography,utends,5,
162124,V-tendency from subgrid orography,vtends,5,
162125,T-tendency from subgrid orography,ttends,2,
162126,U-tendency from convection (deep+shallow),utendcds,5,
162127,V-tendency from convection (deep+shallow),vtendcds,5,
162128,T-tendency from convection (deep+shallow),ttendcds,2,
162129,q-tendency from convection (deep+shallow),qtendcds,21,
162130,Liquid Precipitation flux from convection,lpc,22,
162131,Ice Precipitation flux from convection,ipc,22,
162132,T-tendency from cloud scheme,ttendcs,2,
162133,q-tendency from cloud scheme,qtendcs,21,
162134,ql-tendency from cloud scheme,qltendcs,21,
162135,qi-tendency from cloud scheme,qitendcs,21,
162136,Liquid Precip flux from cloud scheme (stratiform),lpcs,22,
162137,Ice Precip flux from cloud scheme (stratiform),ipcs,22,
162138,U-tendency from shallow convection,utendcs,5,
162139,V-tendency from shallow convection,vtendcs,5,
162140,T-tendency from shallow convection,ttendsc,2,
162141,q-tendency from shallow convection,qtendsc,21,
162150,Temperature tendency due to short-wave radiation,ttswr,37,
162151,Temperature tendency due to long-wave radiation,ttlwr,37,
162152,"Temperature tendency due to short-wave radiation, clear sky",ttswrcs,37,
162153,"Temperature tendency due to long-wave radiation, clear sky",ttlwrcs,37,
162154,Updraught mass flux,umf,33,
162155,Downdraught mass flux,dmf,33,
162156,Updraught detrainment rate,udr,215,
162157,Downdraught detrainment rate,ddr,215,
162158,Total precipitation flux,tpf,33,
162159,Turbulent diffusion coefficient for heat,tdch,1,
162160,Temperature tendency due to parametrisations,ttpm,37,
162161,Specific humidity tendency due to parametrisations,qtpm,39,
162162,Eastward wind tendency due to parametrisations,utpm,46,
162163,Northward wind tendency due to parametrisations,vtpm,46,
162206,Variance of geopotential,~,67,
162207,Covariance of geopotential/temperature,~,68,
162208,Variance of temperature,~,69,
162209,Covariance of geopotential/specific humidity,~,15,
162210,Covariance of temperature/specific humidity,~,2,
162211,Variance of specific humidity,~,7,
162212,Covariance of u component/geopotential,~,60,
162213,Covariance of u component/temperature,~,70,
162214,Covariance of u component/specific humidity,~,5,
162215,Variance of u component,~,15,
162216,Covariance of v component/geopotential,~,60,
162217,Covariance of v component/temperature,~,70,
162218,Covariance of v component/specific humidity,~,5,
162219,Covariance of v component/u component,~,15,
162220,Variance of v component,~,15,
162221,Covariance of omega/geopotential,~,71,
162222,Covariance of omega/temperature,~,72,
162223,Covariance of omega/specific humidity,~,26,
162224,Covariance of omega/u component,~,73,
162225,Covariance of omega/v component,~,73,
162226,Variance of omega,~,74,
162227,Variance of surface pressure,~,75,
162229,Variance of relative humidity,~,23,
162230,Covariance of u component/ozone,~,5,
162231,Covariance of v component/ozone,~,5,
162232,Covariance of omega/ozone,~,26,
162233,Variance of ozone,~,23,
162255,Indicates a missing value,~,7,
170001,Standardised precipitation index valid in the last 3 months,spi03,23,
170002,Standardised precipitation index valid in the last 6 months,spi06,23,
170003,Standardised precipitation index valid in the last 12 months,spi12,23,
170149,Total soil moisture,tsw,4,
170171,Soil wetness level 2,swl2,4,
170179,Top net thermal radiation,ttr,6,
171001,Stream function anomaly,strfa,1,
171002,Velocity potential anomaly,vpota,1,
171003,Potential temperature anomaly,pta,2,
171004,Equivalent potential temperature anomaly,epta,2,
171005,Saturated equivalent potential temperature anomaly,septa,2,
171006,100 metre U wind component anomaly,100ua,5,
171007,100 metre V wind component anomaly,100va,5,
171008,100 metre wind speed anomaly,100sia,5,
171011,U component of divergent wind anomaly,udwa,5,
171012,V component of divergent wind anomaly,vdwa,5,
171013,U component of rotational wind anomaly,urwa,5,
171014,V component of rotational wind anomaly,vrwa,5,
171021,Unbalanced component of temperature anomaly,uctpa,2,
171022,Unbalanced component of logarithm of surface pressure anomaly,uclna,7,
171023,Unbalanced component of divergence anomaly,ucdva,8,
171024,Lake mix-layer temperature anomaly,lmlta,2,
171025,Lake ice depth anomaly,licda,4,
171026,Lake cover anomaly,cla,3,
171027,Low vegetation cover anomaly,cvla,3,
171028,High vegetation cover anomaly,cvha,3,
171029,Type of low vegetation anomaly,tvla,7,
171030,Type of high vegetation anomaly,tvha,7,
171031,Sea-ice cover anomaly,sica,3,
171032,Snow albedo anomaly,asna,3,
171033,Snow density anomaly,rsna,9,
171034,Sea surface temperature anomaly,ssta,2,
171035,Ice surface temperature anomaly layer 1,istal1,2,
171036,Ice surface temperature anomaly layer 2,istal2,2,
171037,Ice surface temperature anomaly layer 3,istal3,2,
171038,Ice surface temperature anomaly layer 4,istal4,2,
171039,Volumetric soil water anomaly layer 1,swval1,10,
171040,Volumetric soil water anomaly layer 2,swval2,10,
171041,Volumetric soil water anomaly layer 3,swval3,10,
171042,Volumetric soil water anomaly layer 4,swval4,10,
171043,Soil type anomaly,slta,7,
171044,Snow evaporation anomaly,esa,22,
171045,Snowmelt anomaly,smlta,22,
171046,Solar duration anomaly,sdura,12,
171047,Direct solar radiation anomaly,dsrpa,6,
171048,Magnitude of turbulent surface stress anomaly,magssa,14,
171049,10 metre wind gust anomaly,10fga,5,
171050,Large-scale precipitation fraction anomaly,lspfa,12,
171051,Maximum 2 metre temperature in the last 24 hours anomaly,mx2t24a,2,
171052,Minimum 2 metre temperature in the last 24 hours anomaly,mn2t24a,2,
171053,Montgomery potential anomaly,monta,15,
171054,Pressure anomaly,pa,16,
171055,Mean 2 metre temperature in the last 24 hours anomaly,mean2t24a,2,
171056,Mean 2 metre dewpoint temperature in the last 24 hours anomaly,mn2d24a,2,
171057,Downward UV radiation at the surface anomaly,uvba,6,
171058,Photosynthetically active radiation at the surface anomaly,para,6,
171059,Convective available potential energy anomaly,capea,17,
171060,Potential vorticity anomaly,pva,18,
171061,Total precipitation from observations anomaly,tpoa,35,
171062,Observation count anomaly,obcta,7,
171063,Start time for skin temperature difference anomaly,stsktda,12,
171064,Finish time for skin temperature difference anomaly,ftsktda,12,
171065,Skin temperature difference anomaly,sktda,2,
171078,Total column liquid water anomaly,tclwa,22,
171079,Total column ice water anomaly,tciwa,22,
171121,Maximum temperature at 2 metres in the last 6 hours anomaly,mx2t6a,2,
171122,Minimum temperature at 2 metres in the last 6 hours anomaly,mn2t6a,2,
171125,Vertically integrated total energy anomaly,vitea,6,
171126,Generic parameter for sensitive area prediction,~,25,
171127,Atmospheric tide anomaly,ata,7,
171128,Budget values anomaly,bva,7,
171129,Geopotential anomaly,za,15,
171130,Temperature anomaly,ta,2,
171131,U component of wind anomaly,ua,5,
171132,V component of wind anomaly,va,5,
171133,Specific humidity anomaly,qa,21,
171134,Surface pressure anomaly,spa,16,
171135,Vertical velocity (pressure) anomaly,wa,26,
171136,Total column water anomaly,tcwa,22,
171137,Total column water vapour anomaly,tcwva,22,
171138,Relative vorticity anomaly,voa,8,
171139,Soil temperature anomaly level 1,stal1,2,
171140,Soil wetness anomaly level 1,swal1,22,
171141,Snow depth anomaly,sda,27,
171142,Stratiform precipitation (Large-scale precipitation) anomaly,lspa,4,
171143,Convective precipitation anomaly,cpa,4,
171144,Snowfall (convective + stratiform) anomaly,sfa,27,
171145,Boundary layer dissipation anomaly,blda,6,
171146,Surface sensible heat flux anomaly,sshfa,6,
171147,Surface latent heat flux anomaly,slhfa,6,
171148,Charnock anomaly,chnka,7,
171149,Surface net radiation anomaly,snra,6,
171150,Top net radiation anomaly,tnra,7,
171151,Mean sea level pressure anomaly,msla,16,
171152,Logarithm of surface pressure anomaly,lspa,7,
171153,Short-wave heating rate anomaly,swhra,2,
171154,Long-wave heating rate anomaly,lwhra,2,
171155,Relative divergence anomaly,da,8,
171156,Height anomaly,gha,4,
171157,Relative humidity anomaly,ra,29,
171158,Tendency of surface pressure anomaly,tspa,26,
171159,Boundary layer height anomaly,blha,4,
171160,Standard deviation of orography anomaly,sdora,4,
171161,Anisotropy of sub-gridscale orography anomaly,isora,7,
171162,Angle of sub-gridscale orography anomaly,anora,30,
171163,Slope of sub-gridscale orography anomaly,slora,7,
171164,Total cloud cover anomaly,tcca,3,
171165,10 metre U wind component anomaly,10ua,5,
171166,10 metre V wind component anomaly,10va,5,
171167,2 metre temperature anomaly,2ta,2,
171168,2 metre dewpoint temperature anomaly,2da,2,
171169,Surface solar radiation downwards anomaly,ssrda,6,
171170,Soil temperature anomaly level 2,stal2,2,
171171,Soil wetness anomaly level 2,swal2,22,
171173,Surface roughness anomaly,sra,4,
171174,Albedo anomaly,ala,3,
171175,Surface thermal radiation downwards anomaly,strda,6,
171176,Surface net solar radiation anomaly,ssra,6,
171177,Surface net thermal radiation anomaly,stra,6,
171178,Top net solar radiation anomaly,tsra,6,
171179,Top net thermal radiation anomaly,ttra,6,
171180,East-West surface stress anomaly,eqssa,14,
171181,North-South surface stress anomaly,nsssa,14,
171182,Evaporation anomaly,ea,22,
171183,Soil temperature anomaly level 3,stal3,2,
171184,Soil wetness anomaly level 3,swal3,22,
171185,Convective cloud cover anomaly,ccca,3,
171186,Low cloud cover anomaly,lcca,3,
171187,Medium cloud cover anomaly,mcca,3,
171188,High cloud cover anomaly,hcca,3,
171189,Sunshine duration anomaly,sunda,12,
171190,East-West component of sub-gridscale orographic variance anomaly,ewova,31,
171191,North-South component of sub-gridscale orographic variance anomaly,nsova,31,
171192,North-West/South-East component of sub-gridscale orographic variance anomaly,nwova,31,
171193,North-East/South-West component of sub-gridscale orographic variance anomaly,neova,31,
171194,Brightness temperature anomaly,btmpa,2,
171195,Longitudinal component of gravity wave stress anomaly,lgwsa,14,
171196,Meridional component of gravity wave stress anomaly,mgwsa,14,
171197,Gravity wave dissipation anomaly,gwda,6,
171198,Skin reservoir content anomaly,srca,22,
171199,Vegetation fraction anomaly,vfa,3,
171200,Variance of sub-gridscale orography anomaly,vsoa,31,
171201,Maximum temperature at 2 metres anomaly,mx2ta,2,
171202,Minimum temperature at 2 metres anomaly,mn2ta,2,
171203,Ozone mass mixing ratio anomaly,o3a,21,
171204,Precipitation analysis weights anomaly,pawa,7,
171205,Runoff anomaly,roa,4,
171206,Total column ozone anomaly,tco3a,22,
171207,10 metre wind speed anomaly,10sia,5,
171208,Top net solar radiation clear sky anomaly,tsrca,6,
171209,Top net thermal radiation clear sky anomaly,ttrca,6,
171210,Surface net solar radiation clear sky anomaly,ssrca,6,
171211,"Surface net thermal radiation, clear sky anomaly",strca,6,
171212,Solar insolation anomaly,sia,6,
171214,Diabatic heating by radiation anomaly,dhra,2,
171215,Diabatic heating by vertical diffusion anomaly,dhvda,2,
171216,Diabatic heating by cumulus convection anomaly,dhcca,2,
171217,Diabatic heating by large-scale condensation anomaly,dhlca,2,
171218,Vertical diffusion of zonal wind anomaly,vdzwa,5,
171219,Vertical diffusion of meridional wind anomaly,vdmwa,5,
171220,East-West gravity wave drag tendency anomaly,ewgda,5,
171221,North-South gravity wave drag tendency anomaly,nsgda,5,
171222,Convective tendency of zonal wind anomaly,ctzwa,5,
171223,Convective tendency of meridional wind anomaly,ctmwa,5,
171224,Vertical diffusion of humidity anomaly,vdha,21,
171225,Humidity tendency by cumulus convection anomaly,htcca,21,
171226,Humidity tendency by large-scale condensation anomaly,htlca,21,
171227,Change from removal of negative humidity anomaly,crnha,21,
171228,Total precipitation anomaly,tpa,4,
171229,Instantaneous X surface stress anomaly,iewsa,32,
171230,Instantaneous Y surface stress anomaly,inssa,32,
171231,Instantaneous surface heat flux anomaly,ishfa,6,
171232,Instantaneous moisture flux anomaly,iea,36,
171233,Apparent surface humidity anomaly,asqa,21,
171234,Logarithm of surface roughness length for heat anomaly,lsrha,7,
171235,Skin temperature anomaly,skta,2,
171236,Soil temperature level 4 anomaly,stal4,2,
171237,Soil wetness level 4 anomaly,swal4,4,
171238,Temperature of snow layer anomaly,tsna,2,
171239,Convective snowfall anomaly,csfa,27,
171240,Large scale snowfall anomaly,lsfa,27,
171241,Accumulated cloud fraction tendency anomaly,acfa,34,
171242,Accumulated liquid water tendency anomaly,alwa,34,
171243,Forecast albedo anomaly,fala,3,
171244,Forecast surface roughness anomaly,fsra,4,
171245,Forecast logarithm of surface roughness for heat anomaly,flsra,7,
171246,Cloud liquid water content anomaly,clwca,21,
171247,Cloud ice water content anomaly,ciwca,21,
171248,Cloud cover anomaly,cca,3,
171249,Accumulated ice water tendency anomaly,aiwa,34,
171250,Ice age anomaly,iaa,3,
171251,Adiabatic tendency of temperature anomaly,attea,2,
171252,Adiabatic tendency of humidity anomaly,athea,21,
171253,Adiabatic tendency of zonal wind anomaly,atzea,5,
171254,Adiabatic tendency of meridional wind anomaly,atmwa,5,
171255,Indicates a missing value,~,7,
172008,Time-mean surface runoff rate,msror,5,
172009,Time-mean sub-surface runoff rate,mssror,5,
172044,Time-mean snow evaporation rate,esrate,78,
172045,Time-mean snowmelt rate,~,78,
172050,Mean large-scale precipitation fraction,mlspfr,7,
172142,Time-mean large-scale precipitation rate,mlsprt,5,
172143,Time-mean convective precipitation rate,cprate,5,
172144,Time-mean total snowfall rate,mtsfr,78,
172145,Boundary layer dissipation,bldrate,76,
172146,Time-mean surface sensible heat flux,msshfl,76,
172147,Time-mean surface latent heat flux,mslhfl,76,
172153,Time-mean short-wave (solar) heating rate,mswhr,37,
172154,Time-mean long-wave (thermal) heating rate,mlwhr,37,
172169,Time-mean surface downward short-wave (solar) radiation flux,msdsrf,76,
172175,Time-mean surface downward long-wave (thermal) radiation flux,msdtrf,76,
172176,Time-mean surface net short-wave (solar) radiation flux,msnsrf,76,
172177,Time-mean surface net long-wave (thermal) radiation flux,msntrf,76,
172178,Time-mean top net short-wave (solar) radiation flux,mtnsrf,76,
172179,Time-mean top net long-wave (thermal) radiation flux,mtntrf,76,
172180,Time-mean eastward turbulent surface stress,ewssra,32,
172181,Time-mean northward turbulent surface stress,nsssra,32,
172182,Time-mean evaporation rate,erate,78,
172189,Mean sunshine duration rate,msdr,204,
172195,Longitudinal component of gravity wave stress,~,32,
172196,Meridional component of gravity wave stress,~,32,
172197,Gravity wave dissipation,gwdrate,76,
172205,Time-mean runoff rate,mrort,5,
172208,"Time-mean top net short-wave (solar) radiation flux, clear sky",~,76,
172209,"Time-mean top net long-wave (thermal) radiation flux, clear sky",~,76,
172210,"Time-mean surface net short-wave (solar) radiation flux, clear sky",~,76,
172211,"Time-mean surface net long-wave (thermal) radiation flux, clear sky",~,76,
172212,Time-mean short-wave (solar) insolation rate,soira,76,
172228,Time-mean total precipitation rate,tprate,5,
172239,Time-mean convective snowfall rate,~,78,
172240,Time-mean large-scale snowfall rate,~,78,
172255,Indicates a missing value,~,7,
173008,Mean surface runoff rate anomaly,msrora,78,
173009,Mean sub-surface runoff rate anomaly,mssrora,78,
173044,Time-mean snow evaporation anomalous rate of accumulation,~,78,
173045,Time-mean snowmelt anomalous rate of accumulation,~,78,
173048,Magnitude of turbulent surface stress anomaly,~,32,
173050,Large-scale precipitation fraction anomaly,~,7,
173142,Stratiform precipitation (Large-scale precipitation) anomalous rate of accumulation,lspara,5,
173143,Mean convective precipitation rate anomaly,mcpra,5,
173144,Snowfall (convective + stratiform) anomalous rate of accumulation,sfara,78,
173145,Boundary layer dissipation anomaly,~,6,
173146,Surface sensible heat flux anomalous rate of accumulation,sshfara,6,
173147,Surface latent heat flux anomalous rate of accumulation,slhfara,6,
173149,Surface net radiation anomaly,~,6,
173153,Short-wave heating rate anomaly,~,37,
173154,Long-wave heating rate anomaly,~,37,
173169,Surface solar radiation downwards anomalous rate of accumulation,ssrdara,6,
173175,Surface thermal radiation downwards anomalous rate of accumulation,strdara,6,
173176,Surface solar radiation anomalous rate of accumulation,ssrara,6,
173177,Surface thermal radiation anomalous rate of accumulation,strara,6,
173178,Top solar radiation anomalous rate of accumulation,tsrara,6,
173179,Top thermal radiation anomalous rate of accumulation,ttrara,6,
173180,East-West surface stress anomalous rate of accumulation,ewssara,32,
173181,North-South surface stress anomalous rate of accumulation,nsssara,32,
173182,Time-mean evaporation anomalous rate of accumulation,evara,78,
173189,Sunshine duration anomalous rate of accumulation,sundara,23,
173195,Longitudinal component of gravity wave stress anomaly,~,32,
173196,Meridional component of gravity wave stress anomaly,~,32,
173197,Gravity wave dissipation anomaly,~,6,
173205,Runoff anomalous rate of accumulation,roara,5,
173208,"Top net solar radiation, clear sky anomaly",~,6,
173209,"Top net thermal radiation, clear sky anomaly",~,6,
173210,"Surface net solar radiation, clear sky anomaly",~,6,
173211,"Surface net thermal radiation, clear sky anomaly",~,6,
173212,Solar insolation anomalous rate of accumulation,soiara,79,
173228,Total precipitation anomalous rate of accumulation,tpara,5,
173239,Convective snowfall anomaly,~,78,
173240,Large scale snowfall anomaly,~,78,
173255,Indicates a missing value,~,7,
174006,Total soil moisture,~,4,
174008,Surface runoff,sro,22,
174010,Clear-sky (II) down surface sw flux,sswcsdown,76,
174013,Clear-sky (II) up surface sw flux,sswcsup,76,
174025,Visibility at 1.5m,vis15,4,
174031,Fraction of sea-ice in sea,~,3,
174034,Open-sea surface temperature,~,2,
174039,Volumetric soil water layer 1,~,10,
174040,Volumetric soil water layer 2,~,10,
174041,Volumetric soil water layer 3,~,10,
174042,Volumetric soil water layer 4,~,10,
174049,10 metre wind gust in the last 24 hours,~,5,
174050,Minimum temperature at 1.5m since previous post-processing,mn15t,2,
174051,Maximum temperature at 1.5m since previous post-processing,mx15t,2,
174052,Relative humidity at 1.5m,rhum,21,
174055,1.5m temperature - mean in the last 24 hours,~,2,
174083,Net primary productivity,~,80,
174085,10m U wind over land,~,5,
174086,10m V wind over land,~,5,
174087,1.5m temperature over land,~,2,
174088,1.5m dewpoint temperature over land,~,2,
174089,Top incoming solar radiation,~,6,
174090,Top outgoing solar radiation,~,6,
174092,Sea ice albedo,sialb,3,
174093,Sea ice surface temperature,sitemptop,43,
174094,Mean sea surface temperature,~,2,
174095,1.5m specific humidity,~,21,
174096,2 metre specific humidity,2sh,21,
174097,Sea ice snow thickness,sisnthick,4,
174098,Sea-ice thickness,sithick,4,
174099,Liquid water potential temperature,~,2,
174110,Ocean ice concentration,~,3,
174111,Ocean mean ice depth,~,4,
174112,Sea ice velocity along x,siue,5,
174113,Sea ice velocity along y,sivn,5,
174116,Short wave radiation flux at surface,swrsurf,6,
174117,Short wave radiation flux at top of atmosphere,swrtop,6,
174137,Total column water vapour,tcwvap,22,
174139,Soil temperature layer 1,~,2,
174142,Large scale rainfall rate,lsrrate,33,
174143,Convective rainfall rate,crfrate,33,
174164,Average potential temperature in upper 293.4m,~,52,
174167,1.5m temperature,~,2,
174168,1.5m dewpoint temperature,~,2,
174170,Soil temperature layer 2,~,2,
174175,Average salinity in upper 293.4m,~,44,
174183,Soil temperature layer 3,~,2,
174186,Very low cloud amount,vlca,3,
174201,1.5m temperature - maximum in the last 24 hours,~,2,
174202,1.5m temperature - minimum in the last 24 hours,~,2,
174236,Soil temperature layer 4,~,2,
174239,Convective snowfall rate,csfrate,33,
174240,Large scale snowfall rate,lsfrate,33,
174248,Total cloud amount - random overlap,tccro,3,
174249,Total cloud amount in lw radiation,tcclwr,3,
174255,Indicates a missing value,~,7,
175006,Total soil moisture,~,4,
175031,Fraction of sea-ice in sea,~,3,
175034,Open-sea surface temperature,~,2,
175039,Volumetric soil water layer 1,~,10,
175040,Volumetric soil water layer 2,~,10,
175041,Volumetric soil water layer 3,~,10,
175042,Volumetric soil water layer 4,~,10,
175049,10m wind gust in the last 24 hours,~,5,
175055,1.5m temperature - mean in the last 24 hours,~,2,
175083,Net primary productivity,~,80,
175085,10m U wind over land,~,5,
175086,10m V wind over land,~,5,
175087,1.5m temperature over land,~,2,
175088,1.5m dewpoint temperature over land,~,2,
175089,Top incoming solar radiation,~,6,
175090,Top outgoing solar radiation,~,6,
175110,Ocean ice concentration,~,3,
175111,Ocean mean ice depth,~,4,
175139,Soil temperature layer 1,~,2,
175164,Average potential temperature in upper 293.4m,~,52,
175167,1.5m temperature,~,2,
175168,1.5m dewpoint temperature,~,2,
175170,Soil temperature layer 2,~,2,
175175,Average salinity in upper 293.4m,~,44,
175183,Soil temperature layer 3,~,2,
175201,1.5m temperature - maximum in the last 24 hours,~,2,
175202,1.5m temperature - minimum in the last 24 hours,~,2,
175236,Soil temperature layer 4,~,2,
175255,Indicates a missing value,~,7,
180149,Total soil wetness,tsw,4,
180176,Surface net solar radiation,ssr,6,
180177,Surface net thermal radiation,str,6,
180178,Top net solar radiation,tsr,6,
180179,Top net thermal radiation,ttr,6,
190141,Snow depth,sdsien,22,
190170,Field capacity,cap,3,
190171,Wilting point,wiltsien,3,
190173,Roughness length,sr,3,
190229,Total soil moisture,tsm,10,
200001,Stream function difference,strfdiff,1,
200002,Velocity potential difference,vpotdiff,1,
200003,Potential temperature difference,ptdiff,2,
200004,Equivalent potential temperature difference,eqptdiff,2,
200005,Saturated equivalent potential temperature difference,septdiff,2,
200011,U component of divergent wind difference,udvwdiff,5,
200012,V component of divergent wind difference,vdvwdiff,5,
200013,U component of rotational wind difference,urtwdiff,5,
200014,V component of rotational wind difference,vrtwdiff,5,
200021,Unbalanced component of temperature difference,uctpdiff,2,
200022,Unbalanced component of logarithm of surface pressure difference,uclndiff,7,
200023,Unbalanced component of divergence difference,ucdvdiff,8,
200024,Reserved for future unbalanced components,~,7,
200025,Reserved for future unbalanced components,~,7,
200026,Lake cover difference,cldiff,3,
200027,Low vegetation cover difference,cvldiff,3,
200028,High vegetation cover difference,cvhdiff,3,
200029,Type of low vegetation difference,tvldiff,7,
200030,Type of high vegetation difference,tvhdiff,7,
200031,Sea-ice cover difference,sicdiff,3,
200032,Snow albedo difference,asndiff,3,
200033,Snow density difference,rsndiff,9,
200034,Sea surface temperature difference,sstdiff,2,
200035,Ice surface temperature layer 1 difference,istl1diff,2,
200036,Ice surface temperature layer 2 difference,istl2diff,2,
200037,Ice surface temperature layer 3 difference,istl3diff,2,
200038,Ice surface temperature layer 4 difference,istl4diff,2,
200039,Volumetric soil water layer 1 difference,swvl1diff,10,
200040,Volumetric soil water layer 2 difference,swvl2diff,10,
200041,Volumetric soil water layer 3 difference,swvl3diff,10,
200042,Volumetric soil water layer 4 difference,swvl4diff,10,
200043,Soil type difference,sltdiff,7,
200044,Snow evaporation difference,esdiff,22,
200045,Snowmelt difference,smltdiff,22,
200046,Solar duration difference,sdurdiff,12,
200047,Direct solar radiation difference,dsrpdiff,6,
200048,Magnitude of turbulent surface stress difference,magssdiff,14,
200049,10 metre wind gust difference,10fgdiff,5,
200050,Large-scale precipitation fraction difference,lspfdiff,12,
200051,Maximum 2 metre temperature difference,mx2t24diff,2,
200052,Minimum 2 metre temperature difference,mn2t24diff,2,
200053,Montgomery potential difference,montdiff,15,
200054,Pressure difference,presdiff,16,
200055,Mean 2 metre temperature in the last 24 hours difference,mean2t24diff,2,
200056,Mean 2 metre dewpoint temperature in the last 24 hours difference,mn2d24diff,2,
200057,Downward UV radiation at the surface difference,uvbdiff,6,
200058,Photosynthetically active radiation at the surface difference,pardiff,6,
200059,Convective available potential energy difference,capediff,17,
200060,Potential vorticity difference,pvdiff,18,
200061,Total precipitation from observations difference,tpodiff,35,
200062,Observation count difference,obctdiff,7,
200063,Start time for skin temperature difference,~,12,
200064,Finish time for skin temperature difference,~,12,
200065,Skin temperature difference,~,2,
200066,"Leaf area index, low vegetation",~,19,
200067,"Leaf area index, high vegetation",~,19,
200070,"Biome cover, low vegetation",~,3,
200071,"Biome cover, high vegetation",~,3,
200078,Total column liquid water,~,22,
200079,Total column ice water,~,22,
200080,Experimental product,~,7,
200081,Experimental product,~,7,
200082,Experimental product,~,7,
200083,Experimental product,~,7,
200084,Experimental product,~,7,
200085,Experimental product,~,7,
200086,Experimental product,~,7,
200087,Experimental product,~,7,
200088,Experimental product,~,7,
200089,Experimental product,~,7,
200090,Experimental product,~,7,
200091,Experimental product,~,7,
200092,Experimental product,~,7,
200093,Experimental product,~,7,
200094,Experimental product,~,7,
200095,Experimental product,~,7,
200096,Experimental product,~,7,
200097,Experimental product,~,7,
200098,Experimental product,~,7,
200099,Experimental product,~,7,
200100,Experimental product,~,7,
200101,Experimental product,~,7,
200102,Experimental product,~,7,
200103,Experimental product,~,7,
200104,Experimental product,~,7,
200105,Experimental product,~,7,
200106,Experimental product,~,7,
200107,Experimental product,~,7,
200108,Experimental product,~,7,
200109,Experimental product,~,7,
200110,Experimental product,~,7,
200111,Experimental product,~,7,
200112,Experimental product,~,7,
200113,Experimental product,~,7,
200114,Experimental product,~,7,
200115,Experimental product,~,7,
200116,Experimental product,~,7,
200117,Experimental product,~,7,
200118,Experimental product,~,7,
200119,Experimental product,~,7,
200120,Experimental product,~,7,
200121,Maximum temperature at 2 metres difference,mx2t6diff,2,
200122,Minimum temperature at 2 metres difference,mn2t6diff,2,
200123,10 metre wind gust in the last 6 hours difference,10fg6diff,5,
200125,Vertically integrated total energy,~,6,
200126,Generic parameter for sensitive area prediction,~,25,
200127,Atmospheric tide difference,atdiff,7,
200128,Budget values difference,bvdiff,7,
200129,Geopotential difference,zdiff,15,
200130,Temperature difference,tdiff,2,
200131,U component of wind difference,udiff,5,
200132,V component of wind difference,vdiff,5,
200133,Specific humidity difference,qdiff,21,
200134,Surface pressure difference,spdiff,16,
200135,Vertical velocity (pressure) difference,wdiff,26,
200136,Total column water difference,tcwdiff,22,
200137,Total column water vapour difference,tcwvdiff,22,
200138,Vorticity (relative) difference,vodiff,8,
200139,Soil temperature level 1 difference,stl1diff,2,
200140,Soil wetness level 1 difference,swl1diff,22,
200141,Snow depth difference,sddiff,27,
200142,Stratiform precipitation (Large-scale precipitation) difference,lspdiff,4,
200143,Convective precipitation difference,cpdiff,4,
200144,Snowfall (convective + stratiform) difference,sfdiff,27,
200145,Boundary layer dissipation difference,blddiff,6,
200146,Surface sensible heat flux difference,sshfdiff,6,
200147,Surface latent heat flux difference,slhfdiff,6,
200148,Charnock difference,chnkdiff,7,
200149,Surface net radiation difference,snrdiff,6,
200150,Top net radiation difference,tnrdiff,7,
200151,Mean sea level pressure difference,msldiff,16,
200152,Logarithm of surface pressure difference,lnspdiff,22,
200153,Short-wave heating rate difference,swhrdiff,2,
200154,Long-wave heating rate difference,lwhrdiff,2,
200155,Divergence difference,ddiff,8,
200156,Height difference,ghdiff,4,
200157,Relative humidity difference,rdiff,29,
200158,Tendency of surface pressure difference,tspdiff,26,
200159,Boundary layer height difference,blhdiff,4,
200160,Standard deviation of orography difference,sdordiff,4,
200161,Anisotropy of sub-gridscale orography difference,isordiff,7,
200162,Angle of sub-gridscale orography difference,anordiff,30,
200163,Slope of sub-gridscale orography difference,slordiff,7,
200164,Total cloud cover difference,tccdiff,3,
200165,10 metre U wind component difference,10udiff,5,
200166,10 metre V wind component difference,10vdiff,5,
200167,2 metre temperature difference,2tdiff,2,
200168,2 metre dewpoint temperature difference,2ddiff,2,
200169,Surface solar radiation downwards difference,ssrddiff,6,
200170,Soil temperature level 2 difference,stl2diff,2,
200171,Soil wetness level 2 difference,swl2diff,22,
200172,Land-sea mask difference,lsmdiff,3,
200173,Surface roughness difference,srdiff,4,
200174,Albedo difference,aldiff,3,
200175,Surface thermal radiation downwards difference,strddiff,6,
200176,Surface net solar radiation difference,ssrdiff,6,
200177,Surface net thermal radiation difference,strdiff,6,
200178,Top net solar radiation difference,tsrdiff,6,
200179,Top net thermal radiation difference,ttrdiff,6,
200180,East-West surface stress difference,ewssdiff,14,
200181,North-South surface stress difference,nsssdiff,14,
200182,Evaporation difference,ediff,22,
200183,Soil temperature level 3 difference,stl3diff,2,
200184,Soil wetness level 3 difference,swl3diff,22,
200185,Convective cloud cover difference,cccdiff,3,
200186,Low cloud cover difference,lccdiff,3,
200187,Medium cloud cover difference,mccdiff,3,
200188,High cloud cover difference,hccdiff,3,
200189,Sunshine duration difference,sunddiff,12,
200190,East-West component of sub-gridscale orographic variance difference,ewovdiff,31,
200191,North-South component of sub-gridscale orographic variance difference,nsovdiff,31,
200192,North-West/South-East component of sub-gridscale orographic variance difference,nwovdiff,31,
200193,North-East/South-West component of sub-gridscale orographic variance difference,neovdiff,31,
200194,Brightness temperature difference,btmpdiff,2,
200195,Longitudinal component of gravity wave stress difference,lgwsdiff,14,
200196,Meridional component of gravity wave stress difference,mgwsdiff,14,
200197,Gravity wave dissipation difference,gwddiff,6,
200198,Skin reservoir content difference,srcdiff,22,
200199,Vegetation fraction difference,vegdiff,3,
200200,Variance of sub-gridscale orography difference,vsodiff,31,
200201,Maximum temperature at 2 metres since previous post-processing difference,mx2tdiff,2,
200202,Minimum temperature at 2 metres since previous post-processing difference,mn2tdiff,2,
200203,Ozone mass mixing ratio difference,o3diff,21,
200204,Precipitation analysis weights difference,pawdiff,7,
200205,Runoff difference,rodiff,4,
200206,Total column ozone difference,tco3diff,22,
200207,10 metre wind speed difference,10sidiff,5,
200208,"Top net solar radiation, clear sky difference",tsrcdiff,6,
200209,"Top net thermal radiation, clear sky difference",ttrcdiff,6,
200210,"Surface net solar radiation, clear sky difference",ssrcdiff,6,
200211,"Surface net thermal radiation, clear sky difference",strcdiff,6,
200212,TOA incident solar radiation difference,tisrdiff,6,
200214,Diabatic heating by radiation difference,dhrdiff,2,
200215,Diabatic heating by vertical diffusion difference,dhvddiff,2,
200216,Diabatic heating by cumulus convection difference,dhccdiff,2,
200217,Diabatic heating large-scale condensation difference,dhlcdiff,2,
200218,Vertical diffusion of zonal wind difference,vdzwdiff,5,
200219,Vertical diffusion of meridional wind difference,vdmwdiff,5,
200220,East-West gravity wave drag tendency difference,ewgddiff,5,
200221,North-South gravity wave drag tendency difference,nsgddiff,5,
200222,Convective tendency of zonal wind difference,ctzwdiff,5,
200223,Convective tendency of meridional wind difference,ctmwdiff,5,
200224,Vertical diffusion of humidity difference,vdhdiff,21,
200225,Humidity tendency by cumulus convection difference,htccdiff,21,
200226,Humidity tendency by large-scale condensation difference,htlcdiff,21,
200227,Change from removal of negative humidity difference,crnhdiff,21,
200228,Total precipitation difference,tpdiff,4,
200229,Instantaneous X surface stress difference,iewsdiff,32,
200230,Instantaneous Y surface stress difference,inssdiff,32,
200231,Instantaneous surface heat flux difference,ishfdiff,6,
200232,Instantaneous moisture flux difference,iediff,36,
200233,Apparent surface humidity difference,asqdiff,21,
200234,Logarithm of surface roughness length for heat difference,lsrhdiff,7,
200235,Skin temperature difference,sktdiff,2,
200236,Soil temperature level 4 difference,stl4diff,2,
200237,Soil wetness level 4 difference,swl4diff,4,
200238,Temperature of snow layer difference,tsndiff,2,
200239,Convective snowfall difference,csfdiff,27,
200240,Large scale snowfall difference,lsfdiff,27,
200241,Accumulated cloud fraction tendency difference,acfdiff,34,
200242,Accumulated liquid water tendency difference,alwdiff,34,
200243,Forecast albedo difference,faldiff,3,
200244,Forecast surface roughness difference,fsrdiff,4,
200245,Forecast logarithm of surface roughness for heat difference,flsrdiff,7,
200246,Specific cloud liquid water content difference,clwcdiff,21,
200247,Specific cloud ice water content difference,ciwcdiff,21,
200248,Cloud cover difference,ccdiff,3,
200249,Accumulated ice water tendency difference,aiwdiff,34,
200250,Ice age difference,icediff,3,
200251,Adiabatic tendency of temperature difference,attediff,2,
200252,Adiabatic tendency of humidity difference,athediff,21,
200253,Adiabatic tendency of zonal wind difference,atzediff,5,
200254,Adiabatic tendency of meridional wind difference,atmwdiff,5,
200255,Indicates a missing value,~,7,
201001,downward shortwave radiant flux density,~,6,
201002,upward shortwave radiant flux density,~,6,
201003,downward longwave radiant flux density,~,6,
201004,upward longwave radiant flux density,~,6,
201005,downwd photosynthetic active radiant flux density,apab_s,6,
201006,net shortwave flux,~,6,
201007,net longwave flux,~,6,
201008,total net radiative flux density,~,6,
201009,"downw shortw radiant flux density, cloudfree part",~,6,
201010,"upw shortw radiant flux density, cloudy part",~,6,
201011,"downw longw radiant flux density, cloudfree part",~,6,
201012,"upw longw radiant flux density, cloudy part",~,6,
201013,shortwave radiative heating rate,sohr_rad,37,
201014,longwave radiative heating rate,thhr_rad,37,
201015,total radiative heating rate,~,6,
201016,"soil heat flux, surface",~,6,
201017,"soil heat flux, bottom of layer",~,6,
201029,fractional cloud cover,clc,3,
201030,"cloud cover, grid scale",~,3,
201031,specific cloud water content,qc,21,
201032,"cloud water content, grid scale, vert integrated",~,22,
201033,"specific cloud ice content, grid scale",qi,21,
201034,"cloud ice content, grid scale, vert integrated",~,22,
201035,"specific rainwater content, grid scale",~,21,
201036,"specific snow content, grid scale",~,21,
201037,"specific rainwater content, gs, vert. integrated",~,22,
201038,"specific snow content, gs, vert. integrated",~,22,
201041,total column water,twater,22,
201042,vert. integral of divergence of tot. water content,~,22,
201050,cloud covers CH_CM_CL (000...888),ch_cm_cl,3,
201051,cloud cover CH (0..8),~,3,
201052,cloud cover CM (0..8),~,3,
201053,cloud cover CL (0..8),~,3,
201054,total cloud cover (0..8),~,3,
201055,fog (0..8),~,3,
201056,fog,~,3,
201060,"cloud cover, convective cirrus",~,3,
201061,"specific cloud water content, convective clouds",~,21,
201062,"cloud water content, conv clouds, vert integrated",~,22,
201063,"specific cloud ice content, convective clouds",~,21,
201064,"cloud ice content, conv clouds, vert integrated",~,22,
201065,convective mass flux,~,85,
201066,"Updraft velocity, convection",~,5,
201067,"entrainment parameter, convection",~,86,
201068,"cloud base, convective clouds (above msl)",hbas_con,4,
201069,"cloud top, convective clouds (above msl)",htop_con,4,
201070,convective layers (00...77)  (BKE),~,3,
201071,KO-index,~,23,
201072,convection base index,bas_con,23,
201073,convection top index,top_con,23,
201074,convective temperature tendency,dt_con,37,
201075,convective tendency of specific humidity,dqv_con,8,
201076,convective tendency of total heat,~,88,
201077,convective tendency of total water,~,8,
201078,convective momentum tendency (X-component),du_con,46,
201079,convective momentum tendency (Y-component),dv_con,46,
201080,convective vorticity tendency,~,89,
201081,convective divergence tendency,~,89,
201082,top of dry convection (above msl),htop_dc,4,
201083,dry convection top index,~,23,
201084,height of 0 degree Celsius isotherm above msl,hzerocl,4,
201085,height of snow-fall limit,snowlmt,4,
201099,spec. content of precip. particles,qrs_gsp,21,
201100,"surface precipitation rate, rain, grid scale",prr_gsp,85,
201101,"surface precipitation rate, snow, grid scale",prs_gsp,85,
201102,"surface precipitation amount, rain, grid scale",rain_gsp,22,
201111,"surface precipitation rate, rain, convective",prr_con,85,
201112,"surface precipitation rate, snow, convective",prs_con,85,
201113,"surface precipitation amount, rain, convective",rain_con,22,
201150,coefficient of horizontal diffusion,~,1,
201187,Maximum wind velocity,vmax_10m,5,
201200,water content of interception store,w_i,22,
201203,snow temperature,t_snow,2,
201215,ice surface temperature,t_ice,2,
201241,convective available potential energy,cape_con,17,
201255,Indicates a missing value,~,7,
210001,Sea Salt Aerosol (0.03 - 0.5 um) Mixing Ratio,aermr01,21,
210002,Sea Salt Aerosol (0.5 - 5 um) Mixing Ratio,aermr02,21,
210003,Sea Salt Aerosol (5 - 20 um) Mixing Ratio,aermr03,21,
210004,Dust Aerosol (0.03 - 0.55 um) Mixing Ratio,aermr04,21,
210005,Dust Aerosol (0.55 - 0.9 um) Mixing Ratio,aermr05,21,
210006,Dust Aerosol (0.9 - 20 um) Mixing Ratio,aermr06,21,
210007,Hydrophilic Organic Matter Aerosol Mixing Ratio,aermr07,21,
210008,Hydrophobic Organic Matter Aerosol Mixing Ratio,aermr08,21,
210009,Hydrophilic Black Carbon Aerosol Mixing Ratio,aermr09,21,
210010,Hydrophobic Black Carbon Aerosol Mixing Ratio,aermr10,21,
210011,Sulphate Aerosol Mixing Ratio,aermr11,21,
210012,SO2 precursor mixing ratio,aermr12,21,
210013,Volcanic ash aerosol mixing ratio,aermr13,21,
210014,Volcanic sulphate aerosol mixing ratio,aermr14,21,
210015,Volcanic SO2 precursor mixing ratio,aermr15,21,
210016,Aerosol type 1 source/gain accumulated,aergn01,22,
210017,Aerosol type 2 source/gain accumulated,aergn02,22,
210018,Aerosol type 3 source/gain accumulated,aergn03,22,
210019,Aerosol type 4 source/gain accumulated,aergn04,22,
210020,Aerosol type 5 source/gain accumulated,aergn05,22,
210021,Aerosol type 6 source/gain accumulated,aergn06,22,
210022,Aerosol type 7 source/gain accumulated,aergn07,22,
210023,Aerosol type 8 source/gain accumulated,aergn08,22,
210024,Aerosol type 9 source/gain accumulated,aergn09,22,
210025,Aerosol type 10 source/gain accumulated,aergn10,22,
210026,Aerosol type 11 source/gain accumulated,aergn11,22,
210027,Aerosol type 12 source/gain accumulated,aergn12,22,
210028,SO4 aerosol precursor mass mixing ratio,aerpr03,21,
210029,Water vapour mixing ratio for hydrophilic aerosols in mode 1,aerwv01,21,
210030,Water vapour mixing ratio for hydrophilic aerosols in mode 2,aerwv02,21,
210031,Aerosol type 1 sink/loss accumulated,aerls01,22,
210032,Aerosol type 2 sink/loss accumulated,aerls02,22,
210033,Aerosol type 3 sink/loss accumulated,aerls03,22,
210034,Aerosol type 4 sink/loss accumulated,aerls04,22,
210035,Aerosol type 5 sink/loss accumulated,aerls05,22,
210036,Aerosol type 6 sink/loss accumulated,aerls06,22,
210037,Aerosol type 7 sink/loss accumulated,aerls07,22,
210038,Aerosol type 8 sink/loss accumulated,aerls08,22,
210039,Aerosol type 9 sink/loss accumulated,aerls09,22,
210040,Aerosol type 10 sink/loss accumulated,aerls10,22,
210041,Aerosol type 11 sink/loss accumulated,aerls11,22,
210042,Aerosol type 12 sink/loss accumulated,aerls12,22,
210043,DMS surface emission,emdms,33,
210044,Water vapour mixing ratio for hydrophilic aerosols in mode 3,aerwv03,21,
210045,Water vapour mixing ratio for hydrophilic aerosols in mode 4,aerwv04,21,
210046,Aerosol precursor mixing ratio,aerpr,21,
210047,Aerosol small mode mixing ratio,aersm,21,
210048,Aerosol large mode mixing ratio,aerlg,21,
210049,Aerosol precursor optical depth,aodpr,23,
210050,Aerosol small mode optical depth,aodsm,23,
210051,Aerosol large mode optical depth,aodlg,23,
210052,Dust emission potential,aerdep,90,
210053,Lifting threshold speed,aerlts,5,
210054,Soil clay content,aerscc,29,
210055,Experimental product,~,7,
210056,Experimental product,~,7,
210057,"Mixing ration of organic carbon aerosol, nucleation mode",ocnuc,21,
210058,Monoterpene precursor mixing ratio,monot,21,
210059,Secondary organic precursor mixing ratio,soapr,21,
210060,Injection height (from IS4FIRES),injh,4,
210061,Carbon dioxide mass mixing ratio,co2,21,
210062,Methane,ch4,21,
210063,Nitrous oxide,n2o,21,
210064,CO2 column-mean molar fraction,tcco2,169,
210065,CH4 column-mean molar fraction,tcch4,163,
210066,Total column Nitrous oxide,tcn2o,22,
210067,Ocean flux of Carbon Dioxide,co2of,33,
210068,Natural biosphere flux of Carbon Dioxide,co2nbf,33,
210069,Anthropogenic emissions of Carbon Dioxide,co2apf,33,
210070,Methane Surface Fluxes,ch4f,33,
210071,Methane loss rate due to radical hydroxyl (OH),kch4,8,
210072,Particulate matter d <= 1 um,pm1,9,
210073,Particulate matter d <= 2.5 um,pm2p5,9,
210074,Particulate matter d <= 10 um,pm10,9,
210079,Wildfire viewing angle of observation,vafire,148,
210080,Wildfire flux of Carbon Dioxide,co2fire,33,
210081,Wildfire flux of Carbon Monoxide,cofire,33,
210082,Wildfire flux of Methane,ch4fire,33,
210083,Wildfire flux of Non-Methane Hydro-Carbons,nmhcfire,33,
210084,Wildfire flux of Hydrogen,h2fire,33,
210085,Wildfire flux of Nitrogen Oxides NOx,noxfire,33,
210086,Wildfire flux of Nitrous Oxide,n2ofire,33,
210087,Wildfire flux of Particulate Matter PM2.5,pm2p5fire,33,
210088,Wildfire flux of Total Particulate Matter,tpmfire,33,
210089,Wildfire flux of Total Carbon in Aerosols,tcfire,33,
210090,Wildfire flux of Organic Carbon,ocfire,33,
210091,Wildfire flux of Black Carbon,bcfire,33,
210092,Wildfire overall flux of burnt Carbon,cfire,33,
210093,Wildfire fraction of C4 plants,c4ffire,23,
210094,Wildfire vegetation map index,vegfire,23,
210095,Wildfire Combustion Completeness,ccfire,23,
210096,Wildfire Fuel Load: Carbon per unit area,flfire,22,
210097,Wildfire fraction of area observed,offire,23,
210098,Number of positive FRP pixels per grid cell,nofrp,7,
210099,Wildfire radiative power,frpfire,76,
210100,Wildfire combustion rate,crfire,33,
210101,Wildfire radiative power maximum,maxfrpfire,179,
210102,Wildfire flux of Sulfur Dioxide,so2fire,33,
210103,Wildfire Flux of Methanol (CH3OH),ch3ohfire,33,
210104,Wildfire Flux of Ethanol (C2H5OH),c2h5ohfire,33,
210105,Wildfire Flux of Propane (C3H8),c3h8fire,33,
210106,Wildfire Flux of Ethene (C2H4),c2h4fire,33,
210107,Wildfire Flux of Propene (C3H6),c3h6fire,33,
210108,Wildfire Flux of Isoprene (C5H8),c5h8fire,33,
210109,Wildfire Flux of Terpenes (C5H8)n,terpenesfire,33,
210110,Wildfire Flux of Toluene_lump (C7H8+ C6H6 + C8H10),toluenefire,33,
210111,"Wildfire Flux of Higher Alkenes (CnH2n, C>=4)",hialkenesfire,33,
210112,"Wildfire Flux of Higher Alkanes (CnH2n+2, C>=4)",hialkanesfire,33,
210113,Wildfire Flux of Formaldehyde (CH2O),ch2ofire,33,
210114,Wildfire Flux of Acetaldehyde (C2H4O),c2h4ofire,33,
210115,Wildfire Flux of Acetone (C3H6O),c3h6ofire,33,
210116,Wildfire Flux of Ammonia (NH3),nh3fire,33,
210117,Wildfire Flux of Dimethyl Sulfide (DMS) (C2H6S),c2h6sfire,33,
210118,Wildfire Flux of Ethane (C2H6),c2h6fire,33,
210119,Mean height of maximum injection,mami,4,
210120,Plume top height above surface,apt,4,
210121,Nitrogen dioxide mass mixing ratio,no2,21,
210122,Sulphur dioxide mass mixing ratio,so2,21,
210123,Carbon monoxide mass mixing ratio,co,21,
210124,Formaldehyde,hcho,21,
210125,Total column Nitrogen dioxide,tcno2,22,
210126,Total column Sulphur dioxide,tcso2,22,
210127,Total column Carbon monoxide,tcco,22,
210128,Total column Formaldehyde,tchcho,22,
210129,Nitrogen Oxides,nox,21,
210130,Total Column Nitrogen Oxides,tcnox,22,
210131,Reactive tracer 1 mass mixing ratio,grg1,21,
210132,Total column GRG tracer 1,tcgrg1,22,
210133,Reactive tracer 2 mass mixing ratio,grg2,21,
210134,Total column GRG tracer 2,tcgrg2,22,
210135,Reactive tracer 3 mass mixing ratio,grg3,21,
210136,Total column GRG tracer 3,tcgrg3,22,
210137,Reactive tracer 4 mass mixing ratio,grg4,21,
210138,Total column GRG tracer 4,tcgrg4,22,
210139,Reactive tracer 5 mass mixing ratio,grg5,21,
210140,Total column GRG tracer 5,tcgrg5,22,
210141,Reactive tracer 6 mass mixing ratio,grg6,21,
210142,Total column GRG tracer 6,tcgrg6,22,
210143,Reactive tracer 7 mass mixing ratio,grg7,21,
210144,Total column GRG tracer 7,tcgrg7,22,
210145,Reactive tracer 8 mass mixing ratio,grg8,21,
210146,Total column GRG tracer 8,tcgrg8,22,
210147,Reactive tracer 9 mass mixing ratio,grg9,21,
210148,Total column GRG tracer 9,tcgrg9,22,
210149,Reactive tracer 10 mass mixing ratio,grg10,21,
210150,Total column GRG tracer 10,tcgrg10,22,
210151,Surface flux Nitrogen oxides,sfnox,33,
210152,Surface flux Nitrogen dioxide,sfno2,33,
210153,Surface flux Sulphur dioxide,sfso2,33,
210154,Surface flux Carbon monoxide,sfco2,33,
210155,Surface flux Formaldehyde,sfhcho,33,
210156,Surface flux GEMS Ozone,sfgo3,33,
210157,Surface flux reactive tracer 1,sfgr1,33,
210158,Surface flux reactive tracer 2,sfgr2,33,
210159,Surface flux reactive tracer 3,sfgr3,33,
210160,Surface flux reactive tracer 4,sfgr4,33,
210161,Surface flux reactive tracer 5,sfgr5,33,
210162,Surface flux reactive tracer 6,sfgr6,33,
210163,Surface flux reactive tracer 7,sfgr7,33,
210164,Surface flux reactive tracer 8,sfgr8,33,
210165,Surface flux reactive tracer 9,sfgr9,33,
210166,Surface flux reactive tracer 10,sfgr10,33,
210167,Wildfire day-time radiative power,frpdayfire,76,
210169,Wildfire night-time radiative power,frpngtfire,76,
210170,Volcanic sulfur dioxide mass mixing ratio,VSO2,21,
210177,Wildfire day-time inverse variance of radiative power,frpdayivar,84,
210179,Wildfire night-time inverse variance of radiative power,frpngtivar,84,
210181,Radon,ra,21,
210182,Sulphur Hexafluoride,sf6,21,
210183,Total column Radon,tcra,22,
210184,Total column Sulphur Hexafluoride,tcsf6,22,
210185,Anthropogenic Emissions of Sulphur Hexafluoride,sf6apf,33,
210186,"UV visible albedo for direct radiation, isotropic component (climatological)",aluvpi,3,
210187,"UV visible albedo for direct radiation, volumetric component (climatological)",aluvpv,3,
210188,"UV visible albedo for direct radiation, geometric component (climatological)",aluvpg,3,
210189,"Near IR albedo for direct radiation, isotropic component (climatological)",alnipi,3,
210190,"Near IR albedo for direct radiation, volumetric component (climatological)",alnipv,3,
210191,"Near IR albedo for direct radiation, geometric component (climatological)",alnipg,3,
210192,"UV visible albedo for diffuse radiation, isotropic component (climatological)",aluvdi,3,
210193,"UV visible albedo for diffuse radiation, volumetric component (climatological)",aluvdv,3,
210194,"UV visible albedo for diffuse radiation, geometric component (climatological)",aluvdg,3,
210195,"Near IR albedo for diffuse radiation, isotropic component (climatological)",alnidi,3,
210196,"Near IR albedo for diffuse radiation, volumetric component (climatological)",alnidv,3,
210197,"Near IR albedo for diffuse radiation, geometric component (climatological)",alnidg,3,
210198,UV visible albedo for diffuse radiation (climatological),aluvd_p,29,
210199,UV visible albedo for direct radiation (climatological),aluvp_p,29,
210200,"UV visible albedo for direct radiation, geometric component (climatological)",aluvpg_p,29,
210201,"UV visible albedo for direct radiation, isotropic component (climatological)",aluvpi_p,29,
210202,"UV visible albedo for direct radiation, volumetric component (climatological)",aluvpv_p,29,
210203,Ozone mass mixing ratio (full chemistry scheme),go3,21,
210206,GEMS Total column ozone,gtco3,22,
210207,Total Aerosol Optical Depth at 550nm,aod550,7,
210208,Sea Salt Aerosol Optical Depth at 550nm,ssaod550,7,
210209,Dust Aerosol Optical Depth at 550nm,duaod550,7,
210210,Organic Matter Aerosol Optical Depth at 550nm,omaod550,7,
210211,Black Carbon Aerosol Optical Depth at 550nm,bcaod550,7,
210212,Sulphate Aerosol Optical Depth at 550nm,suaod550,7,
210213,Total Aerosol Optical Depth at 469nm,aod469,7,
210214,Total Aerosol Optical Depth at 670nm,aod670,7,
210215,Total Aerosol Optical Depth at 865nm,aod865,7,
210216,Total Aerosol Optical Depth at 1240nm,aod1240,7,
210217,Total aerosol optical depth at 340 nm,aod340,7,
210218,Total aerosol optical depth at 355 nm,aod355,7,
210219,Total aerosol optical depth at 380 nm,aod380,7,
210220,Total aerosol optical depth at 400 nm,aod400,7,
210221,Total aerosol optical depth at 440 nm,aod440,7,
210222,Total aerosol optical depth at 500 nm,aod500,7,
210223,Total aerosol optical depth at 532 nm,aod532,7,
210224,Total aerosol optical depth at 645 nm,aod645,7,
210225,Total aerosol optical depth at 800 nm,aod800,7,
210226,Total aerosol optical depth at 858 nm,aod858,7,
210227,Total aerosol optical depth at 1020 nm,aod1020,7,
210228,Total aerosol optical depth at 1064 nm,aod1064,7,
210229,Total aerosol optical depth at 1640 nm,aod1640,7,
210230,Total aerosol optical depth at 2130 nm,aod2130,7,
210231,Wildfire Flux of Toluene (C7H8),c7h8fire,33,
210232,Wildfire Flux of Benzene (C6H6),c6h6fire,33,
210233,Wildfire Flux of Xylene (C8H10),c8h10fire,33,
210234,Wildfire Flux of Butenes (C4H8),c4h8fire,33,
210235,Wildfire Flux of Pentenes (C5H10),c5h10fire,33,
210236,Wildfire Flux of Hexene (C6H12),c6h12fire,33,
210237,Wildfire Flux of Octene (C8H16),c8h16fire,33,
210238,Wildfire Flux of Butanes (C4H10),c4h10fire,33,
210239,Wildfire Flux of Pentanes (C5H12),c5h12fire,33,
210240,Wildfire Flux of Hexanes (C6H14),c6h14fire,33,
210241,Wildfire Flux of Heptane (C7H16),c7h16fire,33,
210242,Plume bottom height above surface,apb,4,
210243,Volcanic sulphate aerosol optical depth at 550 nm,vsuaod550,7,
210244,Volcanic ash optical depth at 550 nm,vashaod550,7,
210245,Profile of total aerosol dry extinction coefficient,taedec550,86,
210246,Profile of total aerosol dry absorption coefficient,taedab550,86,
210247,Nitrate fine mode aerosol mass mixing ratio,aermr16,21,
210248,Nitrate coarse mode aerosol mass mixing ratio,aermr17,21,
210249,Ammonium aerosol mass mixing ratio,aermr18,21,
210250,Nitrate aerosol optical depth at 550 nm,niaod550,23,
210251,Ammonium aerosol optical depth at 550 nm,amaod550,23,
210252,Biogenic secondary organic aerosol mass mixing ratio,aermr19,21,
210253,Anthropogenic secondary organic aerosol mass mixing ratio,aermr20,21,
210260,Near IR albedo for diffuse radiation (climatological),alnid_p,29,
210261,Near IR albedo for direct radiation (climatological),alnip_p,29,
210262,"Near IR albedo for direct radiation, geometric component (climatological)",alnipg_p,29,
210263,"Near IR albedo for direct radiation, isotropic component (climatological)",alnipi_p,29,
210264,"Near IR albedo for direct radiation, volumetric component (climatological)",alnipv_p,29,
211001,Sea Salt Aerosol (0.03 - 0.5 um) Mixing Ratio,aermr01diff,21,
211002,Sea Salt Aerosol (0.5 - 5 um) Mixing Ratio,aermr02diff,21,
211003,Sea Salt Aerosol (5 - 20 um) Mixing Ratio,aermr03diff,21,
211004,Dust Aerosol (0.03 - 0.55 um) Mixing Ratio,aermr04diff,21,
211005,Dust Aerosol (0.55 - 0.9 um) Mixing Ratio,aermr05diff,21,
211006,Dust Aerosol (0.9 - 20 um) Mixing Ratio,aermr06diff,21,
211007,Hydrophilic Organic Matter Aerosol Mixing Ratio,aermr07diff,21,
211008,Hydrophobic Organic Matter Aerosol Mixing Ratio,aermr08diff,21,
211009,Hydrophilic Black Carbon Aerosol Mixing Ratio,aermr09diff,21,
211010,Hydrophobic Black Carbon Aerosol Mixing Ratio,aermr10diff,21,
211011,Sulphate Aerosol Mixing Ratio,aermr11diff,21,
211012,Aerosol type 12 mixing ratio,aermr12diff,21,
211013,Aerosol type 13 mass mixing ratio,aermr13diff,21,
211014,Aerosol type 14 mass mixing ratio,aermr14diff,21,
211015,Aerosol type 15 mass mixing ratio,aermr15diff,21,
211016,Aerosol type 1 source/gain accumulated,aergn01diff,22,
211017,Aerosol type 2 source/gain accumulated,aergn02diff,22,
211018,Aerosol type 3 source/gain accumulated,aergn03diff,22,
211019,Aerosol type 4 source/gain accumulated,aergn04diff,22,
211020,Aerosol type 5 source/gain accumulated,aergn05diff,22,
211021,Aerosol type 6 source/gain accumulated,aergn06diff,22,
211022,Aerosol type 7 source/gain accumulated,aergn07diff,22,
211023,Aerosol type 8 source/gain accumulated,aergn08diff,22,
211024,Aerosol type 9 source/gain accumulated,aergn09diff,22,
211025,Aerosol type 10 source/gain accumulated,aergn10diff,22,
211026,Aerosol type 11 source/gain accumulated,aergn11diff,22,
211027,Aerosol type 12 source/gain accumulated,aergn12diff,22,
211028,SO4 aerosol precursor mass mixing ratio,aerpr03diff,21,
211029,Water vapour mixing ratio for hydrophilic aerosols in mode 1,aerwv01diff,21,
211030,Water vapour mixing ratio for hydrophilic aerosols in mode 2,aerwv02diff,21,
211031,Aerosol type 1 sink/loss accumulated,aerls01diff,22,
211032,Aerosol type 2 sink/loss accumulated,aerls02diff,22,
211033,Aerosol type 3 sink/loss accumulated,aerls03diff,22,
211034,Aerosol type 4 sink/loss accumulated,aerls04diff,22,
211035,Aerosol type 5 sink/loss accumulated,aerls05diff,22,
211036,Aerosol type 6 sink/loss accumulated,aerls06diff,22,
211037,Aerosol type 7 sink/loss accumulated,aerls07diff,22,
211038,Aerosol type 8 sink/loss accumulated,aerls08diff,22,
211039,Aerosol type 9 sink/loss accumulated,aerls09diff,22,
211040,Aerosol type 10 sink/loss accumulated,aerls10diff,22,
211041,Aerosol type 11 sink/loss accumulated,aerls11diff,22,
211042,Aerosol type 12 sink/loss accumulated,aerls12diff,22,
211043,DMS surface emission,emdmsdiff,33,
211044,Water vapour mixing ratio for hydrophilic aerosols in mode 3,aerwv03diff,21,
211045,Water vapour mixing ratio for hydrophilic aerosols in mode 4,aerwv04diff,21,
211046,Aerosol precursor mixing ratio,aerprdiff,21,
211047,Aerosol small mode mixing ratio,aersmdiff,21,
211048,Aerosol large mode mixing ratio,aerlgdiff,21,
211049,Aerosol precursor optical depth,aodprdiff,23,
211050,Aerosol small mode optical depth,aodsmdiff,23,
211051,Aerosol large mode optical depth,aodlgdiff,23,
211052,Dust emission potential,aerdepdiff,90,
211053,Lifting threshold speed,aerltsdiff,5,
211054,Soil clay content,aersccdiff,29,
211055,Experimental product,~,7,
211056,Experimental product,~,7,
211059,Water vapour (chemistry) difference,h2odiff,21,
211061,Carbon Dioxide,co2diff,21,
211062,Methane,ch4diff,21,
211063,Nitrous oxide,n2odiff,21,
211064,Total column Carbon Dioxide,tcco2diff,22,
211065,Total column Methane,tcch4diff,22,
211066,Total column Nitrous oxide,tcn2odiff,22,
211067,Ocean flux of Carbon Dioxide,co2ofdiff,33,
211068,Natural biosphere flux of Carbon Dioxide,co2nbfdiff,33,
211069,Anthropogenic emissions of Carbon Dioxide,co2apfdiff,33,
211070,Methane Surface Fluxes,ch4fdiff,33,
211071,Methane loss rate due to radical hydroxyl (OH),kch4diff,8,
211080,Wildfire flux of Carbon Dioxide,co2firediff,33,
211081,Wildfire flux of Carbon Monoxide,cofirediff,33,
211082,Wildfire flux of Methane,ch4firediff,33,
211083,Wildfire flux of Non-Methane Hydro-Carbons,nmhcfirediff,33,
211084,Wildfire flux of Hydrogen,h2firediff,33,
211085,Wildfire flux of Nitrogen Oxides NOx,noxfirediff,33,
211086,Wildfire flux of Nitrous Oxide,n2ofirediff,33,
211087,Wildfire flux of Particulate Matter PM2.5,pm2p5firediff,33,
211088,Wildfire flux of Total Particulate Matter,tpmfirediff,33,
211089,Wildfire flux of Total Carbon in Aerosols,tcfirediff,33,
211090,Wildfire flux of Organic Carbon,ocfirediff,33,
211091,Wildfire flux of Black Carbon,bcfirediff,33,
211092,Wildfire overall flux of burnt Carbon,cfirediff,33,
211093,Wildfire fraction of C4 plants,c4ffirediff,23,
211094,Wildfire vegetation map index,vegfirediff,23,
211095,Wildfire Combustion Completeness,ccfirediff,23,
211096,Wildfire Fuel Load: Carbon per unit area,flfirediff,22,
211097,Wildfire fraction of area observed,offirediff,23,
211098,Wildfire observed area,oafirediff,31,
211099,Wildfire radiative power,frpfirediff,76,
211100,Wildfire combustion rate,crfirediff,33,
211101,Wildfire radiative power maximum,maxfrpfirediff,179,
211102,Wildfire flux of Sulfur Dioxide,so2firediff,33,
211103,Wildfire Flux of Methanol (CH3OH),ch3ohfirediff,33,
211104,Wildfire Flux of Ethanol (C2H5OH),c2h5ohfirediff,33,
211105,Wildfire Flux of Propane (C3H8),c3h8firediff,33,
211106,Wildfire Flux of Ethene (C2H4),c2h4firediff,33,
211107,Wildfire Flux of Propene (C3H6),c3h6firediff,33,
211108,Wildfire Flux of Isoprene (C5H8),c5h8firediff,33,
211109,Wildfire Flux of Terpenes (C5H8)n,terpenesfirediff,33,
211110,Wildfire Flux of Toluene_lump (C7H8+ C6H6 + C8H10),toluenefirediff,33,
211111,"Wildfire Flux of Higher Alkenes (CnH2n, C>=4)",hialkenesfirediff,33,
211112,"Wildfire Flux of Higher Alkanes (CnH2n+2, C>=4)",hialkanesfirediff,33,
211113,Wildfire Flux of Formaldehyde (CH2O),ch2ofirediff,33,
211114,Wildfire Flux of Acetaldehyde (C2H4O),c2h4ofirediff,33,
211115,Wildfire Flux of Acetone (C3H6O),c3h6ofirediff,33,
211116,Wildfire Flux of Ammonia (NH3),nh3firediff,33,
211117,Wildfire Flux of Dimethyl Sulfide (DMS) (C2H6S),c2h6sfirediff,33,
211118,Wildfire Flux of Ethane (C2H6),c2h6firediff,33,
211119,Altitude of emitter,alediff,4,
211120,Altitude of plume top,aptdiff,4,
211121,Nitrogen dioxide mass mixing ratio difference,no2diff,21,
211122,Sulphur dioxide mass mixing ratio difference,so2diff,21,
211123,Carbon monoxide mass mixing ratio difference,codiff,21,
211124,Formaldehyde,hchodiff,21,
211125,Total column Nitrogen dioxide,tcno2diff,22,
211126,Total column Sulphur dioxide,tcso2diff,22,
211127,Total column Carbon monoxide,tccodiff,22,
211128,Total column Formaldehyde,tchchodiff,22,
211129,Nitrogen Oxides,noxdiff,21,
211130,Total Column Nitrogen Oxides,tcnoxdiff,22,
211131,Reactive tracer 1 mass mixing ratio,grg1diff,21,
211132,Total column GRG tracer 1,tcgrg1diff,22,
211133,Reactive tracer 2 mass mixing ratio,grg2diff,21,
211134,Total column GRG tracer 2,tcgrg2diff,22,
211135,Reactive tracer 3 mass mixing ratio,grg3diff,21,
211136,Total column GRG tracer 3,tcgrg3diff,22,
211137,Reactive tracer 4 mass mixing ratio,grg4diff,21,
211138,Total column GRG tracer 4,tcgrg4diff,22,
211139,Reactive tracer 5 mass mixing ratio,grg5diff,21,
211140,Total column GRG tracer 5,tcgrg5diff,22,
211141,Reactive tracer 6 mass mixing ratio,grg6diff,21,
211142,Total column GRG tracer 6,tcgrg6diff,22,
211143,Reactive tracer 7 mass mixing ratio,grg7diff,21,
211144,Total column GRG tracer 7,tcgrg7diff,22,
211145,Reactive tracer 8 mass mixing ratio,grg8diff,21,
211146,Total column GRG tracer 8,tcgrg8diff,22,
211147,Reactive tracer 9 mass mixing ratio,grg9diff,21,
211148,Total column GRG tracer 9,tcgrg9diff,22,
211149,Reactive tracer 10 mass mixing ratio,grg10diff,21,
211150,Total column GRG tracer 10,tcgrg10diff,22,
211151,Surface flux Nitrogen oxides,sfnoxdiff,33,
211152,Surface flux Nitrogen dioxide,sfno2diff,33,
211153,Surface flux Sulphur dioxide,sfso2diff,33,
211154,Surface flux Carbon monoxide,sfco2diff,33,
211155,Surface flux Formaldehyde,sfhchodiff,33,
211156,Surface flux GEMS Ozone,sfgo3diff,33,
211157,Surface flux reactive tracer 1,sfgr1diff,33,
211158,Surface flux reactive tracer 2,sfgr2diff,33,
211159,Surface flux reactive tracer 3,sfgr3diff,33,
211160,Surface flux reactive tracer 4,sfgr4diff,33,
211161,Surface flux reactive tracer 5,sfgr5diff,33,
211162,Surface flux reactive tracer 6,sfgr6diff,33,
211163,Surface flux reactive tracer 7,sfgr7diff,33,
211164,Surface flux reactive tracer 8,sfgr8diff,33,
211165,Surface flux reactive tracer 9,sfgr9diff,33,
211166,Surface flux reactive tracer 10,sfgr10diff,33,
211170,Volcanic sulfur dioxide mass mixing ratio increment,VSO2diff,21,
211181,Radon,radiff,21,
211182,Sulphur Hexafluoride,sf6diff,21,
211183,Total column Radon,tcradiff,22,
211184,Total column Sulphur Hexafluoride,tcsf6diff,22,
211185,Anthropogenic Emissions of Sulphur Hexafluoride,sf6apfdiff,33,
211203,Ozone mass mixing ratio difference (full chemistry scheme),go3diff,21,
211206,GEMS Total column ozone,gtco3diff,22,
211207,Total Aerosol Optical Depth at 550nm,aod550diff,7,
211208,Sea Salt Aerosol Optical Depth at 550nm,ssaod550diff,7,
211209,Dust Aerosol Optical Depth at 550nm,duaod550diff,7,
211210,Organic Matter Aerosol Optical Depth at 550nm,omaod550diff,7,
211211,Black Carbon Aerosol Optical Depth at 550nm,bcaod550diff,7,
211212,Sulphate Aerosol Optical Depth at 550nm,suaod550diff,7,
211213,Total Aerosol Optical Depth at 469nm,aod469diff,7,
211214,Total Aerosol Optical Depth at 670nm,aod670diff,7,
211215,Total Aerosol Optical Depth at 865nm,aod865diff,7,
211216,Total Aerosol Optical Depth at 1240nm,aod1240diff,7,
211247,Nitrate fine mode aerosol mass mixing ratio,aermr16diff,21,
211248,Nitrate coarse mode aerosol mass mixing ratio,aermr17diff,21,
211249,Ammonium aerosol mass mixing ratio,aermr18diff,21,
211252,Biogenic secondary organic aerosol mass mixing ratio increment,aermr19diff,21,
211253,Anthropogenic secondary organic aerosol mass mixing ratio increment,aermr20diff,21,
212001,Experimental product,~,7,
212002,Experimental product,~,7,
212003,Experimental product,~,7,
212004,Experimental product,~,7,
212005,Experimental product,~,7,
212006,Experimental product,~,7,
212007,Experimental product,~,7,
212008,Experimental product,~,7,
212009,Experimental product,~,7,
212010,Experimental product,~,7,
212011,Experimental product,~,7,
212012,Experimental product,~,7,
212013,Experimental product,~,7,
212014,Experimental product,~,7,
212015,Experimental product,~,7,
212016,Experimental product,~,7,
212017,Experimental product,~,7,
212018,Experimental product,~,7,
212019,Experimental product,~,7,
212020,Experimental product,~,7,
212021,Experimental product,~,7,
212022,Experimental product,~,7,
212023,Experimental product,~,7,
212024,Experimental product,~,7,
212025,Experimental product,~,7,
212026,Experimental product,~,7,
212027,Experimental product,~,7,
212028,Experimental product,~,7,
212029,Experimental product,~,7,
212030,Experimental product,~,7,
212031,Experimental product,~,7,
212032,Experimental product,~,7,
212033,Experimental product,~,7,
212034,Experimental product,~,7,
212035,Experimental product,~,7,
212036,Experimental product,~,7,
212037,Experimental product,~,7,
212038,Experimental product,~,7,
212039,Experimental product,~,7,
212040,Experimental product,~,7,
212041,Experimental product,~,7,
212042,Experimental product,~,7,
212043,Experimental product,~,7,
212044,Experimental product,~,7,
212045,Experimental product,~,7,
212046,Experimental product,~,7,
212047,Experimental product,~,7,
212048,Experimental product,~,7,
212049,Experimental product,~,7,
212050,Experimental product,~,7,
212051,Experimental product,~,7,
212052,Experimental product,~,7,
212053,Experimental product,~,7,
212054,Experimental product,~,7,
212055,Experimental product,~,7,
212056,Experimental product,~,7,
212057,Experimental product,~,7,
212058,Experimental product,~,7,
212059,Experimental product,~,7,
212060,Experimental product,~,7,
212061,Experimental product,~,7,
212062,Experimental product,~,7,
212063,Experimental product,~,7,
212064,Experimental product,~,7,
212065,Experimental product,~,7,
212066,Experimental product,~,7,
212067,Experimental product,~,7,
212068,Experimental product,~,7,
212069,Experimental product,~,7,
212070,Experimental product,~,7,
212071,Experimental product,~,7,
212072,Experimental product,~,7,
212073,Experimental product,~,7,
212074,Experimental product,~,7,
212075,Experimental product,~,7,
212076,Experimental product,~,7,
212077,Experimental product,~,7,
212078,Experimental product,~,7,
212079,Experimental product,~,7,
212080,Experimental product,~,7,
212081,Experimental product,~,7,
212082,Experimental product,~,7,
212083,Experimental product,~,7,
212084,Experimental product,~,7,
212085,Experimental product,~,7,
212086,Experimental product,~,7,
212087,Experimental product,~,7,
212088,Experimental product,~,7,
212089,Experimental product,~,7,
212090,Experimental product,~,7,
212091,Experimental product,~,7,
212092,Experimental product,~,7,
212093,Experimental product,~,7,
212094,Experimental product,~,7,
212095,Experimental product,~,7,
212096,Experimental product,~,7,
212097,Experimental product,~,7,
212098,Experimental product,~,7,
212099,Experimental product,~,7,
212100,Experimental product,~,7,
212101,Experimental product,~,7,
212102,Experimental product,~,7,
212103,Experimental product,~,7,
212104,Experimental product,~,7,
212105,Experimental product,~,7,
212106,Experimental product,~,7,
212107,Experimental product,~,7,
212108,Experimental product,~,7,
212109,Experimental product,~,7,
212110,Experimental product,~,7,
212111,Experimental product,~,7,
212112,Experimental product,~,7,
212113,Experimental product,~,7,
212114,Experimental product,~,7,
212115,Experimental product,~,7,
212116,Experimental product,~,7,
212117,Experimental product,~,7,
212118,Experimental product,~,7,
212119,Experimental product,~,7,
212120,Experimental product,~,7,
212121,Experimental product,~,7,
212122,Experimental product,~,7,
212123,Experimental product,~,7,
212124,Experimental product,~,7,
212125,Experimental product,~,7,
212126,Experimental product,~,7,
212127,Experimental product,~,7,
212128,Experimental product,~,7,
212129,Experimental product,~,7,
212130,Experimental product,~,7,
212131,Experimental product,~,7,
212132,Experimental product,~,7,
212133,Experimental product,~,7,
212134,Experimental product,~,7,
212135,Experimental product,~,7,
212136,Experimental product,~,7,
212137,Experimental product,~,7,
212138,Experimental product,~,7,
212139,Experimental product,~,7,
212140,Experimental product,~,7,
212141,Experimental product,~,7,
212142,Experimental product,~,7,
212143,Experimental product,~,7,
212144,Experimental product,~,7,
212145,Experimental product,~,7,
212146,Experimental product,~,7,
212147,Experimental product,~,7,
212148,Experimental product,~,7,
212149,Experimental product,~,7,
212150,Experimental product,~,7,
212151,Experimental product,~,7,
212152,Experimental product,~,7,
212153,Experimental product,~,7,
212154,Experimental product,~,7,
212155,Experimental product,~,7,
212156,Experimental product,~,7,
212157,Experimental product,~,7,
212158,Experimental product,~,7,
212159,Experimental product,~,7,
212160,Experimental product,~,7,
212161,Experimental product,~,7,
212162,Experimental product,~,7,
212163,Experimental product,~,7,
212164,Experimental product,~,7,
212165,Experimental product,~,7,
212166,Experimental product,~,7,
212167,Experimental product,~,7,
212168,Experimental product,~,7,
212169,Experimental product,~,7,
212170,Experimental product,~,7,
212171,Experimental product,~,7,
212172,Experimental product,~,7,
212173,Experimental product,~,7,
212174,Experimental product,~,7,
212175,Experimental product,~,7,
212176,Experimental product,~,7,
212177,Experimental product,~,7,
212178,Experimental product,~,7,
212179,Experimental product,~,7,
212180,Experimental product,~,7,
212181,Experimental product,~,7,
212182,Experimental product,~,7,
212183,Experimental product,~,7,
212184,Experimental product,~,7,
212185,Experimental product,~,7,
212186,Experimental product,~,7,
212187,Experimental product,~,7,
212188,Experimental product,~,7,
212189,Experimental product,~,7,
212190,Experimental product,~,7,
212191,Experimental product,~,7,
212192,Experimental product,~,7,
212193,Experimental product,~,7,
212194,Experimental product,~,7,
212195,Experimental product,~,7,
212196,Experimental product,~,7,
212197,Experimental product,~,7,
212198,Experimental product,~,7,
212199,Experimental product,~,7,
212200,Experimental product,~,7,
212201,Experimental product,~,7,
212202,Experimental product,~,7,
212203,Experimental product,~,7,
212204,Experimental product,~,7,
212205,Experimental product,~,7,
212206,Experimental product,~,7,
212207,Experimental product,~,7,
212208,Experimental product,~,7,
212209,Experimental product,~,7,
212210,Experimental product,~,7,
212211,Experimental product,~,7,
212212,Experimental product,~,7,
212213,Experimental product,~,7,
212214,Experimental product,~,7,
212215,Experimental product,~,7,
212216,Experimental product,~,7,
212217,Experimental product,~,7,
212218,Experimental product,~,7,
212219,Experimental product,~,7,
212220,Experimental product,~,7,
212221,Experimental product,~,7,
212222,Experimental product,~,7,
212223,Experimental product,~,7,
212224,Experimental product,~,7,
212225,Experimental product,~,7,
212226,Experimental product,~,7,
212227,Experimental product,~,7,
212228,Experimental product,~,7,
212229,Experimental product,~,7,
212230,Experimental product,~,7,
212231,Experimental product,~,7,
212232,Experimental product,~,7,
212233,Experimental product,~,7,
212234,Experimental product,~,7,
212235,Experimental product,~,7,
212236,Experimental product,~,7,
212237,Experimental product,~,7,
212238,Experimental product,~,7,
212239,Experimental product,~,7,
212240,Experimental product,~,7,
212241,Experimental product,~,7,
212242,Experimental product,~,7,
212243,Experimental product,~,7,
212244,Experimental product,~,7,
212245,Experimental product,~,7,
212246,Experimental product,~,7,
212247,Experimental product,~,7,
212248,Experimental product,~,7,
212249,Experimental product,~,7,
212250,Experimental product,~,7,
212251,Experimental product,~,7,
212252,Experimental product,~,7,
212253,Experimental product,~,7,
212254,Experimental product,~,7,
212255,Experimental product,~,7,
213001,Random pattern 1 for sppt,sppt1,23,
213002,Random pattern 2 for sppt,sppt2,23,
213003,Random pattern 3 for sppt,sppt3,23,
213004,Random pattern 4 for sppt,sppt4,23,
213005,Random pattern 5 for sppt,sppt5,23,
213101,Random pattern 1 for SPP scheme,spp1,23,
213102,Random pattern 2 for SPP scheme,spp2,23,
213103,Random pattern 3 for SPP scheme,spp3,23,
213104,Random pattern 4 for SPP scheme,spp4,23,
213105,Random pattern 5 for SPP scheme,spp5,23,
213106,Random pattern 6 for SPP scheme,spp6,23,
213107,Random pattern 7 for SPP scheme,spp7,23,
213108,Random pattern 8 for SPP scheme,spp8,23,
213109,Random pattern 9 for SPP scheme,spp9,23,
213110,Random pattern 10 for SPP scheme,spp10,23,
213111,Random pattern 11 for SPP scheme,spp11,23,
213112,Random pattern 12 for SPP scheme,spp12,23,
213113,Random pattern 13 for SPP scheme,spp13,23,
213114,Random pattern 14 for SPP scheme,spp14,23,
213115,Random pattern 15 for SPP scheme,spp15,23,
213116,Random pattern 16 for SPP scheme,spp16,23,
213117,Random pattern 17 for SPP scheme,spp17,23,
213118,Random pattern 18 for SPP scheme,spp18,23,
213119,Random pattern 19 for SPP scheme,spp19,23,
213120,Random pattern 20 for SPP scheme,spp20,23,
213121,Random pattern 21 for SPP scheme,spp21,23,
213122,Random pattern 22 for SPP scheme,spp22,23,
213123,Random pattern 23 for SPP scheme,spp23,23,
213124,Random pattern 24 for SPP scheme,spp24,23,
213125,Random pattern 25 for SPP scheme,spp25,23,
213126,Random pattern 26 for SPP scheme,spp26,23,
213127,Random pattern 27 for SPP scheme,spp27,23,
213128,Random pattern 28 for SPP scheme,spp28,23,
213129,Random pattern 29 for SPP scheme,spp29,23,
213130,Random pattern 30 for SPP scheme,spp30,23,
213131,Random pattern 31 for SPP scheme,spp31,23,
213132,Random pattern 32 for SPP scheme,spp32,23,
213133,Random pattern 33 for SPP scheme,spp33,23,
213134,Random pattern 34 for SPP scheme,spp34,23,
213135,Random pattern 35 for SPP scheme,spp35,23,
213136,Random pattern 36 for SPP scheme,spp36,23,
213137,Random pattern 37 for SPP scheme,spp37,23,
213138,Random pattern 38 for SPP scheme,spp38,23,
213139,Random pattern 39 for SPP scheme,spp39,23,
213140,Random pattern 40 for SPP scheme,spp40,23,
213141,Random pattern 41 for SPP scheme,spp41,23,
213142,Random pattern 42 for SPP scheme,spp42,23,
213143,Random pattern 43 for SPP scheme,spp43,23,
213144,Random pattern 44 for SPP scheme,spp44,23,
213145,Random pattern 45 for SPP scheme,spp45,23,
213146,Random pattern 46 for SPP scheme,spp46,23,
213147,Random pattern 47 for SPP scheme,spp47,23,
213148,Random pattern 48 for SPP scheme,spp48,23,
213149,Random pattern 49 for SPP scheme,spp49,23,
213150,Random pattern 50 for SPP scheme,spp50,23,
213151,Random pattern 51 for SPP scheme,spp51,23,
213152,Random pattern 52 for SPP scheme,spp52,23,
213153,Random pattern 53 for SPP scheme,spp53,23,
213154,Random pattern 54 for SPP scheme,spp54,23,
213155,Random pattern 55 for SPP scheme,spp55,23,
213156,Random pattern 56 for SPP scheme,spp56,23,
213157,Random pattern 57 for SPP scheme,spp57,23,
213158,Random pattern 58 for SPP scheme,spp58,23,
213159,Random pattern 59 for SPP scheme,spp59,23,
213160,Random pattern 60 for SPP scheme,spp60,23,
213161,Random pattern 61 for SPP scheme,spp61,23,
213162,Random pattern 62 for SPP scheme,spp62,23,
213163,Random pattern 63 for SPP scheme,spp63,23,
213164,Random pattern 64 for SPP scheme,spp64,23,
213165,Random pattern 65 for SPP scheme,spp65,23,
213166,Random pattern 66 for SPP scheme,spp66,23,
213167,Random pattern 67 for SPP scheme,spp67,23,
213168,Random pattern 68 for SPP scheme,spp68,23,
213169,Random pattern 69 for SPP scheme,spp69,23,
213170,Random pattern 70 for SPP scheme,spp70,23,
213171,Random pattern 71 for SPP scheme,spp71,23,
213172,Random pattern 72 for SPP scheme,spp72,23,
213173,Random pattern 73 for SPP scheme,spp73,23,
213174,Random pattern 74 for SPP scheme,spp74,23,
213175,Random pattern 75 for SPP scheme,spp75,23,
213176,Random pattern 76 for SPP scheme,spp76,23,
213177,Random pattern 77 for SPP scheme,spp77,23,
213178,Random pattern 78 for SPP scheme,spp78,23,
213179,Random pattern 79 for SPP scheme,spp79,23,
213180,Random pattern 80 for SPP scheme,spp80,23,
213181,Random pattern 81 for SPP scheme,spp81,23,
213182,Random pattern 82 for SPP scheme,spp82,23,
213183,Random pattern 83 for SPP scheme,spp83,23,
213184,Random pattern 84 for SPP scheme,spp84,23,
213185,Random pattern 85 for SPP scheme,spp85,23,
213186,Random pattern 86 for SPP scheme,spp86,23,
213187,Random pattern 87 for SPP scheme,spp87,23,
213188,Random pattern 88 for SPP scheme,spp88,23,
213189,Random pattern 89 for SPP scheme,spp89,23,
213190,Random pattern 90 for SPP scheme,spp90,23,
213191,Random pattern 91 for SPP scheme,spp91,23,
213192,Random pattern 92 for SPP scheme,spp92,23,
213193,Random pattern 93 for SPP scheme,spp93,23,
213194,Random pattern 94 for SPP scheme,spp94,23,
213195,Random pattern 95 for SPP scheme,spp95,23,
213196,Random pattern 96 for SPP scheme,spp96,23,
213197,Random pattern 97 for SPP scheme,spp97,23,
213198,Random pattern 98 for SPP scheme,spp98,23,
213199,Random pattern 99 for SPP scheme,spp99,23,
213200,Random pattern 100 for SPP scheme,spp100,23,
213201,Random pattern 101 for SPP scheme,spp101,23,
213202,Random pattern 102 for SPP scheme,spp102,23,
213203,Random pattern 103 for SPP scheme,spp103,23,
213204,Random pattern 104 for SPP scheme,spp104,23,
213205,Random pattern 105 for SPP scheme,spp105,23,
213206,Random pattern 106 for SPP scheme,spp106,23,
213207,Random pattern 107 for SPP scheme,spp107,23,
213208,Random pattern 108 for SPP scheme,spp108,23,
213209,Random pattern 109 for SPP scheme,spp109,23,
213210,Random pattern 110 for SPP scheme,spp110,23,
213211,Random pattern 111 for SPP scheme,spp111,23,
213212,Random pattern 112 for SPP scheme,spp112,23,
213213,Random pattern 113 for SPP scheme,spp113,23,
213214,Random pattern 114 for SPP scheme,spp114,23,
213215,Random pattern 115 for SPP scheme,spp115,23,
213216,Random pattern 116 for SPP scheme,spp116,23,
213217,Random pattern 117 for SPP scheme,spp117,23,
213218,Random pattern 118 for SPP scheme,spp118,23,
213219,Random pattern 119 for SPP scheme,spp119,23,
213220,Random pattern 120 for SPP scheme,spp120,23,
213221,Random pattern 121 for SPP scheme,spp121,23,
214001,Cosine of solar zenith angle,cossza,106,
214002,UV biologically effective dose,uvbed,7,
214003,UV biologically effective dose clear-sky,uvbedcs,7,
214004,Total surface UV spectral flux (280-285 nm),uvsflxt280285,76,
214005,Total surface UV spectral flux (285-290 nm),uvsflxt285290,76,
214006,Total surface UV spectral flux (290-295 nm),uvsflxt290295,76,
214007,Total surface UV spectral flux (295-300 nm),uvsflxt295300,76,
214008,Total surface UV spectral flux (300-305 nm),uvsflxt300305,76,
214009,Total surface UV spectral flux (305-310 nm),uvsflxt305310,76,
214010,Total surface UV spectral flux (310-315 nm),uvsflxt310315,76,
214011,Total surface UV spectral flux (315-320 nm),uvsflxt315320,76,
214012,Total surface UV spectral flux (320-325 nm),uvsflxt320325,76,
214013,Total surface UV spectral flux (325-330 nm),uvsflxt325330,76,
214014,Total surface UV spectral flux (330-335 nm),uvsflxt330335,76,
214015,Total surface UV spectral flux (335-340 nm),uvsflxt335340,76,
214016,Total surface UV spectral flux (340-345 nm),uvsflxt340345,76,
214017,Total surface UV spectral flux (345-350 nm),uvsflxt345350,76,
214018,Total surface UV spectral flux (350-355 nm),uvsflxt350355,76,
214019,Total surface UV spectral flux (355-360 nm),uvsflxt355360,76,
214020,Total surface UV spectral flux (360-365 nm),uvsflxt360365,76,
214021,Total surface UV spectral flux (365-370 nm),uvsflxt365370,76,
214022,Total surface UV spectral flux (370-375 nm),uvsflxt370375,76,
214023,Total surface UV spectral flux (375-380 nm),uvsflxt375380,76,
214024,Total surface UV spectral flux (380-385 nm),uvsflxt380385,76,
214025,Total surface UV spectral flux (385-390 nm),uvsflxt385390,76,
214026,Total surface UV spectral flux (390-395 nm),uvsflxt390395,76,
214027,Total surface UV spectral flux (395-400 nm),uvsflxt395400,76,
214028,Clear-sky surface UV spectral flux (280-285 nm),uvsflxcs280285,76,
214029,Clear-sky surface UV spectral flux (285-290 nm),uvsflxcs285290,76,
214030,Clear-sky surface UV spectral flux (290-295 nm),uvsflxcs290295,76,
214031,Clear-sky surface UV spectral flux (295-300 nm),uvsflxcs295300,76,
214032,Clear-sky surface UV spectral flux (300-305 nm),uvsflxcs300305,76,
214033,Clear-sky surface UV spectral flux (305-310 nm),uvsflxcs305310,76,
214034,Clear-sky surface UV spectral flux (310-315 nm),uvsflxcs310315,76,
214035,Clear-sky surface UV spectral flux (315-320 nm),uvsflxcs315320,76,
214036,Clear-sky surface UV spectral flux (320-325 nm),uvsflxcs320325,76,
214037,Clear-sky surface UV spectral flux (325-330 nm),uvsflxcs325330,76,
214038,Clear-sky surface UV spectral flux (330-335 nm),uvsflxcs330335,76,
214039,Clear-sky surface UV spectral flux (335-340 nm),uvsflxcs335340,76,
214040,Clear-sky surface UV spectral flux (340-345 nm),uvsflxcs340345,76,
214041,Clear-sky surface UV spectral flux (345-350 nm),uvsflxcs345350,76,
214042,Clear-sky surface UV spectral flux (350-355 nm),uvsflxcs350355,76,
214043,Clear-sky surface UV spectral flux (355-360 nm),uvsflxcs355360,76,
214044,Clear-sky surface UV spectral flux (360-365 nm),uvsflxcs360365,76,
214045,Clear-sky surface UV spectral flux (365-370 nm),uvsflxcs365370,76,
214046,Clear-sky surface UV spectral flux (370-375 nm),uvsflxcs370375,76,
214047,Clear-sky surface UV spectral flux (375-380 nm),uvsflxcs375380,76,
214048,Clear-sky surface UV spectral flux (380-385 nm),uvsflxcs380385,76,
214049,Clear-sky surface UV spectral flux (385-390 nm),uvsflxcs385390,76,
214050,Clear-sky surface UV spectral flux (390-395 nm),uvsflxcs390395,76,
214051,Clear-sky surface UV spectral flux (395-400 nm),uvsflxcs395400,76,
214052,Profile of optical thickness at 340 nm,aot340,7,
215001,Source/gain of sea salt aerosol (0.03 - 0.5 um),aersrcsss,33,
215002,Source/gain of sea salt aerosol (0.5 - 5 um),aersrcssm,33,
215003,Source/gain of sea salt aerosol (5 - 20 um),aersrcssl,33,
215004,Dry deposition of sea salt aerosol (0.03 - 0.5 um),aerddpsss,33,
215005,Dry deposition of sea salt aerosol (0.5 - 5 um),aerddpssm,33,
215006,Dry deposition of sea salt aerosol (5 - 20 um),aerddpssl,33,
215007,Sedimentation of sea salt aerosol (0.03 - 0.5 um),aersdmsss,33,
215008,Sedimentation of sea salt aerosol (0.5 - 5 um),aersdmssm,33,
215009,Sedimentation of sea salt aerosol (5 - 20 um),aersdmssl,33,
215010,Wet deposition of sea salt aerosol (0.03 - 0.5 um) by large-scale precipitation,aerwdlssss,33,
215011,Wet deposition of sea salt aerosol (0.5 - 5 um) by large-scale precipitation,aerwdlsssm,33,
215012,Wet deposition of sea salt aerosol (5 - 20 um) by large-scale precipitation,aerwdlsssl,33,
215013,Wet deposition of sea salt aerosol (0.03 - 0.5 um) by convective precipitation,aerwdccsss,33,
215014,Wet deposition of sea salt aerosol (0.5 - 5 um) by convective precipitation,aerwdccssm,33,
215015,Wet deposition of sea salt aerosol (5 - 20 um) by convective precipitation,aerwdccssl,33,
215016,Negative fixer of sea salt aerosol (0.03 - 0.5 um),aerngtsss,33,
215017,Negative fixer of sea salt aerosol (0.5 - 5 um),aerngtssm,33,
215018,Negative fixer of sea salt aerosol (5 - 20 um),aerngtssl,33,
215019,Vertically integrated mass of sea salt aerosol (0.03 - 0.5 um),aermsssss,22,
215020,Vertically integrated mass of sea salt aerosol (0.5 - 5 um),aermssssm,22,
215021,Vertically integrated mass of sea salt aerosol (5 - 20 um),aermssssl,22,
215022,Sea salt aerosol (0.03 - 0.5 um) optical depth,aerodsss,7,
215023,Sea salt aerosol (0.5 - 5 um) optical depth,aerodssm,7,
215024,Sea salt aerosol (5 - 20 um) optical depth,aerodssl,7,
215025,Source/gain of dust aerosol (0.03 - 0.55 um),aersrcdus,33,
215026,Source/gain of dust aerosol (0.55 - 0.9 um),aersrcdum,33,
215027,Source/gain of dust aerosol (0.9 - 20 um),aersrcdul,33,
215028,Dry deposition of dust aerosol (0.03 - 0.55 um),aerddpdus,33,
215029,Dry deposition of dust aerosol (0.55 - 0.9 um),aerddpdum,33,
215030,Dry deposition of dust aerosol (0.9 - 20 um),aerddpdul,33,
215031,Sedimentation of dust aerosol (0.03 - 0.55 um),aersdmdus,33,
215032,Sedimentation of dust aerosol (0.55 - 0.9 um),aersdmdum,33,
215033,Sedimentation of dust aerosol (0.9 - 20 um),aersdmdul,33,
215034,Wet deposition of dust aerosol (0.03 - 0.55 um) by large-scale precipitation,aerwdlsdus,33,
215035,Wet deposition of dust aerosol (0.55 - 0.9 um) by large-scale precipitation,aerwdlsdum,33,
215036,Wet deposition of dust aerosol (0.9 - 20 um) by large-scale precipitation,aerwdlsdul,33,
215037,Wet deposition of dust aerosol (0.03 - 0.55 um) by convective precipitation,aerwdccdus,33,
215038,Wet deposition of dust aerosol (0.55 - 0.9 um) by convective precipitation,aerwdccdum,33,
215039,Wet deposition of dust aerosol (0.9 - 20 um) by convective precipitation,aerwdccdul,33,
215040,Negative fixer of dust aerosol (0.03 - 0.55 um),aerngtdus,33,
215041,Negative fixer of dust aerosol (0.55 - 0.9 um),aerngtdum,33,
215042,Negative fixer of dust aerosol (0.9 - 20 um),aerngtdul,33,
215043,Vertically integrated mass of dust aerosol (0.03 - 0.55 um),aermssdus,22,
215044,Vertically integrated mass of dust aerosol (0.55 - 0.9 um),aermssdum,22,
215045,Vertically integrated mass of dust aerosol (0.9 - 20 um),aermssdul,22,
215046,Dust aerosol (0.03 - 0.55 um) optical depth,aeroddus,7,
215047,Dust aerosol (0.55 - 0.9 um) optical depth,aeroddum,7,
215048,Dust aerosol (0.9 - 20 um) optical depth,aeroddul,7,
215049,Source/gain of hydrophobic organic matter aerosol,aersrcomhphob,33,
215050,Source/gain of hydrophilic organic matter aerosol,aersrcomhphil,33,
215051,Dry deposition of hydrophobic organic matter aerosol,aerddpomhphob,33,
215052,Dry deposition of hydrophilic organic matter aerosol,aerddpomhphil,33,
215053,Sedimentation of hydrophobic organic matter aerosol,aersdmomhphob,33,
215054,Sedimentation of hydrophilic organic matter aerosol,aersdmomhphil,33,
215055,Wet deposition of hydrophobic organic matter aerosol by large-scale precipitation,aerwdlsomhphob,33,
215056,Wet deposition of hydrophilic organic matter aerosol by large-scale precipitation,aerwdlsomhphil,33,
215057,Wet deposition of hydrophobic organic matter aerosol by convective precipitation,aerwdccomhphob,33,
215058,Wet deposition of hydrophilic organic matter aerosol by convective precipitation,aerwdccomhphil,33,
215059,Negative fixer of hydrophobic organic matter aerosol,aerngtomhphob,33,
215060,Negative fixer of hydrophilic organic matter aerosol,aerngtomhphil,33,
215061,Vertically integrated mass of hydrophobic organic matter aerosol,aermssomhphob,22,
215062,Vertically integrated mass of hydrophilic organic matter aerosol,aermssomhphil,22,
215063,Hydrophobic organic matter aerosol optical depth,aerodomhphob,7,
215064,Hydrophilic organic matter aerosol optical depth,aerodomhphil,7,
215065,Source/gain of hydrophobic black carbon aerosol,aersrcbchphob,33,
215066,Source/gain of hydrophilic black carbon aerosol,aersrcbchphil,33,
215067,Dry deposition of hydrophobic black carbon aerosol,aerddpbchphob,33,
215068,Dry deposition of hydrophilic black carbon aerosol,aerddpbchphil,33,
215069,Sedimentation of hydrophobic black carbon aerosol,aersdmbchphob,33,
215070,Sedimentation of hydrophilic black carbon aerosol,aersdmbchphil,33,
215071,Wet deposition of hydrophobic black carbon aerosol by large-scale precipitation,aerwdlsbchphob,33,
215072,Wet deposition of hydrophilic black carbon aerosol by large-scale precipitation,aerwdlsbchphil,33,
215073,Wet deposition of hydrophobic black carbon aerosol by convective precipitation,aerwdccbchphob,33,
215074,Wet deposition of hydrophilic black carbon aerosol by convective precipitation,aerwdccbchphil,33,
215075,Negative fixer of hydrophobic black carbon aerosol,aerngtbchphob,33,
215076,Negative fixer of hydrophilic black carbon aerosol,aerngtbchphil,33,
215077,Vertically integrated mass of hydrophobic black carbon aerosol,aermssbchphob,22,
215078,Vertically integrated mass of hydrophilic black carbon aerosol,aermssbchphil,22,
215079,Hydrophobic black carbon aerosol optical depth,aerodbchphob,7,
215080,Hydrophilic black carbon aerosol optical depth,aerodbchphil,7,
215081,Source/gain of sulphate aerosol,aersrcsu,33,
215082,Dry deposition of sulphate aerosol,aerddpsu,33,
215083,Sedimentation of sulphate aerosol,aersdmsu,33,
215084,Wet deposition of sulphate aerosol by large-scale precipitation,aerwdlssu,33,
215085,Wet deposition of sulphate aerosol by convective precipitation,aerwdccsu,33,
215086,Negative fixer of sulphate aerosol,aerngtsu,33,
215087,Vertically integrated mass of sulphate aerosol,aermsssu,22,
215088,Sulphate aerosol optical depth,aerodsu,7,
215089,Accumulated total aerosol optical depth at 550 nm,accaod550,12,
215090,Effective (snow effect included) UV visible albedo for direct radiation,aluvpsn,3,
215091,10 metre wind speed dust emission potential,aerdep10si,90,
215092,10 metre wind gustiness dust emission potential,aerdep10fg,90,
215093,Total aerosol optical thickness at 532 nm,aot532,23,
215094,Natural (sea-salt and dust) aerosol optical thickness at 532 nm,naot532,23,
215095,"Anthropogenic (black carbon, organic matter, sulphate) aerosol optical thickness at 532 nm",aaot532,23,
215096,Total absorption aerosol optical depth at 340 nm,aodabs340,7,
215097,Total absorption aerosol optical depth at 355 nm,aodabs355,7,
215098,Total absorption aerosol optical depth at 380 nm,aodabs380,7,
215099,Total absorption aerosol optical depth at 400 nm,aodabs400,7,
215100,Total absorption aerosol optical depth at 440 nm,aodabs440,7,
215101,Total absorption aerosol optical depth at 469 nm,aodabs469,7,
215102,Total absorption aerosol optical depth at 500 nm,aodabs500,7,
215103,Total absorption aerosol optical depth at 532 nm,aodabs532,7,
215104,Total absorption aerosol optical depth at 550 nm,aodabs550,7,
215105,Total absorption aerosol optical depth at 645 nm,aodabs645,7,
215106,Total absorption aerosol optical depth at 670 nm,aodabs670,7,
215107,Total absorption aerosol optical depth at 800 nm,aodabs800,7,
215108,Total absorption aerosol optical depth at 858 nm,aodabs858,7,
215109,Total absorption aerosol optical depth at 865 nm,aodabs865,7,
215110,Total absorption aerosol optical depth at 1020 nm,aodabs1020,7,
215111,Total absorption aerosol optical depth at 1064 nm,aodabs1064,7,
215112,Total absorption aerosol optical depth at 1240 nm,aodabs1240,7,
215113,Total absorption aerosol optical depth at 1640 nm,aodabs1640,7,
215114,Total fine mode (r < 0.5 um) aerosol optical depth at 340 nm,aodfm340,7,
215115,Total fine mode (r < 0.5 um) aerosol optical depth at 355 nm,aodfm355,7,
215116,Total fine mode (r < 0.5 um) aerosol optical depth at 380 nm,aodfm380,7,
215117,Total fine mode (r < 0.5 um) aerosol optical depth at 400 nm,aodfm400,7,
215118,Total fine mode (r < 0.5 um) aerosol optical depth at 440 nm,aodfm440,7,
215119,Total fine mode (r < 0.5 um) aerosol optical depth at 469 nm,aodfm469,7,
215120,Total fine mode (r < 0.5 um) aerosol optical depth at 500 nm,aodfm500,7,
215121,Total fine mode (r < 0.5 um) aerosol optical depth at 532 nm,aodfm532,7,
215122,Total fine mode (r < 0.5 um) aerosol optical depth at 550 nm,aodfm550,7,
215123,Total fine mode (r < 0.5 um) aerosol optical depth at 645 nm,aodfm645,7,
215124,Total fine mode (r < 0.5 um) aerosol optical depth at 670 nm,aodfm670,7,
215125,Total fine mode (r < 0.5 um) aerosol optical depth at 800 nm,aodfm800,7,
215126,Total fine mode (r < 0.5 um) aerosol optical depth at 858 nm,aodfm858,7,
215127,Total fine mode (r < 0.5 um) aerosol optical depth at 865 nm,aodfm865,7,
215128,Total fine mode (r < 0.5 um) aerosol optical depth at 1020 nm,aodfm1020,7,
215129,Total fine mode (r < 0.5 um) aerosol optical depth at 1064 nm,aodfm1064,7,
215130,Total fine mode (r < 0.5 um) aerosol optical depth at 1240 nm,aodfm1240,7,
215131,Total fine mode (r < 0.5 um) aerosol optical depth at 1640 nm,aodfm1640,7,
215132,Single scattering albedo at 340 nm,ssa340,3,
215133,Single scattering albedo at 355 nm,ssa355,3,
215134,Single scattering albedo at 380 nm,ssa380,3,
215135,Single scattering albedo at 400 nm,ssa400,3,
215136,Single scattering albedo at 440 nm,ssa440,3,
215137,Single scattering albedo at 469 nm,ssa469,3,
215138,Single scattering albedo at 500 nm,ssa500,3,
215139,Single scattering albedo at 532 nm,ssa532,3,
215140,Single scattering albedo at 550 nm,ssa550,3,
215141,Single scattering albedo at 645 nm,ssa645,3,
215142,Single scattering albedo at 670 nm,ssa670,3,
215143,Single scattering albedo at 800 nm,ssa800,3,
215144,Single scattering albedo at 858 nm,ssa858,3,
215145,Single scattering albedo at 865 nm,ssa865,3,
215146,Single scattering albedo at 1020 nm,ssa1020,3,
215147,Single scattering albedo at 1064 nm,ssa1064,3,
215148,Single scattering albedo at 1240 nm,ssa1240,3,
215149,Single scattering albedo at 1640 nm,ssa1640,3,
215150,Asymmetry factor at 340 nm,asymmetry340,7,
215151,Asymmetry factor at 355 nm,asymmetry355,7,
215152,Asymmetry factor at 380 nm,asymmetry380,7,
215153,Asymmetry factor at 400 nm,asymmetry400,7,
215154,Asymmetry factor at 440 nm,asymmetry440,7,
215155,Asymmetry factor at 469 nm,asymmetry469,7,
215156,Asymmetry factor at 500 nm,asymmetry500,7,
215157,Asymmetry factor at 532 nm,asymmetry532,7,
215158,Asymmetry factor at 550 nm,asymmetry550,7,
215159,Asymmetry factor at 645 nm,asymmetry645,7,
215160,Asymmetry factor at 670 nm,asymmetry670,7,
215161,Asymmetry factor at 800 nm,asymmetry800,7,
215162,Asymmetry factor at 858 nm,asymmetry858,7,
215163,Asymmetry factor at 865 nm,asymmetry865,7,
215164,Asymmetry factor at 1020 nm,asymmetry1020,7,
215165,Asymmetry factor at 1064 nm,asymmetry1064,7,
215166,Asymmetry factor at 1240 nm,asymmetry1240,7,
215167,Asymmetry factor at 1640 nm,asymmetry1640,7,
215168,Source/gain of sulphur dioxide,aersrcso2,33,
215169,Dry deposition of sulphur dioxide,aerddpso2,33,
215170,Sedimentation of sulphur dioxide,aersdmso2,33,
215171,Wet deposition of sulphur dioxide by large-scale precipitation,aerwdlsso2,33,
215172,Wet deposition of sulphur dioxide by convective precipitation,aerwdccso2,33,
215173,Negative fixer of sulphur dioxide,aerngtso2,33,
215174,Vertically integrated mass of sulphur dioxide,aermssso2,22,
215175,Sulphur dioxide optical depth,aerodso2,7,
215176,Total absorption aerosol optical depth at 2130 nm,aodabs2130,7,
215177,Total fine mode (r < 0.5 um) aerosol optical depth at 2130 nm,aodfm2130,7,
215178,Single scattering albedo at 2130 nm,ssa2130,3,
215179,Asymmetry factor at 2130 nm,asymmetry2130,7,
215180,Aerosol extinction coefficient at 355 nm,aerext355,86,
215181,Aerosol extinction coefficient at 532 nm,aerext532,86,
215182,Aerosol extinction coefficient at 1064 nm,aerext1064,86,
215183,Aerosol backscatter coefficient at 355 nm (from top of atmosphere),aerbackscattoa355,96,
215184,Aerosol backscatter coefficient at 532 nm (from top of atmosphere),aerbackscattoa532,96,
215185,Aerosol backscatter coefficient at 1064 nm (from top of atmosphere),aerbackscattoa1064,96,
215186,Aerosol backscatter coefficient at 355 nm (from ground),aerbackscatgnd355,96,
215187,Aerosol backscatter coefficient at 532 nm (from ground),aerbackscatgnd532,96,
215188,Aerosol backscatter coefficient at 1064 nm (from ground),aerbackscatgnd1064,96,
215189,Source/gain of fine-mode nitrate aerosol,aersrcnif,33,
215190,Source/gain of coarse-mode nitrate aerosol,aersrcnic,33,
215191,Dry deposition of fine-mode nitrate aerosol,aerddpnif,33,
215192,Dry deposition of coarse-mode nitrate aerosol,aerddpnic,33,
215193,Sedimentation of fine-mode nitrate aerosol,aersdmnif,33,
215194,Sedimentation of coarse-mode nitrate aerosol,aersdmnic,33,
215195,Wet deposition of fine-mode nitrate aerosol by large-scale precipitation,aerwdlnif,33,
215196,Wet deposition of coarse-mode nitrate aerosol by large-scale precipitation,aerwdlnic,33,
215197,Wet deposition of fine-mode nitrate aerosol by convective precipitation,aerwdcnif,33,
215198,Wet deposition of coarse-mode nitrate aerosol by convective precipitation,aerwdcnic,33,
215199,Negative fixer of fine-mode nitrate aerosol,aerngtnif,33,
215200,Negative fixer of coarse-mode nitrate aerosol,aerngtnic,33,
215201,Vertically integrated mass of fine-mode nitrate aerosol,aermssnif,22,
215202,Vertically integrated mass of coarse-mode nitrate aerosol,aermssnic,22,
215203,Fine-mode nitrate aerosol optical depth at 550 nm,aerodnif,23,
215204,Coarse-mode nitrate aerosol optical depth at 550 nm,aerodnic,23,
215205,Source/gain of ammonium aerosol,aersrcam,33,
215206,Dry deposition of ammonium aerosol,aerddpam,33,
215207,Sedimentation of ammonium aerosol,aersdmam,33,
215208,Wet deposition of ammonium aerosol by large-scale precipitation,aerwdlam,33,
215209,Wet deposition of ammonium aerosol by convective precipitation,aerwdcam,33,
215210,Negative fixer of ammonium aerosol,aerngtam,33,
215211,Vertically integrated mass of ammonium aerosol,aermssam,22,
215212,Source/gain of biogenic secondary organic aerosol,aersrcsoab,33,
215213,Dry deposition of biogenic secondary organic aerosol,aerddpsoab,33,
215214,Sedimentation of biogenic secondary organic aerosol,aersdmsoab,33,
215215,Wet deposition of biogenic secondary organic aerosol by large-scale precipitation,aerwdlsoab,33,
215216,Wet deposition of biogenic secondary organic aerosol by convective precipitation,aerwdcsoab,33,
215217,Negative fixer of biogenic secondary organic aerosol,aerngtsoab,33,
215218,Vertically integrated mass of biogenic secondary organic aerosol,aermsssoab,22,
215219,Source/gain of anthropogenic secondary organic aerosol,aersrcsoaa,33,
215220,Dry deposition of anthropogenic secondary organic aerosol,aerddpsoaa,33,
215221,Sedimentation of anthropogenic secondary organic aerosol,aersdmsoaa,33,
215222,Wet deposition of anthropogenic secondary organic aerosol by large-scale precipitation,aerwdlsoaa,33,
215223,Wet deposition of anthropogenic secondary organic aerosol by convective precipitation,aerwdcsoaa,33,
215224,Negative fixer of anthropogenic secondary organic aerosol,aerngtsoaa,33,
215225,Vertically integrated mass of anthropogenic secondary organic aerosol,aermsssoaa,22,
215226,Secondary organic aerosol optical depth at 550 nm,soaod550,23,
216001,Experimental product,~,7,
216002,Experimental product,~,7,
216003,Experimental product,~,7,
216004,Experimental product,~,7,
216005,Experimental product,~,7,
216006,Experimental product,~,7,
216007,Experimental product,~,7,
216008,Experimental product,~,7,
216009,Experimental product,~,7,
216010,Experimental product,~,7,
216011,Experimental product,~,7,
216012,Experimental product,~,7,
216013,Experimental product,~,7,
216014,Experimental product,~,7,
216015,Experimental product,~,7,
216016,Experimental product,~,7,
216017,Experimental product,~,7,
216018,Experimental product,~,7,
216019,Experimental product,~,7,
216020,Experimental product,~,7,
216021,Experimental product,~,7,
216022,Experimental product,~,7,
216023,Experimental product,~,7,
216024,Experimental product,~,7,
216025,Experimental product,~,7,
216026,Experimental product,~,7,
216027,Experimental product,~,7,
216028,Experimental product,~,7,
216029,Experimental product,~,7,
216030,Experimental product,~,7,
216031,Experimental product,~,7,
216032,Experimental product,~,7,
216033,Experimental product,~,7,
216034,Experimental product,~,7,
216035,Experimental product,~,7,
216036,Experimental product,~,7,
216037,Experimental product,~,7,
216038,Experimental product,~,7,
216039,Experimental product,~,7,
216040,Experimental product,~,7,
216041,Experimental product,~,7,
216042,Experimental product,~,7,
216043,Experimental product,~,7,
216044,Experimental product,~,7,
216045,Experimental product,~,7,
216046,Experimental product,~,7,
216047,Experimental product,~,7,
216048,Experimental product,~,7,
216049,Experimental product,~,7,
216050,Experimental product,~,7,
216051,Experimental product,~,7,
216052,Experimental product,~,7,
216053,Experimental product,~,7,
216054,Experimental product,~,7,
216055,Experimental product,~,7,
216056,Experimental product,~,7,
216057,Experimental product,~,7,
216058,Experimental product,~,7,
216059,Experimental product,~,7,
216060,Experimental product,~,7,
216061,Experimental product,~,7,
216062,Experimental product,~,7,
216063,Experimental product,~,7,
216064,Experimental product,~,7,
216065,Experimental product,~,7,
216066,Experimental product,~,7,
216067,Experimental product,~,7,
216068,Experimental product,~,7,
216069,Experimental product,~,7,
216070,Experimental product,~,7,
216071,Experimental product,~,7,
216072,Experimental product,~,7,
216073,Experimental product,~,7,
216074,Experimental product,~,7,
216075,Experimental product,~,7,
216076,Experimental product,~,7,
216077,Experimental product,~,7,
216078,Experimental product,~,7,
216079,Experimental product,~,7,
216080,Experimental product,~,7,
216081,Experimental product,~,7,
216082,Experimental product,~,7,
216083,Experimental product,~,7,
216084,Experimental product,~,7,
216085,Experimental product,~,7,
216086,Experimental product,~,7,
216087,Experimental product,~,7,
216088,Experimental product,~,7,
216089,Experimental product,~,7,
216090,Experimental product,~,7,
216091,Experimental product,~,7,
216092,Experimental product,~,7,
216093,Experimental product,~,7,
216094,Experimental product,~,7,
216095,Experimental product,~,7,
216096,Experimental product,~,7,
216097,Experimental product,~,7,
216098,Experimental product,~,7,
216099,Experimental product,~,7,
216100,Experimental product,~,7,
216101,Experimental product,~,7,
216102,Experimental product,~,7,
216103,Experimental product,~,7,
216104,Experimental product,~,7,
216105,Experimental product,~,7,
216106,Experimental product,~,7,
216107,Experimental product,~,7,
216108,Experimental product,~,7,
216109,Experimental product,~,7,
216110,Experimental product,~,7,
216111,Experimental product,~,7,
216112,Experimental product,~,7,
216113,Experimental product,~,7,
216114,Experimental product,~,7,
216115,Experimental product,~,7,
216116,Experimental product,~,7,
216117,Experimental product,~,7,
216118,Experimental product,~,7,
216119,Experimental product,~,7,
216120,Experimental product,~,7,
216121,Experimental product,~,7,
216122,Experimental product,~,7,
216123,Experimental product,~,7,
216124,Experimental product,~,7,
216125,Experimental product,~,7,
216126,Experimental product,~,7,
216127,Experimental product,~,7,
216128,Experimental product,~,7,
216129,Experimental product,~,7,
216130,Experimental product,~,7,
216131,Experimental product,~,7,
216132,Experimental product,~,7,
216133,Experimental product,~,7,
216134,Experimental product,~,7,
216135,Experimental product,~,7,
216136,Experimental product,~,7,
216137,Experimental product,~,7,
216138,Experimental product,~,7,
216139,Experimental product,~,7,
216140,Experimental product,~,7,
216141,Experimental product,~,7,
216142,Experimental product,~,7,
216143,Experimental product,~,7,
216144,Experimental product,~,7,
216145,Experimental product,~,7,
216146,Experimental product,~,7,
216147,Experimental product,~,7,
216148,Experimental product,~,7,
216149,Experimental product,~,7,
216150,Experimental product,~,7,
216151,Experimental product,~,7,
216152,Experimental product,~,7,
216153,Experimental product,~,7,
216154,Experimental product,~,7,
216155,Experimental product,~,7,
216156,Experimental product,~,7,
216157,Experimental product,~,7,
216158,Experimental product,~,7,
216159,Experimental product,~,7,
216160,Experimental product,~,7,
216161,Experimental product,~,7,
216162,Experimental product,~,7,
216163,Experimental product,~,7,
216164,Experimental product,~,7,
216165,Experimental product,~,7,
216166,Experimental product,~,7,
216167,Experimental product,~,7,
216168,Experimental product,~,7,
216169,Experimental product,~,7,
216170,Experimental product,~,7,
216171,Experimental product,~,7,
216172,Experimental product,~,7,
216173,Experimental product,~,7,
216174,Experimental product,~,7,
216175,Experimental product,~,7,
216176,Experimental product,~,7,
216177,Experimental product,~,7,
216178,Experimental product,~,7,
216179,Experimental product,~,7,
216180,Experimental product,~,7,
216181,Experimental product,~,7,
216182,Experimental product,~,7,
216183,Experimental product,~,7,
216184,Experimental product,~,7,
216185,Experimental product,~,7,
216186,Experimental product,~,7,
216187,Experimental product,~,7,
216188,Experimental product,~,7,
216189,Experimental product,~,7,
216190,Experimental product,~,7,
216191,Experimental product,~,7,
216192,Experimental product,~,7,
216193,Experimental product,~,7,
216194,Experimental product,~,7,
216195,Experimental product,~,7,
216196,Experimental product,~,7,
216197,Experimental product,~,7,
216198,Experimental product,~,7,
216199,Experimental product,~,7,
216200,Experimental product,~,7,
216201,Experimental product,~,7,
216202,Experimental product,~,7,
216203,Experimental product,~,7,
216204,Experimental product,~,7,
216205,Experimental product,~,7,
216206,Experimental product,~,7,
216207,Experimental product,~,7,
216208,Experimental product,~,7,
216209,Experimental product,~,7,
216210,Experimental product,~,7,
216211,Experimental product,~,7,
216212,Experimental product,~,7,
216213,Experimental product,~,7,
216214,Experimental product,~,7,
216215,Experimental product,~,7,
216216,Experimental product,~,7,
216217,Experimental product,~,7,
216218,Experimental product,~,7,
216219,Experimental product,~,7,
216220,Experimental product,~,7,
216221,Experimental product,~,7,
216222,Experimental product,~,7,
216223,Experimental product,~,7,
216224,Experimental product,~,7,
216225,Experimental product,~,7,
216226,Experimental product,~,7,
216227,Experimental product,~,7,
216228,Experimental product,~,7,
216229,Experimental product,~,7,
216230,Experimental product,~,7,
216231,Experimental product,~,7,
216232,Experimental product,~,7,
216233,Experimental product,~,7,
216234,Experimental product,~,7,
216235,Experimental product,~,7,
216236,Experimental product,~,7,
216237,Experimental product,~,7,
216238,Experimental product,~,7,
216239,Experimental product,~,7,
216240,Experimental product,~,7,
216241,Experimental product,~,7,
216242,Experimental product,~,7,
216243,Experimental product,~,7,
216244,Experimental product,~,7,
216245,Experimental product,~,7,
216246,Experimental product,~,7,
216247,Experimental product,~,7,
216248,Experimental product,~,7,
216249,Experimental product,~,7,
216250,Experimental product,~,7,
216251,Experimental product,~,7,
216252,Experimental product,~,7,
216253,Experimental product,~,7,
216254,Experimental product,~,7,
216255,Experimental product,~,7,
217003,Hydrogen peroxide,h2o2,21,
217004,Methane (chemistry),ch4_c,21,
217006,Nitric acid,hno3,21,
217007,Methyl peroxide,ch3ooh,21,
217009,Paraffins,par,21,
217010,Ethene,c2h4,21,
217011,Olefins,ole,21,
217012,Aldehydes,ald2,21,
217013,Peroxyacetyl nitrate,pan,21,
217014,Peroxides,rooh,21,
217015,Organic nitrates,onit,21,
217016,Isoprene,c5h8,21,
217018,Dimethyl sulfide,dms,21,
217019,Ammonia mass mixing ratio,nh3,21,
217020,Sulfate,so4,21,
217021,Ammonium,nh4,21,
217022,Methane sulfonic acid,msa,21,
217023,Methyl glyoxal,ch3cocho,21,
217024,Stratospheric ozone,o3s,21,
217026,Lead,pb,21,
217027,Nitrogen monoxide mass mixing ratio,no,21,
217028,Hydroperoxy radical,ho2,21,
217029,Methylperoxy radical,ch3o2,21,
217030,Hydroxyl radical,oh,21,
217032,Nitrate radical,no3,21,
217033,Dinitrogen pentoxide,n2o5,21,
217034,Pernitric acid,ho2no2,21,
217035,Peroxy acetyl radical,c2o3,21,
217036,Organic ethers,ror,21,
217037,PAR budget corrector,rxpar,21,
217038,NO to NO2 operator,xo2,21,
217039,NO to alkyl nitrate operator,xo2n,21,
217040,Amine,nh2,21,
217041,Polar stratospheric cloud,psc,21,
217042,Methanol,ch3oh,21,
217043,Formic acid,hcooh,21,
217044,Methacrylic acid,mcooh,21,
217045,Ethane,c2h6,21,
217046,Ethanol,c2h5oh,21,
217047,Propane,c3h8,21,
217048,Propene,c3h6,21,
217049,Terpenes,c10h16,21,
217050,Methacrolein MVK,ispd,21,
217051,Nitrate,no3_a,21,
217052,Acetone,ch3coch3,21,
217053,Acetone product,aco2,21,
217054,IC3H7O2,ic3h7o2,21,
217055,HYPROPO2,hypropo2,21,
217056,Nitrogen oxides Transp,noxa,21,
217057,Carbon dioxide (chemistry),co2_c,21,
217058,Nitrous oxide (chemistry),n2o_c,21,
217059,Water vapour (chemistry),h2o,21,
217060,Oxygen,o2,21,
217061,Singlet oxygen,o2_1s,21,
217062,Singlet delta oxygen,o2_1d,21,
217063,Chlorine dioxide,oclo,21,
217064,Chlorine nitrate,clono2,21,
217065,Hypochlorous acid,hocl,21,
217066,Chlorine,cl2,21,
217067,Nitryl chloride,clno2,21,
217068,Hydrogen bromide,hbr,21,
217069,Dichlorine dioxide,cl2o2,21,
217070,Hypobromous acid,hobr,21,
217071,Trichlorofluoromethane,cfc11,21,
217072,Dichlorodifluoromethane,cfc12,21,
217073,Trichlorotrifluoroethane,cfc113,21,
217074,Dichlorotetrafluoroethane,cfc114,21,
217075,Chloropentafluoroethane,cfc115,21,
217076,Tetrachloromethane,ccl4,21,
217077,Methyl chloroform,ch3ccl3,21,
217078,Methyl chloride,ch3cl,21,
217079,Chlorodifluoromethane,hcfc22,21,
217080,Methyl bromide,ch3br,21,
217081,Dibromodifluoromethane,ha1202,21,
217082,Bromochlorodifluoromethane,ha1211,21,
217083,Trifluorobromomethane,ha1301,21,
217084,Cbrf2cbrf2,ha2402,21,
217085,Sulfuric acid,h2so4,21,
217086,Nitrous acid,hono,21,
217087,Alkanes low oh rate,hc3,21,
217088,Alkanes med oh rate,hc5,21,
217089,Alkanes high oh rate,hc8,21,
217090,Terminal alkenes,olt,21,
217091,Internal alkenes,oli,21,
217092,Ethylperoxy radical,c2h5o2,21,
217093,Butadiene,dien,21,
217094,Ethyl hydroperoxide,c2h5ooh,21,
217095,A-pinene cyclic terpenes,api,21,
217096,Acetic acid,ch3cooh,21,
217097,D-limonene cyclic diene,lim,21,
217098,Acetaldehyde,ch3cho,21,
217099,Toluene and less reactive aromatics,tol,21,
217100,Xylene and more reactive aromatics,xyl,21,
217101,Glycolaldehyde,glyald,21,
217102,Cresol,cresol,21,
217103,Acetaldehyde and higher,ald,21,
217104,Peracetic acid,ch3coooh,21,
217105,Ketones,ket,21,
217106,Hoch2ch2o2,eo2,21,
217107,Glyoxal,glyoxal,21,
217108,Hoch2ch2o,eo,21,
217109,Unsaturated dicarbonyls,dcb,21,
217110,Methacrolein,macr,21,
217111,Unsaturated hydroxy dicarbonyl,udd,21,
217112,Isopropyldioxidanyl,c3h7o2,21,
217113,Hydroxy ketone,hket,21,
217114,Isopropyl hydroperoxide,c3h7ooh,21,
217115,C3h6oho2,po2,21,
217116,C3h6ohooh,pooh,21,
217117,Higher organic peroxides,op2,21,
217118,Hydroxyacetone,hyac,21,
217119,Peroxyacetic acid,paa,21,
217120,Ch3coch2o2,ro2,21,
217121,Peroxy radical from c2h6,ethp,21,
217122,Peroxy radical from hc3,hc3p,21,
217123,Peroxy radical from hc5,hc5p,21,
217124,Lumped alkenes,bigene,21,
217125,Peroxy radical from hc8,hc8p,21,
217126,Lumped alkanes,bigalk,21,
217127,Peroxy radical from c2h4,etep,21,
217128,C4h8o,mek,21,
217129,Peroxy radical from terminal alkenes,oltp,21,
217130,C4h9o3,eneo2,21,
217131,Peroxy radical from internal alkenes,olip,21,
217132,Ch3coch(oo)ch3,meko2,21,
217133,Peroxy radical from c5h8,isopo2,21,
217134,Ch3coch(ooh)ch3,mekooh,21,
217135,Peroxy radical from a-pinene cyclic terpenes,apip,21,
217136,Ch2=c(ch3)co3,mco3,21,
217137,Peroxy radical from d-limonene cyclic diene,limp,21,
217138,Methylvinylketone,mvk,21,
217139,Phenoxy radical,pho,21,
217140,Peroxy radical from toluene and less reactive aromatics,tolp,21,
217141,Ch3c(o)ch(oo)ch2oh,macro2,21,
217142,Peroxy radical from xylene and more reactive aromatics,xylp,21,
217143,H3c(o)ch(ooh)ch2oh,macrooh,21,
217144,Peroxy radical from cresol,cslp,21,
217145,Unsaturated pans,mpan,21,
217146,Unsaturated acyl peroxy radical,tco3_c,21,
217147,Peroxy radical from ketones,ketp,21,
217148,C5h11o2,alko2,21,
217149,No3-alkenes adduct reacting to form carbonitrates,olnn,21,
217150,C5h11ooh,alkooh,21,
217151,No3-alkenes adduct reacting via decomposition,olnd,21,
217152,Hoch2c(ch3)=chcho,bigald,21,
217153,C5h6o2,hydrald,21,
217154,Trop sulfuric acid,sulf,21,
217155,Oxides,ox,21,
217156,Ch2chc(ch3)(oo)ch2ono2,isopno3,21,
217157,C3 organic nitrate,onitr,21,
217158,Chlorine oxides,clox,21,
217159,Bromine oxides,brox,21,
217160,Hoch2c(ooh)(ch3)chchoh,xooh,21,
217161,Hoch2c(ooh)(ch3)ch=ch2,isopooh,21,
217162,Lumped aromatics,toluene,21,
217163,Dimethyl sulfoxyde,dmso,21,
217164,C7h9o5,tolo2,21,
217165,C7h10o5,tolooh,21,
217166,Hydrogensulfide,h2s,21,
217167,C7h10o6,xoh,21,
217168,All nitrogen oxides,noy,21,
217169,Chlorine family,cly,21,
217170,C10h16(oh)(oo),terpo2,21,
217171,Bromine family,bry,21,
217172,C10h18o3,terpooh,21,
217173,Nitrogen atom,n,21,
217174,Chlorine monoxide,clo,21,
217175,Chlorine atom,cl_c,21,
217176,Bromine monoxide,bro,21,
217177,Hydrogen atom,h_c,21,
217178,Methyl group,ch3,21,
217179,Aromatic-ho from toluene and less reactive aromatics,addt,21,
217180,Aromatic-ho from xylene and more reactive aromatics,addx,21,
217181,Ammonium nitrate,nh4no3,21,
217182,Aromatic-ho from csl,addc,21,
217183,Secondary organic aerosol type 1,soa1,21,
217184,Secondary organic aerosol type 2a,soa2a,21,
217185,Secondary organic aerosol type 2b,soa2b,21,
217186,Condensable gas type 1,sog1,21,
217187,Condensable gas type 2a,sog2a,21,
217188,Condensable gas type 2b,sog2b,21,
217189,Sulfur trioxide,so3,21,
217190,Carbonyl sulfide,ocs_c,21,
217191,Bromine atom,br,21,
217192,Bromine,br2,21,
217193,Bromine monochloride,brcl,21,
217194,Bromine nitrate,brono2,21,
217195,Dibromomethane,ch2br2,21,
217196,Methoxy radical,ch3o,21,
217197,Tribromomethane,chbr3,21,
217198,Asymmetric chlorine dioxide radical,cloo,21,
217199,Hydrogen,h2,21,
217200,Hydrogen chloride,hcl,21,
217201,Formyl radical,hco,21,
217202,Hydrogen fluoride,hf,21,
217203,Oxygen atom,o,21,
217204,Excited oxygen atom,o1d,21,
217205,Ground state oxygen atom,o3p,21,
217206,Stratospheric aerosol,strataer,21,
217222,Aromatic peroxy radical mass mixing ratio,AROO2,21,
217223,Ethyne mass mixing ratio,C2H2,21,
217224,Acetonitrile mass mixing ratio,CH3CN,21,
217225,Methyl peroxy nitrate mass mixing ratio,CH3O2NO2,21,
217226,Hydrogen cyanide mass mixing ratio,HCN,21,
217227,Hydroperoxy aldehydes type 1 mass mixing ratio,HPALD1,21,
217228,Hydroperoxy aldehydes type 2 mass mixing ratio,HPALD,21,
217229,Isoprene peroxy type B mass mixing ratio,ISOPBO2,21,
217230,Isoprene peroxy type D mass mixing ratio,ISOPDO2,21,
217231,Anthropogenic volatile organic compounds mass mixing ratio,VOCA,21,
217232,Biomass burning volatile organic compounds mass mixing ratio,VOCBB,21,
218003,Total column hydrogen peroxide,tc_h2o2,22,
218004,Total column methane,tc_ch4,22,
218006,Total column nitric acid,tc_hno3,22,
218007,Total column methyl peroxide,tc_ch3ooh,22,
218009,Total column paraffins,tc_par,22,
218010,Total column ethene,tc_c2h4,22,
218011,Total column olefins,tc_ole,22,
218012,Total column aldehydes,tc_ald2,22,
218013,Total column  peroxyacetyl nitrate,tc_pan,22,
218014,Total column peroxides,tc_rooh,22,
218015,Total column organic nitrates,tc_onit,22,
218016,Total column  isoprene,tc_c5h8,22,
218018,Total column dimethyl sulfide,tc_dms,22,
218019,Total column ammonia,tc_nh3,22,
218020,Total column  sulfate,tc_so4,22,
218021,Total column ammonium,tc_nh4,22,
218022,Total column  methane sulfonic acid,tc_msa,22,
218023,Total column methyl glyoxal,tc_ch3cocho,22,
218024,Total column stratospheric ozone,tc_o3s,22,
218026,Total column  lead,tc_pb,22,
218027,Total column nitrogen monoxide,tc_no,22,
218028,Total column hydroperoxy radical,tc_ho2,22,
218029,Total column methylperoxy radical,tc_ch3o2,22,
218030,Total column hydroxyl radical,tc_oh,22,
218032,Total column nitrate radical,tc_no3,22,
218033,Total column dinitrogen pentoxide,tc_n2o5,22,
218034,Total column pernitric acid,tc_ho2no2,22,
218035,Total column peroxy acetyl radical,tc_c2o3,22,
218036,Total column  organic ethers,tc_ror,22,
218037,Total column PAR budget corrector,tc_rxpar,22,
218038,Total column NO to NO2 operator,tc_xo2,22,
218039,Total column NO to alkyl nitrate operator,tc_xo2n,22,
218040,Total column amine,tc_nh2,22,
218041,Total column  polar stratospheric cloud,tc_psc,22,
218042,Total column methanol,tc_ch3oh,22,
218043,Total column formic acid,tc_hcooh,22,
218044,Total column  methacrylic acid,tc_mcooh,22,
218045,Total column  ethane,tc_c2h6,22,
218046,Total column ethanol,tc_c2h5oh,22,
218047,Total column propane,tc_c3h8,22,
218048,Total column propene,tc_c3h6,22,
218049,Total column terpenes,tc_c10h16,22,
218050,Total column methacrolein MVK,tc_ispd,22,
218051,Total column nitrate,tc_no3_a,22,
218052,Total column acetone,tc_ch3coch3,22,
218053,Total column acetone product,tc_aco2,22,
218054,Total column IC3H7O2,tc_ic3h7o2,22,
218055,Total column HYPROPO2,tc_hypropo2,22,
218056,Total column nitrogen oxides Transp,tc_noxa,22,
218057,Total column of carbon dioxide (chemistry),tc_co2_c,22,
218058,Total column of nitrous oxide (chemistry),tc_n2o_c,22,
218059,Total column of water vapour (chemistry),tc_h2o,22,
218060,Total column of oxygen,tc_o2,22,
218061,Total column of singlet oxygen,tc_o2_1s,22,
218062,Total column of singlet delta oxygen,tc_o2_1d,22,
218063,Total column of chlorine dioxide,tc_oclo,22,
218064,Total column of chlorine nitrate,tc_clono2,22,
218065,Total column of hypochlorous acid,tc_hocl,22,
218066,Total column of chlorine,tc_cl2,22,
218067,Total column of nitryl chloride,tc_clno2,22,
218068,Total column of hydrogen bromide,tc_hbr,22,
218069,Total column of dichlorine dioxide,tc_cl2o2,22,
218070,Total column of hypobromous acid,tc_hobr,22,
218071,Total column of trichlorofluoromethane,tc_cfc11,22,
218072,Total column of dichlorodifluoromethane,tc_cfc12,22,
218073,Total column of trichlorotrifluoroethane,tc_cfc113,22,
218074,Total column of dichlorotetrafluoroethane,tc_cfc114,22,
218075,Total column of chloropentafluoroethane,tc_cfc115,22,
218076,Total column of tetrachloromethane,tc_ccl4,22,
218077,Total column of methyl chloroform,tc_ch3ccl3,22,
218078,Total column of methyl chloride,tc_ch3cl,22,
218079,Total column of chlorodifluoromethane,tc_hcfc22,22,
218080,Total column of methyl bromide,tc_ch3br,22,
218081,Total column of dibromodifluoromethane,tc_ha1202,22,
218082,Total column of bromochlorodifluoromethane,tc_ha1211,22,
218083,Total column of trifluorobromomethane,tc_ha1301,22,
218084,Total column of cbrf2cbrf2,tc_ha2402,22,
218085,Total column of sulfuric acid,tc_h2so4,22,
218086,Total column of nitrous acid,tc_hono,22,
218087,Total column of alkanes low oh rate,tc_hc3,22,
218088,Total column of alkanes med oh rate,tc_hc5,22,
218089,Total column of alkanes high oh rate,tc_hc8,22,
218090,Total column of terminal alkenes,tc_olt,22,
218091,Total column of internal alkenes,tc_oli,22,
218092,Total column of ethylperoxy radical,tc_c2h5o2,22,
218093,Total column of butadiene,tc_dien,22,
218094,Total column of ethyl hydroperoxide,tc_c2h5ooh,22,
218095,Total column of a-pinene cyclic terpenes,tc_api,22,
218096,Total column of acetic acid,tc_ch3cooh,22,
218097,Total column of d-limonene cyclic diene,tc_lim,22,
218098,Total column of acetaldehyde,tc_ch3cho,22,
218099,Total column of toluene and less reactive aromatics,tc_tol,22,
218100,Total column of xylene and more reactive aromatics,tc_xyl,22,
218101,Total column of glycolaldehyde,tc_glyald,22,
218102,Total column of cresol,tc_cresol,22,
218103,Total column of acetaldehyde and higher,tc_ald,22,
218104,Total column of peracetic acid,tc_ch3coooh,22,
218105,Total column of ketones,tc_ket,22,
218106,Total column of hoch2ch2o2,tc_eo2,22,
218107,Total column of glyoxal,tc_glyoxal,22,
218108,Total column of hoch2ch2o,tc_eo,22,
218109,Total column of unsaturated dicarbonyls,tc_dcb,22,
218110,Total column of methacrolein,tc_macr,22,
218111,Total column of unsaturated hydroxy dicarbonyl,tc_udd,22,
218112,Total column of isopropyldioxidanyl,tc_c3h7o2,22,
218113,Total column of hydroxy ketone,tc_hket,22,
218114,Total column of isopropyl hydroperoxide,tc_c3h7ooh,22,
218115,Total column of c3h6oho2,tc_po2,22,
218116,Total column of c3h6ohooh,tc_pooh,22,
218117,Total column of higher organic peroxides,tc_op2,22,
218118,Total column of hydroxyacetone,tc_hyac,22,
218119,Total column of peroxyacetic acid,tc_paa,22,
218120,Total column of ch3coch2o2,tc_ro2,22,
218121,Total column of peroxy radical from c2h6,tc_ethp,22,
218122,Total column of peroxy radical from hc3,tc_hc3p,22,
218123,Total column of peroxy radical from hc5,tc_hc5p,22,
218124,Total column of lumped alkenes,tc_bigene,22,
218125,Total column of peroxy radical from hc8,tc_hc8p,22,
218126,Total column of lumped alkanes,tc_bigalk,22,
218127,Total column of peroxy radical from c2h4,tc_etep,22,
218128,Total column of c4h8o,tc_mek,22,
218129,Total column of peroxy radical from terminal alkenes,tc_oltp,22,
218130,Total column of c4h9o3,tc_eneo2,22,
218131,Total column of peroxy radical from internal alkenes,tc_olip,22,
218132,Total column of ch3coch(oo)ch3,tc_meko2,22,
218133,Total column of peroxy radical from c5h8,tc_isopo2,22,
218134,Total column of ch3coch(ooh)ch3,tc_mekooh,22,
218135,Total column of peroxy radical from a-pinene cyclic terpenes,tc_apip,22,
218136,Total column of ch2=c(ch3)co3,tc_mco3,22,
218137,Total column of peroxy radical from d-limonene cyclic diene,tc_limp,22,
218138,Total column of methylvinylketone,tc_mvk,22,
218139,Total column of phenoxy radical,tc_pho,22,
218140,Total column of peroxy radical from toluene and less reactive aromatics,tc_tolp,22,
218141,Total column of ch3c(o)ch(oo)ch2oh,tc_macro2,22,
218142,Total column of peroxy radical from xylene and more reactive aromatics,tc_xylp,22,
218143,Total column of h3c(o)ch(ooh)ch2oh,tc_macrooh,22,
218144,Total column of peroxy radical from cresol,tc_cslp,22,
218145,Total column of unsaturated pans,tc_mpan,22,
218146,Total column of unsaturated acyl peroxy radical,tc_tco3_c,22,
218147,Total column of peroxy radical from ketones,tc_ketp,22,
218148,Total column of c5h11o2,tc_alko2,22,
218149,Total column of no3-alkenes adduct reacting to form carbonitrates,tc_olnn,22,
218150,Total column of c5h11ooh,tc_alkooh,22,
218151,Total column of no3-alkenes adduct reacting via decomposition,tc_olnd,22,
218152,Total column of hoch2c(ch3)=chcho,tc_bigald,22,
218153,Total column of c5h6o2,tc_hydrald,22,
218154,Total column of trop sulfuric acid,tc_sulf,22,
218155,Total column of oxides,tc_ox,22,
218156,Total column of ch2chc(ch3)(oo)ch2ono2,tc_isopno3,22,
218157,Total column of c3 organic nitrate,tc_onitr,22,
218158,Total column of chlorine oxides,tc_clox,22,
218159,Total column of bromine oxides,tc_brox,22,
218160,Total column of hoch2c(ooh)(ch3)chchoh,tc_xooh,22,
218161,Total column of hoch2c(ooh)(ch3)ch=ch2,tc_isopooh,22,
218162,Total column of lumped aromatics,tc_toluene,22,
218163,Total column of dimethyl sulfoxyde,tc_dmso,22,
218164,Total column of c7h9o5,tc_tolo2,22,
218165,Total column of c7h10o5,tc_tolooh,22,
218166,Total column of hydrogensulfide,tc_h2s,22,
218167,Total column of c7h10o6,tc_xoh,22,
218168,Total column of all nitrogen oxides,tc_noy,22,
218169,Total column of chlorine family,tc_cly,22,
218170,Total column of c10h16(oh)(oo),tc_terpo2,22,
218171,Total column of bromine family,tc_bry,22,
218172,Total column of c10h18o3,tc_terpooh,22,
218173,Total column of nitrogen atom,tc_n,22,
218174,Total column of chlorine monoxide,tc_clo,22,
218175,Total column of chlorine atom,tc_cl_c,22,
218176,Total column of bromine monoxide,tc_bro,22,
218177,Total column of hydrogen atom,tc_h_c,22,
218178,Total column of methyl group,tc_ch3,22,
218179,Total column of aromatic-ho from toluene and less reactive aromatics,tc_addt,22,
218180,Total column of aromatic-ho from xylene and more reactive aromatics,tc_addx,22,
218181,Total column of ammonium nitrate,tc_nh4no3,22,
218182,Total column of aromatic-ho from csl,tc_addc,22,
218183,Total column of secondary organic aerosol type 1,tc_soa1,22,
218184,Total column of secondary organic aerosol type 2a,tc_soa2a,22,
218185,Total column of secondary organic aerosol type 2b,tc_soa2b,22,
218186,Total column of condensable gas type 1,tc_sog1,22,
218187,Total column of condensable gas type 2a,tc_sog2a,22,
218188,Total column of condensable gas type 2b,tc_sog2b,22,
218189,Total column of sulfur trioxide,tc_so3,22,
218190,Total column of carbonyl sulfide,tc_ocs_c,22,
218191,Total column of bromine atom,tc_br,22,
218192,Total column of bromine,tc_br2,22,
218193,Total column of bromine monochloride,tc_brcl,22,
218194,Total column of bromine nitrate,tc_brono2,22,
218195,Total column of dibromomethane,tc_ch2br2,22,
218196,Total column of methoxy radical,tc_ch3o,22,
218197,Total column of tribromomethane,tc_chbr3,22,
218198,Total column of asymmetric chlorine dioxide radical,tc_cloo,22,
218199,Total column of hydrogen,tc_h2,22,
218200,Total column of hydrogen chloride,tc_hcl,22,
218201,Total column of formyl radical,tc_hco,22,
218202,Total column of hydrogen fluoride,tc_hf,22,
218203,Total column of oxygen atom,tc_o,22,
218204,Total column of excited oxygen atom,tc_o1d,22,
218205,Total column of ground state oxygen atom,tc_o3p,22,
218206,Total column of stratospheric aerosol,tc_strataer,22,
218221,Column integrated mass density of Volcanic sulfur dioxide,tc_VSO2,22,
218222,Column integrated mass density of Aromatic peroxy radical,tc_AROO2,22,
218223,Column integrated mass density of Ethyne,tc_C2H2,22,
218224,Column integrated mass density of Acetonitrile,tc_CH3CN,22,
218225,Column integrated mass density of Methyl peroxy nitrate,tc_CH3O2NO2,22,
218226,Column integrated mass density of Hydrogen cyanide,tc_HCN,22,
218227,Column integrated mass density of Hydroperoxy aldehydes type 1,tc_HPALD1,22,
218228,Column integrated mass density of Hydroperoxy aldehydes type 2,tc_HPALD2,22,
218229,Column integrated mass density of Isoprene peroxy type B,tc_ISOPBO2,22,
218230,Column integrated mass density of Isoprene peroxy type D,tc_ISOPDO2,22,
218231,Column integrated mass density of Anthropogenic volatile organic compounds,tc_VOCA,22,
218232,Column integrated mass density of Biomass burning volatile organic compounds,tc_VOCBB,22,
219001,Ozone emissions,e_go3,33,
219002,Nitrogen oxides emissions,e_nox,33,
219003,Hydrogen peroxide emissions,e_h2o2,33,
219004,Methane emissions,e_ch4,33,
219005,Carbon monoxide emissions,e_co,33,
219006,Nitric acid emissions,e_hno3,33,
219007,Methyl peroxide emissions,e_ch3ooh,33,
219008,Formaldehyde emissions,e_hcho,33,
219009,Paraffins emissions,e_par,33,
219010,Ethene emissions,e_c2h4,33,
219011,Olefins emissions,e_ole,33,
219012,Aldehydes emissions,e_ald2,33,
219013,Peroxyacetyl nitrate emissions,e_pan,33,
219014,Peroxides emissions,e_rooh,33,
219015,Organic nitrates emissions,e_onit,33,
219016,Isoprene emissions,e_c5h8,33,
219017,Sulfur dioxide emissions,e_so2,33,
219018,Dimethyl sulfide emissions,e_dms,33,
219019,Ammonia emissions,e_nh3,33,
219020,Sulfate emissions,e_so4,33,
219021,Ammonium emissions,e_nh4,33,
219022,Methane sulfonic acid emissions,e_msa,33,
219023,Methyl glyoxal emissions,e_ch3cocho,33,
219024,Stratospheric ozone emissions,e_o3s,33,
219025,Radon emissions,e_ra,33,
219026,Lead emissions,e_pb,33,
219027,Nitrogen monoxide emissions,e_no,33,
219028,Hydroperoxy radical emissions,e_ho2,33,
219029,Methylperoxy radical emissions,e_ch3o2,33,
219030,Hydroxyl radical emissions,e_oh,33,
219031,Nitrogen dioxide emissions,e_no2,33,
219032,Nitrate radical emissions,e_no3,33,
219033,Dinitrogen pentoxide emissions,e_n2o5,33,
219034,Pernitric acid emissions,e_ho2no2,33,
219035,Peroxy acetyl radical emissions,e_c2o3,33,
219036,Organic ethers emissions,e_ror,33,
219037,PAR budget corrector emissions,e_rxpar,33,
219038,NO to NO2 operator emissions,e_xo2,33,
219039,NO to alkyl nitrate operator emissions,e_xo2n,33,
219040,Amine emissions,e_nh2,33,
219041,Polar stratospheric cloud emissions,e_psc,33,
219042,Methanol emissions,e_ch3oh,33,
219043,Formic acid emissions,e_hcooh,33,
219044,Methacrylic acid emissions,e_mcooh,33,
219045,Ethane emissions,e_c2h6,33,
219046,Ethanol emissions,e_c2h5oh,33,
219047,Propane emissions,e_c3h8,33,
219048,Propene emissions,e_c3h6,33,
219049,Terpenes emissions,e_c10h16,33,
219050,Methacrolein MVK  emissions,e_ispd,33,
219051,Nitrate emissions,e_no3_a,33,
219052,Acetone emissions,e_ch3coch3,33,
219053,Acetone product emissions,e_aco2,33,
219054,IC3H7O2 emissions,e_ic3h7o2,33,
219055,HYPROPO2 emissions,e_hypropo2,33,
219056,Nitrogen oxides Transp emissions,e_noxa,33,
219057,Emissions of carbon dioxide (chemistry),e_co2_c,33,
219058,Emissions of nitrous oxide (chemistry),e_n2o_c,33,
219059,Emissions of water vapour (chemistry),e_h2o,33,
219060,Emissions of oxygen,e_o2,33,
219061,Emissions of singlet oxygen,e_o2_1s,33,
219062,Emissions of singlet delta oxygen,e_o2_1d,33,
219063,Emissions of chlorine dioxide,e_oclo,33,
219064,Emissions of chlorine nitrate,e_clono2,33,
219065,Emissions of hypochlorous acid,e_hocl,33,
219066,Emissions of chlorine,e_cl2,33,
219067,Emissions of nitryl chloride,e_clno2,33,
219068,Emissions of hydrogen bromide,e_hbr,33,
219069,Emissions of dichlorine dioxide,e_cl2o2,33,
219070,Emissions of hypobromous acid,e_hobr,33,
219071,Emissions of trichlorofluoromethane,e_cfc11,33,
219072,Emissions of dichlorodifluoromethane,e_cfc12,33,
219073,Emissions of trichlorotrifluoroethane,e_cfc113,33,
219074,Emissions of dichlorotetrafluoroethane,e_cfc114,33,
219075,Emissions of chloropentafluoroethane,e_cfc115,33,
219076,Emissions of tetrachloromethane,e_ccl4,33,
219077,Emissions of methyl chloroform,e_ch3ccl3,33,
219078,Emissions of methyl chloride,e_ch3cl,33,
219079,Emissions of chlorodifluoromethane,e_hcfc22,33,
219080,Emissions of methyl bromide,e_ch3br,33,
219081,Emissions of dibromodifluoromethane,e_ha1202,33,
219082,Emissions of bromochlorodifluoromethane,e_ha1211,33,
219083,Emissions of trifluorobromomethane,e_ha1301,33,
219084,Emissions of cbrf2cbrf2,e_ha2402,33,
219085,Emissions of sulfuric acid,e_h2so4,33,
219086,Emissions of nitrous acid,e_hono,33,
219087,Emissions of alkanes low oh rate,e_hc3,33,
219088,Emissions of alkanes med oh rate,e_hc5,33,
219089,Emissions of alkanes high oh rate,e_hc8,33,
219090,Emissions of terminal alkenes,e_olt,33,
219091,Emissions of internal alkenes,e_oli,33,
219092,Emissions of ethylperoxy radical,e_c2h5o2,33,
219093,Emissions of butadiene,e_dien,33,
219094,Emissions of ethyl hydroperoxide,e_c2h5ooh,33,
219095,Emissions of a-pinene cyclic terpenes,e_api,33,
219096,Emissions of acetic acid,e_ch3cooh,33,
219097,Emissions of d-limonene cyclic diene,e_lim,33,
219098,Emissions of acetaldehyde,e_ch3cho,33,
219099,Emissions of toluene and less reactive aromatics,e_tol,33,
219100,Emissions of xylene and more reactive aromatics,e_xyl,33,
219101,Emissions of glycolaldehyde,e_glyald,33,
219102,Emissions of cresol,e_cresol,33,
219103,Emissions of acetaldehyde and higher,e_ald,33,
219104,Emissions of peracetic acid,e_ch3coooh,33,
219105,Emissions of ketones,e_ket,33,
219106,Emissions of hoch2ch2o2,e_eo2,33,
219107,Emissions of glyoxal,e_glyoxal,33,
219108,Emissions of hoch2ch2o,e_eo,33,
219109,Emissions of unsaturated dicarbonyls,e_dcb,33,
219110,Emissions of methacrolein,e_macr,33,
219111,Emissions of unsaturated hydroxy dicarbonyl,e_udd,33,
219112,Emissions of isopropyldioxidanyl,e_c3h7o2,33,
219113,Emissions of hydroxy ketone,e_hket,33,
219114,Emissions of isopropyl hydroperoxide,e_c3h7ooh,33,
219115,Emissions of c3h6oho2,e_po2,33,
219116,Emissions of c3h6ohooh,e_pooh,33,
219117,Emissions of higher organic peroxides,e_op2,33,
219118,Emissions of hydroxyacetone,e_hyac,33,
219119,Emissions of peroxyacetic acid,e_paa,33,
219120,Emissions of ch3coch2o2,e_ro2,33,
219121,Emissions of peroxy radical from c2h6,e_ethp,33,
219122,Emissions of peroxy radical from hc3,e_hc3p,33,
219123,Emissions of peroxy radical from hc5,e_hc5p,33,
219124,Emissions of lumped alkenes,e_bigene,33,
219125,Emissions of peroxy radical from hc8,e_hc8p,33,
219126,Emissions of lumped alkanes,e_bigalk,33,
219127,Emissions of peroxy radical from c2h4,e_etep,33,
219128,Emissions of c4h8o,e_mek,33,
219129,Emissions of peroxy radical from terminal alkenes,e_oltp,33,
219130,Emissions of c4h9o3,e_eneo2,33,
219131,Emissions of peroxy radical from internal alkenes,e_olip,33,
219132,Emissions of ch3coch(oo)ch3,e_meko2,33,
219133,Emissions of peroxy radical from c5h8,e_isopo2,33,
219134,Emissions of ch3coch(ooh)ch3,e_mekooh,33,
219135,Emissions of peroxy radical from a-pinene cyclic terpenes,e_apip,33,
219136,Emissions of ch2=c(ch3)co3,e_mco3,33,
219137,Emissions of peroxy radical from d-limonene cyclic diene,e_limp,33,
219138,Emissions of methylvinylketone,e_mvk,33,
219139,Emissions of phenoxy radical,e_pho,33,
219140,Emissions of peroxy radical from toluene and less reactive aromatics,e_tolp,33,
219141,Emissions of ch3c(o)ch(oo)ch2oh,e_macro2,33,
219142,Emissions of peroxy radical from xylene and more reactive aromatics,e_xylp,33,
219143,Emissions of h3c(o)ch(ooh)ch2oh,e_macrooh,33,
219144,Emissions of peroxy radical from cresol,e_cslp,33,
219145,Emissions of unsaturated pans,e_mpan,33,
219146,Emissions of unsaturated acyl peroxy radical,e_tco3_c,33,
219147,Emissions of peroxy radical from ketones,e_ketp,33,
219148,Emissions of c5h11o2,e_alko2,33,
219149,Emissions of no3-alkenes adduct reacting to form carbonitrates,e_olnn,33,
219150,Emissions of c5h11ooh,e_alkooh,33,
219151,Emissions of no3-alkenes adduct reacting via decomposition,e_olnd,33,
219152,Emissions of hoch2c(ch3)=chcho,e_bigald,33,
219153,Emissions of c5h6o2,e_hydrald,33,
219154,Emissions of trop sulfuric acid,e_sulf,33,
219155,Emissions of oxides,e_ox,33,
219156,Emissions of ch2chc(ch3)(oo)ch2ono2,e_isopno3,33,
219157,Emissions of c3 organic nitrate,e_onitr,33,
219158,Emissions of chlorine oxides,e_clox,33,
219159,Emissions of bromine oxides,e_brox,33,
219160,Emissions of hoch2c(ooh)(ch3)chchoh,e_xooh,33,
219161,Emissions of hoch2c(ooh)(ch3)ch=ch2,e_isopooh,33,
219162,Emissions of lumped aromatics,e_toluene,33,
219163,Emissions of dimethyl sulfoxyde,e_dmso,33,
219164,Emissions of c7h9o5,e_tolo2,33,
219165,Emissions of c7h10o5,e_tolooh,33,
219166,Emissions of hydrogensulfide,e_h2s,33,
219167,Emissions of c7h10o6,e_xoh,33,
219168,Emissions of all nitrogen oxides,e_noy,33,
219169,Emissions of chlorine family,e_cly,33,
219170,Emissions of c10h16(oh)(oo),e_terpo2,33,
219171,Emissions of bromine family,e_bry,33,
219172,Emissions of c10h18o3,e_terpooh,33,
219173,Emissions of nitrogen atom,e_n,33,
219174,Emissions of chlorine monoxide,e_clo,33,
219175,Emissions of chlorine atom,e_cl_c,33,
219176,Emissions of bromine monoxide,e_bro,33,
219177,Emissions of hydrogen atom,e_h_c,33,
219178,Emissions of methyl group,e_ch3,33,
219179,Emissions of aromatic-ho from toluene and less reactive aromatics,e_addt,33,
219180,Emissions of aromatic-ho from xylene and more reactive aromatics,e_addx,33,
219181,Emissions of ammonium nitrate,e_nh4no3,33,
219182,Emissions of aromatic-ho from csl,e_addc,33,
219183,Emissions of secondary organic aerosol type 1,e_soa1,33,
219184,Emissions of secondary organic aerosol type 2a,e_soa2a,33,
219185,Emissions of secondary organic aerosol type 2b,e_soa2b,33,
219186,Emissions of condensable gas type 1,e_sog1,33,
219187,Emissions of condensable gas type 2a,e_sog2a,33,
219188,Emissions of condensable gas type 2b,e_sog2b,33,
219189,Emissions of sulfur trioxide,e_so3,33,
219190,Emissions of carbonyl sulfide,e_ocs_c,33,
219191,Emissions of bromine atom,e_br,33,
219192,Emissions of bromine,e_br2,33,
219193,Emissions of bromine monochloride,e_brcl,33,
219194,Emissions of bromine nitrate,e_brono2,33,
219195,Emissions of dibromomethane,e_ch2br2,33,
219196,Emissions of methoxy radical,e_ch3o,33,
219197,Emissions of tribromomethane,e_chbr3,33,
219198,Emissions of asymmetric chlorine dioxide radical,e_cloo,33,
219199,Emissions of hydrogen,e_h2,33,
219200,Emissions of hydrogen chloride,e_hcl,33,
219201,Emissions of formyl radical,e_hco,33,
219202,Emissions of hydrogen fluoride,e_hf,33,
219203,Emissions of oxygen atom,e_o,33,
219204,Emissions of excited oxygen atom,e_o1d,33,
219205,Emissions of ground state oxygen atom,e_o3p,33,
219206,Emissions of stratospheric aerosol,e_strataer,33,
219207,Wildfire flux of paraffins,parfire,33,
219208,Wildfire flux of olefines,olefire,33,
219209,Wildfire flux of aldehydes,ald2fire,33,
219210,Wildfire flux of ketones,ketfire,33,
219211,Wildfire flux of f a-pinene cyclic terpenes,apifire,33,
219212,Wildfire flux of  toluene less reactive aromatics,tolfire,33,
219213,Wildfire flux of xylene more reactive aromatics,xylfire,33,
219214,Wildfire flux of d-limonene cyclic diene,limfire,33,
219215,Wildfire flux of  terminal alkenes,oltfire,33,
219216,Wildfire flux of  alkanes low oh rate,hc3fire,33,
219217,Wildfire flux of alkanes med oh rate,hc5fire,33,
219218,Wildfire flux of alkanes high oh rate,hc8fire,33,
219219,Wildfire flux of hydrogen cyanide,hcnfire,33,
219220,Wildfire flux of acetonitrile,ch3cnfire,33,
219221,Atmosphere emission mass flux of Volcanic sulfur dioxide,e_VSO2,33,
219222,Atmosphere emission mass flux of Aromatic peroxy radical,e_AROO2,33,
219223,Atmosphere emission mass flux of Ethyne,e_C2H2,33,
219224,Atmosphere emission mass flux of Acetonitrile,e_CH3CN,33,
219225,Atmosphere emission mass flux of Methyl peroxy nitrate,e_CH3O2NO2,33,
219226,Atmosphere emission mass flux of Hydrogen cyanide,e_HCN,33,
219227,Atmosphere emission mass flux of Hydroperoxy aldehydes type 1,e_HPALD1,33,
219228,Atmosphere emission mass flux of Hydroperoxy aldehydes type 2,e_HPALD2,33,
219229,Atmosphere emission mass flux of Isoprene peroxy type B,e_ISOPBO2,33,
219230,Atmosphere emission mass flux of Isoprene peroxy type D,e_ISOPDO2,33,
219231,Atmosphere emission mass flux of Anthropogenic volatile organic compounds,e_VOCA,33,
219232,Atmosphere emission mass flux of Biomass burning volatile organic compounds,e_VOCBB,33,
220228,Total precipitation observation count,tpoc,23,
221001,Ozone deposition velocity,dv_go3,5,
221002,Nitrogen oxides deposition velocity,dv_nox,5,
221003,Hydrogen peroxide deposition velocity,dv_h2o2,5,
221004,Methane deposition velocity,dv_ch4,5,
221005,Carbon monoxide deposition velocity,dv_co,5,
221006,Nitric acid deposition velocity,dv_hno3,5,
221007,Methyl peroxide deposition velocity,dv_ch3ooh,5,
221008,Formaldehyde deposition velocity,dv_hcho,5,
221009,Paraffins deposition velocity,dv_par,5,
221010,Ethene deposition velocity,dv_c2h4,5,
221011,Olefins deposition velocity,dv_ole,5,
221012,Aldehydes deposition velocity,dv_ald2,5,
221013,Peroxyacetyl nitrate deposition velocity,dv_pan,5,
221014,Peroxides deposition velocity,dv_rooh,5,
221015,Organic nitrates deposition velocity,dv_onit,5,
221016,Isoprene deposition velocity,dv_c5h8,5,
221017,Sulfur dioxide deposition velocity,dv_so2,5,
221018,Dimethyl sulfide deposition velocity,dv_dms,5,
221019,Ammonia deposition velocity,dv_nh3,5,
221020,Sulfate deposition velocity,dv_so4,5,
221021,Ammonium deposition velocity,dv_nh4,5,
221022,Methane sulfonic acid deposition velocity,dv_msa,5,
221023,Methyl glyoxal deposition velocity,dv_ch3cocho,5,
221024,Stratospheric ozone deposition velocity,dv_o3s,5,
221025,Radon deposition velocity,dv_ra,5,
221026,Lead deposition velocity,dv_pb,5,
221027,Nitrogen monoxide deposition velocity,dv_no,5,
221028,Hydroperoxy radical deposition velocity,dv_ho2,5,
221029,Methylperoxy radical deposition velocity,dv_ch3o2,5,
221030,Hydroxyl radical deposition velocity,dv_oh,5,
221031,Nitrogen dioxide deposition velocity,dv_no2,5,
221032,Nitrate radical deposition velocity,dv_no3,5,
221033,Dinitrogen pentoxide deposition velocity,dv_n2o5,5,
221034,Pernitric acid deposition velocity,dv_ho2no2,5,
221035,Peroxy acetyl radical deposition velocity,dv_c2o3,5,
221036,Organic ethers deposition velocity,dv_ror,5,
221037,PAR budget corrector deposition velocity,dv_rxpar,5,
221038,NO to NO2 operator deposition velocity,dv_xo2,5,
221039,NO to alkyl nitrate operator deposition velocity,dv_xo2n,5,
221040,Amine deposition velocity,dv_nh2,5,
221041,Polar stratospheric cloud deposition velocity,dv_psc,5,
221042,Methanol deposition velocity,dv_ch3oh,5,
221043,Formic acid deposition velocity,dv_hcooh,5,
221044,Methacrylic acid deposition velocity,dv_mcooh,5,
221045,Ethane deposition velocity,dv_c2h6,5,
221046,Ethanol deposition velocity,dv_c2h5oh,5,
221047,Propane deposition velocity,dv_c3h8,5,
221048,Propene deposition velocity,dv_c3h6,5,
221049,Terpenes deposition velocity,dv_c10h16,5,
221050,Methacrolein MVK  deposition velocity,dv_ispd,5,
221051,Nitrate deposition velocity,dv_no3_a,5,
221052,Acetone deposition velocity,dv_ch3coch3,5,
221053,Acetone product deposition velocity,dv_aco2,5,
221054,IC3H7O2 deposition velocity,dv_ic3h7o2,5,
221055,HYPROPO2 deposition velocity,dv_hypropo2,5,
221056,Nitrogen oxides Transp deposition velocity,dv_noxa,5,
221057,Dry deposition velocity of carbon dioxide (chemistry),dv_co2_c,5,
221058,Dry deposition velocity of nitrous oxide (chemistry),dv_n2o_c,5,
221059,Dry deposition velocity of water vapour (chemistry),dv_h2o,5,
221060,Dry deposition velocity of oxygen,dv_o2,5,
221061,Dry deposition velocity of singlet oxygen,dv_o2_1s,5,
221062,Dry deposition velocity of singlet delta oxygen,dv_o2_1d,5,
221063,Dry deposition velocity of chlorine dioxide,dv_oclo,5,
221064,Dry deposition velocity of chlorine nitrate,dv_clono2,5,
221065,Dry deposition velocity of hypochlorous acid,dv_hocl,5,
221066,Dry deposition velocity of chlorine,dv_cl2,5,
221067,Dry deposition velocity of nitryl chloride,dv_clno2,5,
221068,Dry deposition velocity of hydrogen bromide,dv_hbr,5,
221069,Dry deposition velocity of dichlorine dioxide,dv_cl2o2,5,
221070,Dry deposition velocity of hypobromous acid,dv_hobr,5,
221071,Dry deposition velocity of trichlorofluoromethane,dv_cfc11,5,
221072,Dry deposition velocity of dichlorodifluoromethane,dv_cfc12,5,
221073,Dry deposition velocity of trichlorotrifluoroethane,dv_cfc113,5,
221074,Dry deposition velocity of dichlorotetrafluoroethane,dv_cfc114,5,
221075,Dry deposition velocity of chloropentafluoroethane,dv_cfc115,5,
221076,Dry deposition velocity of tetrachloromethane,dv_ccl4,5,
221077,Dry deposition velocity of methyl chloroform,dv_ch3ccl3,5,
221078,Dry deposition velocity of methyl chloride,dv_ch3cl,5,
221079,Dry deposition velocity of chlorodifluoromethane,dv_hcfc22,5,
221080,Dry deposition velocity of methyl bromide,dv_ch3br,5,
221081,Dry deposition velocity of dibromodifluoromethane,dv_ha1202,5,
221082,Dry deposition velocity of bromochlorodifluoromethane,dv_ha1211,5,
221083,Dry deposition velocity of trifluorobromomethane,dv_ha1301,5,
221084,Dry deposition velocity of cbrf2cbrf2,dv_ha2402,5,
221085,Dry deposition velocity of sulfuric acid,dv_h2so4,5,
221086,Dry deposition velocity of nitrous acid,dv_hono,5,
221087,Dry deposition velocity of alkanes low oh rate,dv_hc3,5,
221088,Dry deposition velocity of alkanes med oh rate,dv_hc5,5,
221089,Dry deposition velocity of alkanes high oh rate,dv_hc8,5,
221090,Dry deposition velocity of terminal alkenes,dv_olt,5,
221091,Dry deposition velocity of internal alkenes,dv_oli,5,
221092,Dry deposition velocity of ethylperoxy radical,dv_c2h5o2,5,
221093,Dry deposition velocity of butadiene,dv_dien,5,
221094,Dry deposition velocity of ethyl hydroperoxide,dv_c2h5ooh,5,
221095,Dry deposition velocity of a-pinene cyclic terpenes,dv_api,5,
221096,Dry deposition velocity of acetic acid,dv_ch3cooh,5,
221097,Dry deposition velocity of d-limonene cyclic diene,dv_lim,5,
221098,Dry deposition velocity of acetaldehyde,dv_ch3cho,5,
221099,Dry deposition velocity of toluene and less reactive aromatics,dv_tol,5,
221100,Dry deposition velocity of xylene and more reactive aromatics,dv_xyl,5,
221101,Dry deposition velocity of glycolaldehyde,dv_glyald,5,
221102,Dry deposition velocity of cresol,dv_cresol,5,
221103,Dry deposition velocity of acetaldehyde and higher,dv_ald,5,
221104,Dry deposition velocity of peracetic acid,dv_ch3coooh,5,
221105,Dry deposition velocity of ketones,dv_ket,5,
221106,Dry deposition velocity of hoch2ch2o2,dv_eo2,5,
221107,Dry deposition velocity of glyoxal,dv_glyoxal,5,
221108,Dry deposition velocity of hoch2ch2o,dv_eo,5,
221109,Dry deposition velocity of unsaturated dicarbonyls,dv_dcb,5,
221110,Dry deposition velocity of methacrolein,dv_macr,5,
221111,Dry deposition velocity of unsaturated hydroxy dicarbonyl,dv_udd,5,
221112,Dry deposition velocity of isopropyldioxidanyl,dv_c3h7o2,5,
221113,Dry deposition velocity of hydroxy ketone,dv_hket,5,
221114,Dry deposition velocity of isopropyl hydroperoxide,dv_c3h7ooh,5,
221115,Dry deposition velocity of c3h6oho2,dv_po2,5,
221116,Dry deposition velocity of c3h6ohooh,dv_pooh,5,
221117,Dry deposition velocity of higher organic peroxides,dv_op2,5,
221118,Dry deposition velocity of hydroxyacetone,dv_hyac,5,
221119,Dry deposition velocity of peroxyacetic acid,dv_paa,5,
221120,Dry deposition velocity of ch3coch2o2,dv_ro2,5,
221121,Dry deposition velocity of peroxy radical from c2h6,dv_ethp,5,
221122,Dry deposition velocity of peroxy radical from hc3,dv_hc3p,5,
221123,Dry deposition velocity of peroxy radical from hc5,dv_hc5p,5,
221124,Dry deposition velocity of lumped alkenes,dv_bigene,5,
221125,Dry deposition velocity of peroxy radical from hc8,dv_hc8p,5,
221126,Dry deposition velocity of lumped alkanes,dv_bigalk,5,
221127,Dry deposition velocity of peroxy radical from c2h4,dv_etep,5,
221128,Dry deposition velocity of c4h8o,dv_mek,5,
221129,Dry deposition velocity of peroxy radical from terminal alkenes,dv_oltp,5,
221130,Dry deposition velocity of c4h9o3,dv_eneo2,5,
221131,Dry deposition velocity of peroxy radical from internal alkenes,dv_olip,5,
221132,Dry deposition velocity of ch3coch(oo)ch3,dv_meko2,5,
221133,Dry deposition velocity of peroxy radical from c5h8,dv_isopo2,5,
221134,Dry deposition velocity of ch3coch(ooh)ch3,dv_mekooh,5,
221135,Dry deposition velocity of peroxy radical from a-pinene cyclic terpenes,dv_apip,5,
221136,Dry deposition velocity of ch2=c(ch3)co3,dv_mco3,5,
221137,Dry deposition velocity of peroxy radical from d-limonene cyclic diene,dv_limp,5,
221138,Dry deposition velocity of methylvinylketone,dv_mvk,5,
221139,Dry deposition velocity of phenoxy radical,dv_pho,5,
221140,Dry deposition velocity of peroxy radical from toluene and less reactive aromatics,dv_tolp,5,
221141,Dry deposition velocity of ch3c(o)ch(oo)ch2oh,dv_macro2,5,
221142,Dry deposition velocity of peroxy radical from xylene and more reactive aromatics,dv_xylp,5,
221143,Dry deposition velocity of h3c(o)ch(ooh)ch2oh,dv_macrooh,5,
221144,Dry deposition velocity of peroxy radical from cresol,dv_cslp,5,
221145,Dry deposition velocity of unsaturated pans,dv_mpan,5,
221146,Dry deposition velocity of unsaturated acyl peroxy radical,dv_tco3_c,5,
221147,Dry deposition velocity of peroxy radical from ketones,dv_ketp,5,
221148,Dry deposition velocity of c5h11o2,dv_alko2,5,
221149,Dry deposition velocity of no3-alkenes adduct reacting to form carbonitrates,dv_olnn,5,
221150,Dry deposition velocity of c5h11ooh,dv_alkooh,5,
221151,Dry deposition velocity of no3-alkenes adduct reacting via decomposition,dv_olnd,5,
221152,Dry deposition velocity of hoch2c(ch3)=chcho,dv_bigald,5,
221153,Dry deposition velocity of c5h6o2,dv_hydrald,5,
221154,Dry deposition velocity of trop sulfuric acid,dv_sulf,5,
221155,Dry deposition velocity of oxides,dv_ox,5,
221156,Dry deposition velocity of ch2chc(ch3)(oo)ch2ono2,dv_isopno3,5,
221157,Dry deposition velocity of c3 organic nitrate,dv_onitr,5,
221158,Dry deposition velocity of chlorine oxides,dv_clox,5,
221159,Dry deposition velocity of bromine oxides,dv_brox,5,
221160,Dry deposition velocity of hoch2c(ooh)(ch3)chchoh,dv_xooh,5,
221161,Dry deposition velocity of hoch2c(ooh)(ch3)ch=ch2,dv_isopooh,5,
221162,Dry deposition velocity of lumped aromatics,dv_toluene,5,
221163,Dry deposition velocity of dimethyl sulfoxyde,dv_dmso,5,
221164,Dry deposition velocity of c7h9o5,dv_tolo2,5,
221165,Dry deposition velocity of c7h10o5,dv_tolooh,5,
221166,Dry deposition velocity of hydrogensulfide,dv_h2s,5,
221167,Dry deposition velocity of c7h10o6,dv_xoh,5,
221168,Dry deposition velocity of all nitrogen oxides,dv_noy,5,
221169,Dry deposition velocity of chlorine family,dv_cly,5,
221170,Dry deposition velocity of c10h16(oh)(oo),dv_terpo2,5,
221171,Dry deposition velocity of bromine family,dv_bry,5,
221172,Dry deposition velocity of c10h18o3,dv_terpooh,5,
221173,Dry deposition velocity of nitrogen atom,dv_n,5,
221174,Dry deposition velocity of chlorine monoxide,dv_clo,5,
221175,Dry deposition velocity of chlorine atom,dv_cl_c,5,
221176,Dry deposition velocity of bromine monoxide,dv_bro,5,
221177,Dry deposition velocity of hydrogen atom,dv_h_c,5,
221178,Dry deposition velocity of methyl group,dv_ch3,5,
221179,Dry deposition velocity of aromatic-ho from toluene and less reactive aromatics,dv_addt,5,
221180,Dry deposition velocity of aromatic-ho from xylene and more reactive aromatics,dv_addx,5,
221181,Dry deposition velocity of ammonium nitrate,dv_nh4no3,5,
221182,Dry deposition velocity of aromatic-ho from csl,dv_addc,5,
221183,Dry deposition velocity of secondary organic aerosol type 1,dv_soa1,5,
221184,Dry deposition velocity of secondary organic aerosol type 2a,dv_soa2a,5,
221185,Dry deposition velocity of secondary organic aerosol type 2b,dv_soa2b,5,
221186,Dry deposition velocity of condensable gas type 1,dv_sog1,5,
221187,Dry deposition velocity of condensable gas type 2a,dv_sog2a,5,
221188,Dry deposition velocity of condensable gas type 2b,dv_sog2b,5,
221189,Dry deposition velocity of sulfur trioxide,dv_so3,5,
221190,Dry deposition velocity of carbonyl sulfide,dv_ocs_c,5,
221191,Dry deposition velocity of bromine atom,dv_br,5,
221192,Dry deposition velocity of bromine,dv_br2,5,
221193,Dry deposition velocity of bromine monochloride,dv_brcl,5,
221194,Dry deposition velocity of bromine nitrate,dv_brono2,5,
221195,Dry deposition velocity of dibromomethane,dv_ch2br2,5,
221196,Dry deposition velocity of methoxy radical,dv_ch3o,5,
221197,Dry deposition velocity of tribromomethane,dv_chbr3,5,
221198,Dry deposition velocity of asymmetric chlorine dioxide radical,dv_cloo,5,
221199,Dry deposition velocity of hydrogen,dv_h2,5,
221200,Dry deposition velocity of hydrogen chloride,dv_hcl,5,
221201,Dry deposition velocity of formyl radical,dv_hco,5,
221202,Dry deposition velocity of hydrogen fluoride,dv_hf,5,
221203,Dry deposition velocity of oxygen atom,dv_o,5,
221204,Dry deposition velocity of excited oxygen atom,dv_o1d,5,
221205,Dry deposition velocity of ground state oxygen atom,dv_o3p,5,
221206,Dry deposition velocity of stratospheric aerosol,dv_strataer,5,
221221,Dry deposition velocity of Volcanic sulfur dioxide,dv_VSO2,5,
221222,Dry deposition velocity of Aromatic peroxy radical,dv_AROO2,5,
221223,Dry deposition velocity of Ethyne,dv_C2H2,5,
221224,Dry deposition velocity of Acetonitrile,dv_CH3CN,5,
221225,Dry deposition velocity of Methyl peroxy nitrate,dv_CH3O2NO2,5,
221226,Dry deposition velocity of Hydrogen cyanide,dv_HCN,5,
221227,Dry deposition velocity of Hydroperoxy aldehydes type 1,dv_HPALD1,5,
221228,Dry deposition velocity of Hydroperoxy aldehydes type 2,dv_HPALD2,5,
221229,Dry deposition velocity of Isoprene peroxy type B,dv_ISOPBO2,5,
221230,Dry deposition velocity of Isoprene peroxy type D,dv_ISOPDO2,5,
221231,Dry deposition velocity of Anthropogenic volatile organic compounds,dv_VOCA,5,
221232,Dry deposition velocity of Biomass burning volatile organic compounds,dv_VOCBB,5,
222001,Time-integrated dry deposition mass flux of Ozone,acc_dry_depm_O3,22,
222003,Time-integrated dry deposition mass flux of Hydrogen peroxide,acc_dry_depm_H2O2,22,
222005,Time-integrated dry deposition mass flux of Carbon monoxide,acc_dry_depm_CO,22,
222006,Time-integrated dry deposition mass flux of Nitric acid,acc_dry_depm_HNO3,22,
222007,Time-integrated dry deposition mass flux of Methyl peroxide,acc_dry_depm_CH3OOH,22,
222008,Time-integrated dry deposition mass flux of Formaldehyde,acc_dry_depm_HCHO,22,
222012,Time-integrated dry deposition mass flux of Aldehydes,acc_dry_depm_ALD2,22,
222013,Time-integrated dry deposition mass flux of Peroxyacetyl nitrate,acc_dry_depm_PAN,22,
222014,Time-integrated dry deposition mass flux of Peroxides,acc_dry_depm_ROOH,22,
222015,Time-integrated dry deposition mass flux of Organic nitrates,acc_dry_depm_ONIT,22,
222016,Time-integrated dry deposition mass flux of Isoprene,acc_dry_depm_C5H8,22,
222017,Time-integrated dry deposition mass flux of Sulphur dioxide,acc_dry_depm_SO2,22,
222019,Time-integrated dry deposition mass flux of Ammonia,acc_dry_depm_NH3,22,
222020,Time-integrated dry deposition mass flux of Sulfate,acc_dry_depm_SO4,22,
222021,Time-integrated dry deposition mass flux of Ammonium,acc_dry_depm_NH4,22,
222023,Time-integrated dry deposition mass flux of Methyl glyoxal,acc_dry_depm_CH3COCHO,22,
222024,Time-integrated dry deposition mass flux of Ozone (stratospheric),acc_dry_depm_O3S,22,
222027,Time-integrated dry deposition mass flux of Nitrogen monoxide,acc_dry_depm_NO,22,
222028,Time-integrated dry deposition mass flux of Hydroperoxy radical,acc_dry_depm_HO2,22,
222029,Time-integrated dry deposition mass flux of Methylperoxy radical,acc_dry_depm_CH3O2,22,
222031,Time-integrated dry deposition mass flux of Nitrogen dioxide,acc_dry_depm_NO2,22,
222032,Time-integrated dry deposition mass flux of Nitrate radical,acc_dry_depm_NO3,22,
222033,Time-integrated dry deposition mass flux of Dinitrogen pentoxide,acc_dry_depm_N2O5,22,
222034,Time-integrated dry deposition mass flux of Pernitric acid,acc_dry_depm_HO2NO2,22,
222042,Time-integrated dry deposition mass flux of Methanol,acc_dry_depm_CH3OH,22,
222043,Time-integrated dry deposition mass flux of Formic acid,acc_dry_depm_HCOOH,22,
222044,Time-integrated dry deposition mass flux of Methacrylic acid,acc_dry_depm_MCOOH,22,
222045,Time-integrated dry deposition mass flux of Ethane,acc_dry_depm_C2H6,22,
222046,Time-integrated dry deposition mass flux of Ethanol,acc_dry_depm_C2H5OH,22,
222050,Time-integrated dry deposition mass flux of Methacrolein,acc_dry_depm_ISPD,22,
222051,Time-integrated dry deposition mass flux of Nitrate,acc_dry_depm_NO3_A,22,
222052,Time-integrated dry deposition mass flux of Acetone,acc_dry_depm_CH3COCH3,22,
222086,Time-integrated dry deposition mass flux of Nitrous acid,acc_dry_depm_HONO,22,
222099,Time-integrated dry deposition mass flux of Toluene and less reactive aromatics,acc_dry_depm_TOL,22,
222100,Time-integrated dry deposition mass flux of Xylene and more reactive aromatics,acc_dry_depm_XYL,22,
222101,Time-integrated dry deposition mass flux of Glycolaldehyde,acc_dry_depm_GLYALD,22,
222107,Time-integrated dry deposition mass flux of Glyoxal,acc_dry_depm_GLY,22,
222118,Time-integrated dry deposition mass flux of Hydroxyacetone,acc_dry_depm_HYAC,22,
222161,Time-integrated dry deposition mass flux of all hydroxy-peroxides products of the reaction of hydroxy-isoprene adducts with O2,acc_dry_depm_ISOPOOH,22,
222224,Time-integrated dry deposition mass flux of Acetonitrile,acc_dry_depm_CH3CN,22,
222226,Time-integrated dry deposition mass flux of Hydrogen cyanide,acc_dry_depm_HCN,22,
223001,Time-integrated wet deposition mass flux of Ozone,acc_wet_depm_O3,22,
223003,Time-integrated wet deposition mass flux of Hydrogen peroxide,acc_wet_depm_H2O2,22,
223006,Time-integrated wet deposition mass flux of Nitric acid,acc_wet_depm_HNO3,22,
223007,Time-integrated wet deposition mass flux of Methyl peroxide,acc_wet_depm_CH3OOH,22,
223008,Time-integrated wet deposition mass flux of Formaldehyde,acc_wet_depm_HCHO,22,
223012,Time-integrated wet deposition mass flux of Aldehydes,acc_wet_depm_ALD2,22,
223013,Time-integrated wet deposition mass flux of Peroxyacetyl nitrate,acc_wet_depm_PAN,22,
223014,Time-integrated wet deposition mass flux of Peroxides,acc_wet_depm_ROOH,22,
223015,Time-integrated wet deposition mass flux of Organic nitrates,acc_wet_depm_ONIT,22,
223016,Time-integrated wet deposition mass flux of Isoprene,acc_wet_depm_C5H8,22,
223017,Time-integrated wet deposition mass flux of Sulphur dioxide,acc_wet_depm_SO2,22,
223019,Time-integrated wet deposition mass flux of Ammonia,acc_wet_depm_NH3,22,
223020,Time-integrated wet deposition mass flux of Sulfate,acc_wet_depm_SO4,22,
223021,Time-integrated wet deposition mass flux of Ammonium,acc_wet_depm_NH4,22,
223022,Time-integrated wet deposition mass flux of Methane sulfonic acid,acc_wet_depm_MSA,22,
223023,Time-integrated wet deposition mass flux of Methyl glyoxal,acc_wet_depm_CH3COCHO,22,
223025,Time-integrated wet deposition mass flux of Carbon monoxide,acc_wet_depm_CO,22,
223026,Time-integrated wet deposition mass flux of Lead,acc_wet_depm_Pb,22,
223027,Time-integrated wet deposition mass flux of Nitrogen monoxide,acc_wet_depm_NO,22,
223028,Time-integrated wet deposition mass flux of Hydroperoxy radical,acc_wet_depm_HO2,22,
223029,Time-integrated wet deposition mass flux of Methylperoxy radical,acc_wet_depm_CH3O2,22,
223031,Time-integrated wet deposition mass flux of Nitrogen dioxide,acc_wet_depm_NO2,22,
223032,Time-integrated wet deposition mass flux of Nitrate radical,acc_wet_depm_NO3,22,
223033,Time-integrated wet deposition mass flux of Dinitrogen pentoxide,acc_wet_depm_N2O5,22,
223034,Time-integrated wet deposition mass flux of Pernitric acid,acc_wet_depm_HO2NO2,22,
223042,Time-integrated wet deposition mass flux of Methanol,acc_wet_depm_CH3OH,22,
223043,Time-integrated wet deposition mass flux of Formic acid,acc_wet_depm_HCOOH,22,
223044,Time-integrated wet deposition mass flux of Methacrylic acid,acc_wet_depm_MCOOH,22,
223045,Time-integrated wet deposition mass flux of Ethane,acc_wet_depm_C2H6,22,
223046,Time-integrated wet deposition mass flux of Ethanol,acc_wet_depm_C2H5OH,22,
223050,Time-integrated wet deposition mass flux of Methacrolein,acc_wet_depm_ISPD,22,
223051,Time-integrated wet deposition mass flux of Nitrate,acc_wet_depm_NO3_A,22,
223052,Time-integrated wet deposition mass flux of Acetone,acc_wet_depm_CH3COCH3,22,
223064,Time-integrated wet deposition mass flux of Chlorine nitrate,acc_wet_depm_CLONO2,22,
223065,Time-integrated wet deposition mass flux of Hypochlorous acid,acc_wet_depm_HOCL,22,
223068,Time-integrated wet deposition mass flux of Hydrogen bromide,acc_wet_depm_HBR,22,
223070,Time-integrated wet deposition mass flux of Hypobromous acid,acc_wet_depm_HOBR,22,
223086,Time-integrated wet deposition mass flux of Nitrous acid,acc_wet_depm_HONO,22,
223099,Time-integrated wet deposition mass flux of Toluene and less reactive aromatics,acc_wet_depm_TOL,22,
223100,Time-integrated wet deposition mass flux of Xylene and more reactive aromatics,acc_wet_depm_XYL,22,
223101,Time-integrated wet deposition mass flux of Glycolaldehyde,acc_wet_depm_GLYALD,22,
223107,Time-integrated wet deposition mass flux of Glyoxal,acc_wet_depm_GLY,22,
223118,Time-integrated wet deposition mass flux of Hydroxyacetone,acc_wet_depm_HYAC,22,
223161,Time-integrated wet deposition mass flux of all hydroxy-peroxides products of the reaction of hydroxy-isoprene adducts with O2,acc_wet_depm_ISOPOOH,22,
223186,Time-integrated wet deposition mass flux of Condensable gas type 1,acc_wet_depm_SOG1,22,
223187,Time-integrated wet deposition mass flux of Condensable gas type 2a,acc_wet_depm_SOG2A,22,
223188,Time-integrated wet deposition mass flux of Condensable gas type 2b,acc_wet_depm_SOG2B,22,
223194,Time-integrated wet deposition mass flux of Bromine nitrate,acc_wet_depm_BRONO2,22,
223200,Time-integrated wet deposition mass flux of Hydrogen chloride,acc_wet_depm_HCL,22,
223224,Time-integrated wet deposition mass flux of Acetonitrile,acc_wet_depm_CH3CN,22,
223226,Time-integrated wet deposition mass flux of Hydrogen cyanide,acc_wet_depm_HCN,22,
223227,Time-integrated wet deposition mass flux of Hydroperoxy aldehydes type 1,acc_wet_depm_HPALD1,22,
223228,Time-integrated wet deposition mass flux of Hydroperoxy aldehydes type 2,acc_wet_depm_HPALD2,22,
228001,Convective inhibition,cin,17,
228002,Orography,orog,4,
228003,Friction velocity,zust,5,
228004,Time-mean 2 metre temperature,avg_2t,2,
228005,Time-mean 10 metre wind speed,avg_10ws,5,
228006,Mean total cloud cover,meantcc,3,
228007,Lake total depth,dl,4,
228008,Lake mix-layer temperature,lmlt,2,
228009,Lake mix-layer depth,lmld,4,
228010,Lake bottom temperature,lblt,2,
228011,Lake total layer temperature,ltlt,2,
228012,Lake shape factor,lshf,23,
228013,Lake ice surface temperature,lict,2,
228014,Lake ice total depth,licd,4,
228015,Minimum vertical gradient of refractivity inside trapping layer,dndzn,86,
228016,Mean vertical gradient of refractivity inside trapping layer,dndza,86,
228017,Duct base height,dctb,4,
228018,Trapping layer base height,tplb,4,
228019,Trapping layer top height,tplt,4,
228020,Geometric height of -10 degrees C atmospheric isothermal level above ground,degm10l,4,
228021,Surface direct short-wave (solar) radiation,fdir,6,
228022,"Surface direct short-wave radiation, clear sky",cdir,6,
228023,Cloud base height,cbh,4,
228024,Geometric height of 0 degrees C atmospheric isothermal level above ground,deg0l,4,
228025,Horizontal visibility,hvis,4,
228026,Maximum temperature at 2 metres in the last 3 hours,mx2t3,2,
228027,Minimum temperature at 2 metres in the last 3 hours,mn2t3,2,
228028,Maximum 10 metre wind gust in the last 3 hours,10fg3,5,
228029,Instantaneous 10 metre wind gust,i10fg,5,
228030,Relative humidity with respect to water,rhw,29,
228031,Relative humidity with respect to ice,rhi,29,
228032,Snow albedo,asn,29,
228034,Fraction of convective precipitation cover,fcpc,105,
228035,Maximum CAPE in the last 6 hours,mxcape6,17,
228036,Maximum CAPES in the last 6 hours,mxcapes6,15,
228037,2 metre relative humidity with respect to water,2rhw,29,
228038,Liquid water content in snow pack,lwcs,22,
228039,Soil moisture,sm,9,
228040,Soil wetness index in layer 1,swi1,23,
228041,Soil wetness index in layer 2,swi2,23,
228042,Soil wetness index in layer 3,swi3,23,
228043,Soil wetness index in layer 4,swi4,23,
228044,Convective available potential energy shear,capes,15,
228045,Tropopause pressure,trpp,16,
228046,Height of convective cloud top,hcct,4,
228047,Height of zero-degree wet-bulb temperature,hwbt0,4,
228048,Height of one-degree wet-bulb temperature,hwbt1,4,
228050,Instantaneous total lightning flash density,litoti,107,
228051,Averaged total lightning flash density in the last hour,litota1,107,
228052,Instantaneous cloud-to-ground lightning flash density,licgi,107,
228053,Averaged cloud-to-ground lightning flash density in the last hour,licga1,107,
228054,Unbalanced component of specific humidity,ucq,21,
228055,Unbalanced component of specific cloud liquid water content,ucclwc,21,
228056,Unbalanced component of specific cloud ice water content,ucciwc,21,
228057,Averaged total lightning flash density in the last 3 hours,litota3,107,
228058,Averaged total lightning flash density in the last 6 hours,litota6,107,
228059,Averaged cloud-to-ground lightning flash density in the last 3 hours,licga3,107,
228060,Averaged cloud-to-ground lightning flash density in the last 6 hours,licga6,107,
228070,SMOS observed soil moisture retrieved using neural network,smnnob,10,
228071,SMOS observed soil moisture uncertainty retrieved using neural network,smnner,10,
228072,SMOS radio frequency interference probability,smnnrfi,29,
228073,SMOS number of observations per grid point,smnnnb,23,
228074,SMOS observation time for the satellite soil moisture data,smnntim,217,
228078,GPP coefficient from Biogenic Flux Adjustment System,gppbfas,23,
228079,Rec coefficient from Biogenic Flux Adjustment System,recbfas,23,
228080,Accumulated Carbon Dioxide Net Ecosystem Exchange,aco2nee,22,
228081,Accumulated Carbon Dioxide Gross Primary Production,aco2gpp,22,
228082,Accumulated Carbon Dioxide Ecosystem Respiration,aco2rec,22,
228083,Carbon dioxide net ecosystem exchange flux,fco2nee,33,
228084,Carbon dioxide gross primary production flux,fco2gpp,33,
228085,Carbon dioxide ecosystem respiration flux,fco2rec,33,
228086,Soil moisture top 20 cm,sm20,9,
228087,Soil moisture top 100 cm,sm100,9,
228088,Total column supercooled liquid water,tcslw,22,
228089,Total column rain water,tcrw,22,
228090,Total column snow water,tcsw,22,
228091,Canopy cover fraction,ccf,3,
228092,Soil texture fraction,stf,3,
228093,Volumetric soil moisture,swv,10,
228094,Ice temperature,ist,2,
228095,Soil temperature top 20 cm,st20,2,
228096,Soil temperature top 100 cm,st100,2,
228100,Evaporation from the top of canopy,evatc,27,
228101,Evaporation from bare soil,evabs,27,
228102,Evaporation from open water surfaces excluding oceans,evaow,27,
228103,Evaporation from vegetation transpiration,evavt,27,
228104,Atmosphere emission mass flux of Methane from Wetlands,e_WLCH4,33,
228105,Solar induced Chlorophyll fluorescence at 740nm,sif740,11,
228106,Solar induced Chlorophyll fluorescence at 755nm,sif755,11,
228107,Solar induced Chlorophyll fluorescence at 771nm,sif771,11,
228108,Solar induced Chlorophyll fluorescence at 757nm,sif757,11,
228109,Accumulated mass emission of methane from Wetlands,acc_e_WLCH4,22,
228129,Surface short-wave (solar) radiation downward clear-sky,ssrdc,6,
228130,Surface long-wave (thermal) radiation downward clear-sky,strdc,6,
228131,10 metre u-component of neutral wind,u10n,5,
228132,10 metre v-component of neutral wind,v10n,5,
228134,V-tendency from non-orographic wave drag,vtnowd,46,
228136,U-tendency from non-orographic wave drag,utnowd,46,
228139,Soil temperature,st,2,
228141,Snow depth water equivalent,sd,22,
228143,Convective precipitation,cp,22,
228144,Snowfall water equivalent,sf,22,
228164,Total Cloud Cover,tcc,29,
228170,Field capacity,cap,9,
228171,Wilting point,wilt,9,
228205,Water runoff and drainage,ro,22,
228216,Accumulated freezing rain,fzra,4,
228217,Instantaneous large-scale precipitation fraction,ilspf,105,
228218,Convective rain rate,crr,33,
228219,Large scale rain rate,lsrr,33,
228220,Convective snowfall rate water equivalent,csfr,33,
228221,Large scale snowfall rate water equivalent,lssfr,33,
228222,Maximum total precipitation rate in the last 3 hours,mxtpr3,33,
228223,Minimum total precipitation rate in the last 3 hours,mntpr3,33,
228224,Maximum total precipitation rate in the last 6 hours,mxtpr6,33,
228225,Minimum total precipitation rate in the last 6 hours,mntpr6,33,
228226,Maximum total precipitation rate since previous post-processing,mxtpr,33,
228227,Minimum total precipitation rate since previous post-processing,mntpr,33,
228228,Total Precipitation,tp,22,
228229,SMOS first Brightness Temperature Bias Correction parameter,smos_tb_cdfa,2,
228230,SMOS second Brightness Temperature Bias Correction parameter,smos_tb_cdfb,23,
228231,Mixed-layer CAPE in the lowest 50 hPa,mlcape50,17,
228232,Mixed-layer CIN in the lowest 50 hPa,mlcin50,17,
228233,Mixed-layer CAPE in the lowest 100 hPa,mlcape100,17,
228234,Mixed-layer CIN in the lowest 100 hPa,mlcin100,17,
228235,Most-unstable CAPE,mucape,17,
228236,Most-unstable CIN,mucin,17,
228237,Departure level of the most unstable parcel expressed as Pressure,mudlp,16,
228239,200 metre U wind component,200u,5,
228240,200 metre V wind component,200v,5,
228241,200 metre wind speed,200si,5,
228242,Surface solar radiation diffuse total sky,fdif,6,
228243,Surface solar radiation diffuse clear-sky,cdif,6,
228244,Surface albedo of direct radiation,aldr,3,
228245,Surface albedo of diffuse radiation,aldf,3,
228246,100 metre U wind component,100u,5,
228247,100 metre V wind component,100v,5,
228248,Surface short wave-effective total cloudiness,tccsw,23,
228249,100 metre wind speed,100si,5,
228250,Irrigation fraction,irrfr,105,
228251,Potential evaporation,pev,4,
228252,Irrigation,irr,4,
228253,ASCAT first soil moisture CDF matching parameter,ascat_sm_cdfa,10,
228254,ASCAT second soil moisture CDF matching parameter,ascat_sm_cdfb,23,
228255,Surface long wave-effective total cloudiness,tcclw,23,
229001,Urban cover,cur,3,
229002,Road Cover,cro,3,
229003,Building cover,cbu,3,
229004,Building height,bldh,4,
229005,Vertical-to-horizontal area ratio,hwr,19,
229006,Standard deviation of building height,bhstd,4,
229007,Wetland cover,cwe,3,
229008,Wetland type,twe,81,
229009,Irrigation cover,cirr,3,
229010,C4 crop cover,c4cr,3,
229011,C4 grass cover,c4gr,3,
230008,Surface runoff (variable resolution),srovar,4,
230009,Sub-surface runoff (variable resolution),ssrovar,4,
230020,Clear sky surface photosynthetically active radiation (variable resolution),parcsvar,6,
230021,Total sky direct solar radiation at surface (variable resolution),fdirvar,6,
230022,Clear-sky direct solar radiation at surface (variable resolution),cdirvar,6,
230044,Snow evaporation (variable resolution),esvar,22,
230045,Snowmelt (variable resolution),smltvar,22,
230046,Solar duration (variable resolution),sdurvar,12,
230047,Direct solar radiation (variable resolution),dsrpvar,6,
230050,Large-scale precipitation fraction (variable resolution),lspfvar,12,
230057,Downward UV radiation at the surface (variable resolution),uvbvar,6,
230058,Photosynthetically active radiation at the surface (variable resolution),parvar,6,
230080,Accumulated Carbon Dioxide Net Ecosystem Exchange (variable resolution),aco2neevar,22,
230081,Accumulated Carbon Dioxide Gross Primary Production (variable resolution),aco2gppvar,22,
230082,Accumulated Carbon Dioxide Ecosystem Respiration (variable resolution),aco2recvar,22,
230129,Surface solar radiation downward clear-sky (variable resolution),ssrdcvar,6,
230130,Surface thermal radiation downward clear-sky (variable resolution),strdcvar,6,
230142,Stratiform precipitation (Large-scale precipitation) (variable resolution),lspvar,4,
230143,Convective precipitation (variable resolution),cpvar,4,
230144,Snowfall (convective + stratiform) (variable resolution),sfvar,27,
230145,Boundary layer dissipation (variable resolution),bldvar,6,
230146,Surface sensible heat flux (variable resolution),sshfvar,6,
230147,Surface latent heat flux (variable resolution),slhfvar,6,
230169,Surface solar radiation downwards (variable resolution),ssrdvar,6,
230174,Albedo (variable resolution),alvar,3,
230175,Surface thermal radiation downwards (variable resolution),strdvar,6,
230176,Surface net solar radiation (variable resolution),ssrvar,6,
230177,Surface net thermal radiation (variable resolution),strvar,6,
230178,Top net solar radiation (variable resolution),tsrvar,6,
230179,Top net thermal radiation (variable resolution),ttrvar,6,
230180,East-West surface stress (variable resolution),ewssvar,14,
230181,North-South surface stress (variable resolution),nsssvar,14,
230182,Evaporation (variable resolution),evar,22,
230189,Sunshine duration (variable resolution),sundvar,12,
230195,Longitudinal component of gravity wave stress (variable resolution),lgwsvar,14,
230196,Meridional component of gravity wave stress (variable resolution),mgwsvar,14,
230197,Gravity wave dissipation (variable resolution),gwdvar,6,
230198,Skin reservoir content (variable resolution),srcvar,22,
230205,Runoff (variable resolution),rovar,4,
230208,"Top net solar radiation, clear sky (variable resolution)",tsrcvar,6,
230209,"Top net thermal radiation, clear sky (variable resolution)",ttrcvar,6,
230210,"Surface net solar radiation, clear sky (variable resolution)",ssrcvar,6,
230211,"Surface net thermal radiation, clear sky (variable resolution)",strcvar,6,
230212,TOA incident solar radiation (variable resolution),tisrvar,6,
230213,Vertically integrated moisture divergence (variable resolution),vimdvar,22,
230216,Accumulated freezing rain (variable resolution),fzravar,4,
230228,Total precipitation (variable resolution),tpvar,4,
230239,Convective snowfall (variable resolution),csfvar,27,
230240,Large-scale snowfall (variable resolution),lsfvar,27,
230251,Potential evaporation (variable resolution),pevvar,4,
231001,Accumulated freezing rain water equivalent,fzrawe,22,
231002,Runoff water equivalent (surface plus subsurface),rowe,22,
231003,Snow evaporation water equivalent,eswe,22,
231004,Potential evaporation rate,pevr,33,
231005,Potential evaporation,peva,22,
231006,Tile fraction,tifr,105,
231007,Tile percentage,tipe,29,
231008,Forecast logarithm of surface roughness length for moisture,flsrm,106,
231009,Surface runoff rate,surfror,33,
231010,Surface runoff,surfro,22,
231011,Sub-surface runoff rate,ssurfror,33,
231012,Sub-surface runoff,ssurfro,22,
231013,Reflectance in 0.4 micron channel,rfl04,29,
231014,Vertical divergence,vdiv,8,
231015,Drag thermal coefficient,dtc,106,
231016,Drag evaporation coefficient,dec,106,
231017,Pressure departure from hydrostatic state,pdhs,16,
231018,Surface net radiation flux (SW and LW),snrf,76,
231019,Top net radiation flux (SW and LW),tnrf,76,
231021,Global irradiance on tilted surfaces,gits,76,
231022,Eady growth rate,eagr,225,
231023,Tropical cyclones track density,tdtc,106,
231024,Canopy air temperature,cant,2,
231025,Soil wetness index (total layer),swit,106,
231026,Soil wetness index (root zone),swir,106,
231027,Soil wetness index (layer),swil,106,
231028,Distance downward from roof surface,ddrf,4,
231029,Distance inward from outer wall surface,diws,4,
231030,Distance downward from road surface,ddrd,4,
231031,Renewable power capacity,rpc,179,
231032,Renewable power production rate,rppr,179,
231033,Renewable power production,rpp,223,
231034,Wind power capacity,wpc,179,
231035,Wind power production rate,wppr,179,
231036,Wind power production,wpp,223,
231037,Solar photovoltaic (PV) power capacity,pvpc,179,
231038,Solar photovoltaic (PV) power production rate,pvppr,179,
231039,Solar photovoltaic (PV) power production,pvpp,223,
231040,Graupel (snow pellets) precipitation,tgrp,22,
231041,Time-integrated total lightning flash density,litotint,224,
231045,Pressure at cloud base,pcdb,16,
231046,Geometric height of adiabatic condensation level above ground,hacg,4,
231047,Geometric height of free convection level above ground,hfcg,4,
231048,Geometric height of neutral buoyancy level above ground,hnbg,4,
231049,Geometric height of 3 degrees C atmospheric isothermal level above ground,deg3l,4,
231050,Roof temperature,rft,2,
231051,Wall temperature,wlt,2,
231052,Road temperature,rdt,2,
231053,Snow depth water equivalent on roof,sdrf,22,
231054,Snow depth water equivalent on road,sdrd,22,
231055,Urban canyon temperature,urct,2,
231056,Urban canyon specific humidity,urcq,21,
231057,Convective snowfall water equivalent,csfwe,22,
231058,Large-scale snowfall water equivalent,lsfwe,22,
231059,Lake surface temperature,lslt,2,
231060,Surface bulk Richardson number,sbrn,106,
231063,Surface roughness for heat,srhe,4,
231064,Surface roughness for moisture,srmo,4,
231065,Snow evaporation rate water equivalent,esrwe,33,
231066,Radar reflectivity,rare,115,
231067,Pressure at cloud ceiling,pcdc,16,
231068,Visibility through precipitation,visp,4,
231069,Geometric height of 0 degrees C theta level above ground,h0thg,4,
231070,Geometric height of 1 degree C theta level above ground,h1thg,4,
231071,Geometric height of 1.5 degrees C theta level above ground,h1p5thg,4,
231072,Volumetric soil moisture (root zone),vswrz,10,
231073,Total column vertical-maximum radar precipitation rate,tcvmrpr,33,
231074,Total column vertical-maximum radar reflectivity,tcvmrr,115,
231500,Thunderstorm hazard index,hits,233,
231501,Surface water flooding hazard index,hiswf,233,
231502,Polluted air hazard index,hipa,233,
231503,Storm surge hazard index,hiss,233,
231504,Cold wave hazard index,hicw,233,
231505,Frost (hoar frost) hazard index,hihf,233,
231506,Heatwave hazard index,hihw,233,
231507,Wind hazard index,hiw,233,
231508,Wildfires hazard index,hiwf,233,
232000,Burned area,fba,29,
232001,Burning area,bia,29,
232002,Burnable area,baa,29,
232003,Un-burnable area,ubaa,29,
232004,Fuel load,fuell,22,
232005,Combustion completeness,combc,29,
232006,Fuel moisture content,fuelmc,21,
232007,Live leaf fuel load,llfl,22,
232008,Live wood fuel load ,lwfl,22,
232009,Dead leaf fuel load,dlfl,22,
232010,Dead wood fuel load,dwfl,22,
232011,Live fuel moisture content,lfmc,21,
232012,Fine dead leaf moisture content,fdlmc,21,
232013,Dense dead leaf moisture content,ddlmc,21,
232014,Fine dead wood moisture content,fdwmc,21,
232015,Dense dead wood moisture content,ddwmc,21,
232016,Live fuel moisture content in low vegetation,lfmclv,21,
232017,Live fuel moisture content in high vegetation,lfmchv,21,
233000,Time-integrated total column vertically-integrated eastward geopotential flux,tvige,222,
233001,Time-integrated total column vertically-integrated northward geopotential flux,tvign,222,
233002,Time-integrated total column vertically-integrated divergence of water geopotential flux,tviwgd,6,
233003,Time-integrated total column vertically-integrated divergence of geopotential flux,tvigd,6,
233004,Time-integrated total column vertically-integrated eastward enthalpy flux,tviee,222,
233005,Time-integrated total column vertically-integrated northward enthalpy flux,tvien,222,
233006,Time-integrated total column vertically-integrated eastward kinetic energy flux,tvikee,222,
233007,Time-integrated total column vertically-integrated northward kinetic energy flux,tviken,222,
233008,Time-integrated total column vertically-integrated eastward total energy flux,tvitee,222,
233009,Time-integrated total column vertically-integrated northward total energy flux,tviten,222,
233010,Time-integrated total column vertically-integrated divergence of enthalpy flux,tvied,6,
233011,Time-integrated total column vertically-integrated divergence of kinetic energy flux,tviked,6,
233012,Time-integrated total column vertically-integrated divergence of total energy flux,tvited,6,
233013,Time-integrated total column vertically-integrated divergence of water enthalpy flux,tviwed,6,
233014,Time-integrated total column vertically-integrated divergence of mass flux,tvimad,22,
233015,Time-integrated total column vertically-integrated eastward mass flux,tvimae,116,
233016,Time-integrated total column vertically-integrated northward mass flux,tviman,116,
233017,Time-integrated total column vertically-integrated divergence of water vapour flux,tviwvd,22,
233018,Time-integrated total column vertically-integrated divergence of cloud liquid water flux,tviclwd,22,
233019,Time-integrated total column vertically-integrated divergence of cloud ice water flux,tviciwd,22,
233020,Time-integrated total column vertically-integrated divergence of rain flux,tvird,22,
233021,Time-integrated total column vertically-integrated divergence of snow flux,tvisd,22,
233022,Time-integrated total column vertically-integrated eastward water vapour flux,tviwve,116,
233023,Time-integrated total column vertically-integrated northward water vapour flux,tviwvn,116,
233024,Time-integrated total column vertically-integrated eastward cloud liquid water flux,tviclwe,116,
233025,Time-integrated total column vertically-integrated northward cloud liquid water flux,tviclwn,116,
233026,Time-integrated total column vertically-integrated eastward cloud ice water flux,tviciwe,116,
233027,Time-integrated total column vertically-integrated northward cloud ice water flux,tviciwn,116,
233028,Time-integrated total column vertically-integrated eastward rain flux,tvire,116,
233029,Time-integrated total column vertically-integrated northward rain flux,tvirn,116,
233030,Time-integrated total column vertically-integrated eastward snow flux,tvise,116,
233031,Time-integrated total column vertically-integrated northward snow flux,tvisn,116,
233032,Time-integrated total column vertically-integrated eastward ozone flux,tvioze,116,
233033,Time-integrated total column vertically-integrated northward ozone flux,tviozn,116,
233034,Time-integrated total column vertically-integrated divergence of ozone flux,tviozd,22,
233035,Time-integrated total column vertically-integrated net source of ozone,tvions,22,
234139,Surface temperature significance,sts,29,
234151,Mean sea level pressure significance,msls,29,
234167,2 metre temperature significance,2ts,29,
234228,Total precipitation significance,tps,29,
235001,Time-mean temperature tendency due to short-wave radiation,avg_ttswr,37,
235002,Time-mean temperature tendency due to long-wave radiation,avg_ttlwr,37,
235003,"Time-mean temperature tendency due to short wave radiation, clear sky",avg_ttswrcs,37,
235004,"Time-mean temperature tendency due to long-wave radiation, clear sky",avg_ttlwrcs,37,
235005,Time-mean temperature tendency due to parametrisations,avg_ttpm,37,
235006,Time-mean specific humidity tendency due to parametrisations,avg_qtpm,39,
235007,Time-mean eastward wind tendency due to parametrisations,avg_utpm,46,
235008,Time-mean northward wind tendency due to parametrisations,avg_vtpm,46,
235009,Time-mean updraught mass flux,avg_umf,33,
235010,Time-mean downdraught mass flux,avg_dmf,33,
235011,Time-mean updraught detrainment rate,avg_udr,215,
235012,Time-mean downdraught detrainment rate,avg_ddr,215,
235013,Time-mean total precipitation flux,avg_tpf,33,
235014,Time-mean turbulent diffusion coefficient for heat,avg_tdch,1,
235015,Time integral of rain flux,tirf,22,
235017,Time integral of surface eastward momentum flux,tisemf,14,
235018,Time integral of surface northward momentum flux,tisnmf,14,
235019,Time integral of surface latent heat evaporation flux,tislhef,6,
235020,Time-mean surface runoff rate,avg_surfror,33,
235021,Time-mean sub-surface runoff rate,avg_ssurfror,33,
235022,"Time-mean surface photosynthetically active radiation flux, clear sky",avg_parcsf,76,
235023,Time-mean snow evaporation rate water equivalent,avg_esrwe,33,
235024,Time-mean snow melt rate,avg_smr,33,
235025,Time-mean magnitude of turbulent surface stress,avg_imagss,32,
235026,Time-mean large-scale precipitation fraction,avg_ilspf,105,
235027,Time-mean surface downward UV radiation flux,avg_sduvrf,76,
235028,Time-mean surface photosynthetically active radiation flux,avg_sparf,76,
235029,Time-mean large-scale precipitation rate,avg_lsprate,33,
235030,Time-mean convective precipitation rate,avg_cpr,33,
235031,Time-mean total snowfall rate water equivalent,avg_tsrwe,33,
235032,Time-mean boundary layer dissipation,avg_ibld,76,
235033,Time-mean surface sensible heat flux,avg_ishf,76,
235034,Time-mean surface latent heat flux,avg_slhtf,76,
235035,Time-mean surface downward short-wave radiation flux,avg_sdswrf,76,
235036,Time-mean surface downward long-wave radiation flux,avg_sdlwrf,76,
235037,Time-mean surface net short-wave radiation flux,avg_snswrf,76,
235038,Time-mean surface net long-wave radiation flux,avg_snlwrf,76,
235039,Time-mean top net short-wave radiation flux,avg_tnswrf,76,
235040,Time-mean top net long-wave radiation flux,avg_tnlwrf,76,
235041,Time-mean eastward turbulent surface stress,avg_iews,32,
235042,Time-mean northward turbulent surface stress,avg_inss,32,
235043,Time-mean moisture flux,avg_ie,33,
235044,Time-mean sunshine duration fraction,avg_sdf,105,
235045,Time-mean eastward gravity wave surface stress,avg_iegwss,32,
235046,Time-mean northward gravity wave surface stress,avg_ingwss,32,
235047,Time-mean gravity wave dissipation,avg_igwd,76,
235048,Time-mean runoff rate water equivalent (surface plus subsurface),avg_rorwe,33,
235049,"Time-mean top net short-wave radiation flux, clear sky",avg_tnswrfcs,76,
235050,"Time-mean top net long-wave radiation flux, clear sky",avg_tnlwrfcs,76,
235051,"Time-mean surface net short-wave radiation flux, clear sky",avg_snswrfcs,76,
235052,"Time-mean surface net long-wave radiation flux, clear sky",avg_snlwrfcs,76,
235053,Time mean top downward short-wave radiation flux,avg_tdswrf,76,
235054,Time-mean total column vertically-integrated moisture divergence flux,avg_vimdf,33,
235055,Time-mean total precipitation rate,avg_tprate,33,
235056,Time-mean convective snowfall rate water equivalent,avg_csfr,33,
235057,Time-mean large scale snowfall rate water equivalent,avg_lssfr,33,
235058,Time-mean surface direct short-wave radiation flux,avg_sdirswrf,76,
235059,"Time-mean surface direct short-wave radiation flux, clear sky",avg_sdirswrfcs,76,
235060,Mean surface diffuse short-wave radiation flux,msdfswrf,76,
235061,"Time-mean surface diffuse short-wave radiation flux, clear sky",avg_sdifswrfcs,76,
235062,Time-mean carbon dioxide net ecosystem exchange flux,avg_fco2nee,33,
235063,Time-mean carbon dioxide gross primary production flux,avg_fco2gpp,33,
235064,Time-mean carbon dioxide ecosystem respiration flux,avg_fco2rec,33,
235068,"Time-mean surface downward short-wave radiation flux, clear sky",avg_sdswrfcs,76,
235069,"Time-mean surface downward long-wave radiation flux, clear sky",avg_sdlwrfcs,76,
235070,Time-mean potential evaporation rate,avg_pevr,33,
235071,Time integral of surface latent heat sublimation flux,tislhsf,6,
235072,Time integral of snow evaporation flux,tisef,22,
235073,Time integral of evapotranspiration flux,tietrf,22,
235074,Time-mean evapotranspiration rate,avg_etr,33,
235075,Time integral of potential evapotranspiration rate,tipet,22,
235076,Time-mean potential evapotranspiration rate,avg_petr,33,
235077,Time-mean volumetric soil moisture,avg_vsw,10,
235078,Time-mean snow depth water equivalent,avg_sd,22,
235079,Time-mean skin temperature,avg_skt,2,
235080,Time-mean snow density,avg_rsn,9,
235081,Time-mean low vegetation cover,avg_cvl,3,
235082,Time-mean high vegetation cover,avg_cvh,3,
235083,Time-mean sea ice area fraction,avg_ci,3,
235084,Time-mean sea surface temperature,avg_sst,2,
235085,"Time-mean leaf area index, low vegetation",avg_lai_lv,19,
235086,"Time-mean leaf area index, high vegetation",avg_lai_hv,19,
235087,Time-mean total column liquid water,avg_tclw,22,
235088,Time-mean total column cloud ice water,avg_tciw,22,
235089,Time-mean 2 metre specific humidity,avg_2sh,21,
235090,Time-mean lake mix-layer temperature,avg_lmlt,2,
235091,Time-mean lake mix-layer depth,avg_lmld,4,
235092,Time-mean 2 metre relative humidity,avg_2r,29,
235093,Time-mean fraction of snow cover,avg_fscov,105,
235094,Time-mean soil temperature,avg_sot,2,
235095,Time-mean snow depth,avg_sde,4,
235096,Time-mean snow cover,avg_snowc,29,
235097,Time-mean wind speed,avg_ws,5,
235098,Time-mean pressure,avg_pres,16,
235099,Time-mean charnock,avg_chnk,106,
235100,Time-mean potential vorticity,avg_pv,18,
235101,Time-mean specific rain water content,avg_crwc,21,
235102,Time-mean specific snow water content,avg_cswc,21,
235103,Time-mean eta-coordinate vertical velocity,avg_etadot,8,
235105,Time-mean visibility,avg_vis,4,
235106,Time-mean wind direction,avg_wdir,92,
235107,Time-mean total column snow water,avg_tcsw,22,
235108,Time-mean low cloud cover,avg_lcc,29,
235109,Time-mean medium cloud cover,avg_mcc,29,
235110,Time-mean high cloud cover,avg_hcc,29,
235111,Time-mean total column rain water,avg_tcrw,22,
235113,Time-mean soil moisture top 20 cm,avg_sm20,9,
235114,Time-mean soil moisture top 100 cm,avg_sm100,9,
235115,Time-mean soil temperature top 20 cm,avg_st20,2,
235116,Time-mean soil temperature top 100 cm,avg_st100,2,
235117,Time-mean most-unstable CAPE,avg_mucape,17,
235118,Time-mean volumetric soil moisture top 20 cm,avg_vsw20,10,
235119,Time-mean volumetric soil moisture top 100 cm,avg_vsw100,10,
235120,Time-mean total column vertically-integrated graupel (snow pellets),avg_tcolg,22,
235129,Time-mean geopotential,avg_z,15,
235130,Time-mean temperature,avg_t,2,
235131,Time-mean U component of wind,avg_u,5,
235132,Time-mean V component of wind,avg_v,5,
235133,Time-mean specific humidity,avg_q,21,
235134,Time-mean surface pressure,avg_sp,16,
235135,Time-mean vertical velocity,avg_w,26,
235136,Time-mean total column water,avg_tcw,22,
235137,Time-mean total column vertically-integrated water vapour,avg_tcwv,22,
235138,Time-mean vorticity (relative),avg_vo,8,
235141,Time-mean snow depth,avg_sd_m,27,
235149,Time-mean surface net radiation flux (SW and LW),avg_snrf,76,
235150,Time-mean top net radiation flux (SW and LW),avg_tnrf,76,
235151,Time-mean mean sea level pressure,avg_msl,16,
235152,Time-mean logarithm of surface pressure,avg_lnsp,106,
235155,Time-mean divergence,avg_d,8,
235157,Time-mean relative humidity,avg_r,29,
235159,Time-mean boundary layer height,avg_blh,4,
235165,Time-mean 10 metre U wind component,avg_10u,5,
235166,Time-mean 10 metre V wind component,avg_10v,5,
235168,Time-mean 2 metre dewpoint temperature,avg_2d,2,
235186,Time-mean low cloud cover,avg_lcc_frac,3,
235187,Time-mean medium cloud cover,avg_mcc_frac,3,
235188,Time-mean high cloud cover,avg_hcc_frac,3,
235189,Time-mean sunshine,avg_suns,106,
235203,Time-mean ozone mass mixing ratio,avg_o3,21,
235238,Time-mean temperature of snow layer,avg_tsn,2,
235243,Time-mean forecast albedo,avg_fal_frac,3,
235244,Time-mean forecast surface roughness,avg_fsr,4,
235245,Time-mean forecast logarithm of surface roughness for heat,avg_flsr,106,
235246,Time-mean specific cloud liquid water content,avg_clwc,21,
235247,Time-mean specific cloud ice water content,avg_ciwc,21,
235248,Time-mean fraction of cloud cover,avg_cc,3,
235257,Time-mean K index,avg_kx,2,
235258,Time-mean total totals index,avg_totalx,2,
235261,Time-mean 10 metre wind direction,avg_10wdir,92,
235262,Time-mean clear air turbulence (CAT),avg_cat,97,
235263,Time-mean forecast albedo,avg_al,29,
235269,Time-mean potential temperature,avg_pt,2,
235270,Time-mean discharge from rivers or streams,avg_dis,49,
235271,Time-mean soil wetness index (total layer),avg_swit,106,
235272,Time-mean soil wetness index (root zone),avg_swir,106,
235273,Time-mean soil wetness index(layer),avg_swil,106,
235274,Time-mean floodplain depth,avg_flddep,4,
235275,Time-mean floodplain flooded fraction,avg_fldffr,105,
235276,Time-mean floodplain flooded area,avg_fldfar,31,
235277,Time-mean river fraction,avg_rivfr,105,
235278,Time-mean river area,avg_rivar,31,
235279,Time-mean fraction of river coverage plus river related flooding,avg_rivcffr,105,
235280,Time-mean area of river coverage plus river related flooding,avg_rivcfar,31,
235281,Time-mean UV visible albedo for direct radiation (climatological),avg_aluvp_p,29,
235282,Time-mean UV visible albedo for diffuse radiation (climatological),avg_aluvd_p,29,
235283,Time-mean near IR albedo for direct radiation (climatological),avg_alnip_p,29,
235284,Time-mean near IR albedo for diffuse radiation (climatological),avg_alnid_p,29,
235285,Time-mean snow albedo,avg_asn,29,
235286,Time-mean montgomery potential,avg_mont,15,
235287,Time-mean convective available potential energy,avg_cape,17,
235288,Time-mean total cloud cover,avg_tcc,29,
235289,Time-mean skin reservoir content,avg_srcon,22,
235290,Time-mean total column integrated ozone,avg_tcioz,40,
235291,Time-mean total column vertically-integrated kinetic energy,avg_vike,6,
235292,Time-mean total column vertically-integrated enthalpy,avg_vithe,6,
235293,Time-mean total column vertically-integrated potential + internal energy,avg_vipie,6,
235294,Time-mean total column vertically-integrated potential+internal+latent energy,avg_vipile,6,
235295,Time-mean total column vertically-integrated total energy,avg_vitoe,6,
235296,Time-mean total column vertically-integrated water enthalpy,avg_viwe,6,
235297,"Time-mean UV visible albedo for direct radiation, isotropic component (climatological)",avg_aluvpi_p,29,
235298,"Time-mean UV visible albedo for direct radiation, volumetric component (climatological)",avg_aluvpv_p,29,
235299,"Time-mean UV visible albedo for direct radiation, geometric component (climatological)",avg_aluvpg_p,29,
235300,"Time-mean near IR albedo for direct radiation, isotropic component (climatological)",avg_alnipi_p,29,
235301,"Time-mean near IR albedo for direct radiation, volumetric component (climatological)",avg_alnipv_p,29,
235302,"Time-mean near IR albedo for direct radiation, geometric component (climatological)",avg_alnipg_p,29,
235303,Time-mean convective inhibition,avg_cin,17,
235304,Time-mean friction velocity,avg_zust,5,
235305,Time-mean lake bottom temperature,avg_lblt,2,
235306,Time-mean lake total layer temperature,avg_ltlt,2,
235307,Time-mean lake shape factor,avg_lshf,23,
235308,Time-mean lake ice surface temperature,avg_lict,2,
235309,Time-mean lake ice total depth,avg_licd,4,
235310,Time-mean minimum vertical gradient of refractivity inside trapping layer,avg_dndzn,86,
235311,Time-mean mean vertical gradient of refractivity inside trapping layer,avg_dndza,86,
235312,Time-mean duct base height,avg_dctb,4,
235313,Time-mean trapping layer base height,avg_tplb,4,
235314,Time-mean trapping layer top height,avg_tplt,4,
235315,Time-mean geometric height of -10 degrees C atmospheric isothermal level above ground,avg_degm10l,4,
235316,Time-mean cloud base height,avg_cbh,4,
235317,Time-mean geometric height of 0 degrees C atmospheric isothermal level above ground,avg_deg0l,4,
235318,Time-mean 10 metre wind gust,avg_i10fg,5,
235319,Time-mean relative humidity with respect to water,avg_rhw,29,
235320,Time-mean 2 metre relative humidity with respect to water,avg_2rhw,29,
235321,Time-mean convective available potential energy shear,avg_capes,15,
235322,Time-mean tropopause pressure,avg_trpp,16,
235323,Time-mean height of convective cloud top,avg_hcct,4,
235324,Time-mean height of zero-degree wet-bulb temperature,avg_hwbt0,4,
235325,Time-mean height of one-degree wet-bulb temperature,avg_hwbt1,4,
235326,Time-mean total lightning flash density,avg_litoti,107,
235327,Time-mean total column supercooled liquid water,avg_tcslw,22,
235328,Time-mean 10 metre U-component of neutral wind,avg_u10n,5,
235329,Time-mean 10 metre V-component of neutral wind,avg_v10n,5,
235330,Time-mean convective rain rate,avg_crr,33,
235331,Time-mean large scale rain rate,avg_lsrr,33,
235332,Time-mean mixed-layer CAPE in the lowest 50 hPa,avg_mlcape50,17,
235333,Time-mean mixed-layer CIN in the lowest 50 hPa,avg_mlcin50,17,
235334,Time-mean mixed-layer CAPE in the lowest 100 hPa,avg_mlcape100,17,
235335,Time-mean mixed-layer CIN in the lowest 100 hPa,avg_mlcin100,17,
235336,Time-mean departure level of the most unstable parcel expressed as Pressure,avg_mudlp,16,
235337,Time-mean ceiling,avg_ceil,4,
235338,Time-mean total column integrated saturation specific humidity with respect to water,avg_tcsqw,22,
235339,Time-mean surface direct normal short-wave radiation flux,avg_sdirnswrf,76,
235340,Time-mean cosine of solar zenith angle,avg_cossza,106,
235341,Time-mean freezing rain precipitation rate,avg_fprate,33,
235342,Time-mean total column vertically-integrated eastward geopotential flux,avg_vige,178,
235343,Time-mean total column vertically-integrated northward geopotential flux,avg_vign,178,
235344,Time-mean total column vertically-integrated divergence of water geopotential flux,avg_viwgd,76,
235345,Time-mean total column vertically-integrated divergence of geopotential flux,avg_vigd,76,
235346,Time-mean total column vertically-integrated eastward enthalpy flux,avg_viee,178,
235347,Time-mean total column vertically-integrated northward enthalpy flux,avg_vien,178,
235348,Time-mean total column vertically-integrated eastward kinetic energy flux,avg_vikee,178,
235349,Time-mean total column vertically-integrated northward kinetic energy flux,avg_viken,178,
235350,Time-mean total column vertically-integrated eastward total energy flux,avg_vitee,178,
235351,Time-mean total column vertically-integrated northward total energy flux,avg_viten,178,
235352,Time-mean total column vertically-integrated divergence of enthalpy flux,avg_vied,76,
235353,Time-mean total column vertically-integrated divergence of kinetic energy flux,avg_viked,76,
235354,Time-mean total column vertically-integrated divergence of total energy flux,avg_vited,76,
235355,Time-mean total column vertically-integrated divergence of water enthalpy flux,avg_viwed,76,
235356,Time-mean total column vertically-integrated divergence of mass flux,avg_vimad,33,
235357,Time-mean total column vertically-integrated eastward mass flux,avg_vimae,66,
235358,Time-mean total column vertically-integrated northward mass flux,avg_viman,66,
235359,Time-mean total column vertically-integrated divergence of water vapour flux,avg_viwvd,33,
235360,Time-mean total column vertically-integrated divergence of cloud liquid water flux,avg_viclwd,33,
235361,Time-mean total column vertically-integrated divergence of cloud ice water flux,avg_viciwd,33,
235362,Time-mean total column vertically-integrated divergence of rain flux,avg_vird,33,
235363,Time-mean total column vertically-integrated divergence of snow flux,avg_visd,33,
235364,Time-mean total column vertically-integrated eastward water vapour flux,avg_viwve,66,
235365,Time-mean total column vertically-integrated northward water vapour flux,avg_viwvn,66,
235366,Time-mean total column vertically-integrated eastward cloud liquid water flux,avg_viclwe,66,
235367,Time-mean total column vertically-integrated northward cloud liquid water flux,avg_viclwn,66,
235368,Time-mean total column vertically-integrated eastward cloud ice water flux,avg_viciwe,66,
235369,Time-mean total column vertically-integrated northward cloud ice water flux,avg_viciwn,66,
235370,Time-mean total column vertically-integrated eastward rain flux,avg_vire,66,
235371,Time-mean total column vertically-integrated northward rain flux,avg_virn,66,
235372,Time-mean total column vertically-integrated eastward snow flux,avg_vise,66,
235373,Time-mean total column vertically-integrated northward snow flux,avg_visn,66,
235374,Time-mean total column vertically-integrated eastward ozone flux,avg_vioze,66,
235375,Time-mean total column vertically-integrated northward ozone flux,avg_viozn,66,
235376,Time-mean total column vertically-integrated divergence of ozone flux,avg_viozd,33,
235377,Time-mean total column vertically-integrated net source of ozone,avg_vions,33,
235378,Time-mean eastward turbulent surface stress due to orographic form drag,avg_ietssofd,32,
235379,Time-mean northward turbulent surface stress due to orographic form drag,avg_intssofd,32,
235380,Time-mean eastward turbulent surface stress due to surface roughness,avg_ietsssr,32,
235381,Time-mean northward turbulent surface stress due to surface roughness,avg_intsssr,32,
235382,Time-mean visibility through precipitation,avg_visp,4,
235383,Time-mean cloud-to-ground lightning flash density,avg_licgi,107,
235386,Time-mean land surface heat net flux,avg_lshnf,76,
235387,"Time-mean surface direct normal short-wave radiation flux, clear sky",avg_sdirnswrfcs,76,
235388,Time-mean 10 metre convective gust,avg_10cogu,5,
235389,Time-mean 10 metre turbulent gust,avg_10tugu,5,
235390,Time-mean geometric height of 0 degrees C theta level above ground,avg_h0thg,4,
235391,Time-mean geometric height of 1 degree C theta level above ground,avg_h1thg,4,
235392,Time-mean geometric height of 1.5 degrees C theta level above ground,avg_h1p5thg,4,
235393,Time-mean vegetation,avg_veg,29,
235394,Time-mean leaf area index,avg_lai,106,
235395,Time-mean surface roughness for heat,avg_srhe,4,
235396,Time-mean Reciprocal Obukhov length,avg_rol,86,
235397,Time-mean geometric height of 3 degrees C atmospheric isothermal level above ground,avg_deg3l,4,
235398,Time-mean river storage of water,avg_rivsto,207,
235399,Time-mean floodplain storage of water,avg_fldsto,207,
235400,Time-mean river depth,avg_rivdph,4,
235401,Time-mean river outflow of water,avg_rivout,49,
235402,Time-mean floodplain outflow of water,avg_fldout,49,
235403,Time-mean floodpath outflow of water,avg_pthflw,49,
235404,"Time-mean surface diffuse short-wave radiation flux, clear sky",avg_sdifswrfcs,76,
235405,Time-mean volumetric soil moisture (root zone),avg_vswrz,10,
235406,Time-mean liquid water content in snow pack,avg_lwcs,22,
235407,Time-mean most-unstable CIN,avg_mucin,17,
235408,Time-mean specific rain water content (convective),avg_crwc_conv,21,
235409,Time-mean specific snow water content (convective),avg_cswc_conv,21,
235410,Time-mean mixed layer depth,avg_mld,4,
235411,Time-mean urban cover,avg_cur,3,
235412,Time-mean water surface elevation,avg_wse,4,
235413,Time-mean groundwater return flow rate,avg_grfr,49,
235414,Time-mean river and floodplain storage,avg_rivfldsto,207,
235415,Time-mean depth-averaged river velocity,avg_darv,5,
236386,Time-integrated land surface heat net flux,acc_lshnf,6,
236387,"Time-integrated surface direct normal short-wave radiation flux, clear sky",acc_sdirnswrfcs,6,
237001,Time-maximum temperature tendency due to short-wave radiation,max_ttswr,37,
237002,Time-maximum temperature tendency due to long-wave radiation,max_ttlwr,37,
237003,"Time-maximum temperature tendency due to short wave radiation, clear sky",max_ttswrcs,37,
237004,"Time-maximum temperature tendency due to long-wave radiation, clear sky",max_ttlwrcs,37,
237005,Time-maximum temperature tendency due to parametrisations,max_ttpm,37,
237006,Time-maximum specific humidity tendency due to parametrisations,max_qtpm,39,
237007,Time-maximum eastward wind tendency due to parametrisations,max_utpm,46,
237008,Time-maximum northward wind tendency due to parametrisations,max_vtpm,46,
237009,Time-maximum updraught mass flux,max_umf,33,
237010,Time-maximum downdraught mass flux,max_dmf,33,
237011,Time-maximum updraught detrainment rate,max_udr,215,
237012,Time-maximum downdraught detrainment rate,max_ddr,215,
237013,Time-maximum total precipitation flux,max_tpf,33,
237014,Time-maximum turbulent diffusion coefficient for heat,max_tdch,1,
237022,"Time-maximum surface photosynthetically active radiation flux, clear sky",max_parcsf,76,
237023,Time-maximum snow evaporation rate water equivalent,max_esrwe,33,
237024,Time-maximum snow melt rate,max_smr,33,
237025,Time-maximum magnitude of turbulent surface stress,max_imagss,32,
237026,Time-maximum large-scale precipitation fraction,max_ilspf,105,
237027,Time-maximum surface downward UV radiation flux,max_sduvrf,76,
237028,Time-maximum surface photosynthetically active radiation flux,max_sparf,76,
237029,Time-maximum large-scale precipitation rate,max_lsprate,33,
237030,Time-maximum convective precipitation rate,max_cpr,33,
237031,Time-maximum total snowfall rate water equivalent,max_tsrwe,33,
237032,Time-maximum boundary layer dissipation,max_ibld,76,
237033,Time-maximum surface sensible heat flux,max_ishf,76,
237034,Time-maximum surface latent heat flux,max_slhtf,76,
237035,Time-maximum surface downward short-wave radiation flux,max_sdswrf,76,
237036,Time-maximum surface downward long-wave radiation flux,max_sdlwrf,76,
237037,Time-maximum surface net short-wave radiation flux,max_snswrf,76,
237038,Time-maximum surface net long-wave radiation flux,max_snlwrf,76,
237039,Time-maximum top net short-wave radiation flux,max_tnswrf,76,
237040,Time-maximum top net long-wave radiation flux,max_tnlwrf,76,
237041,Time-maximum eastward turbulent surface stress,max_iews,32,
237042,Time-maximum northward turbulent surface stress,max_inss,32,
237043,Time-maximum moisture flux,max_ie,33,
237045,Time-maximum eastward gravity wave surface stress,max_iegwss,32,
237046,Time-maximum northward gravity wave surface stress,max_ingwss,32,
237047,Time-maximum gravity wave dissipation,max_igwd,76,
237048,Time-maximum runoff rate water equivalent (surface plus subsurface),max_rorwe,33,
237049,"Time-maximum top net short-wave radiation flux, clear sky",max_tnswrfcs,76,
237050,"Time-maximum top net long-wave radiation flux, clear sky",max_tnlwrfcs,76,
237051,"Time-maximum surface net short-wave radiation flux, clear sky",max_snswrfcs,76,
237052,"Time-maximum surface net long-wave radiation flux, clear sky",max_snlwrfcs,76,
237053,Time mean top downward short-wave radiation flux,max_tdswrf,76,
237054,Time-maximum total column vertically-integrated moisture divergence flux,max_vimdf,33,
237055,Time-maximum total precipitation rate,max_tprate,33,
237056,Time-maximum convective snowfall rate water equivalent,max_csfr,33,
237057,Time-maximum large scale snowfall rate water equivalent,max_lssfr,33,
237058,Time-maximum surface direct short-wave radiation flux,max_sdirswrf,76,
237059,"Time-maximum surface direct short-wave radiation flux, clear sky",max_sdirswrfcs,76,
237062,Time-maximum carbon dioxide net ecosystem exchange flux,max_fco2nee,33,
237063,Time-maximum carbon dioxide gross primary production flux,max_fco2gpp,33,
237064,Time-maximum carbon dioxide ecosystem respiration flux,max_fco2rec,33,
237068,"Time-maximum surface downward short-wave radiation flux, clear sky",max_sdswrfcs,76,
237069,"Time-maximum surface downward long-wave radiation flux, clear sky",max_sdlwrfcs,76,
237070,Time-maximum potential evaporation rate,max_pevr,33,
237077,Time-maximum volumetric soil moisture,max_vsw,10,
237078,Time-maximum snow depth water equivalent,max_sd,22,
237079,Time-maximum skin temperature,max_skt,2,
237080,Time-maximum snow density,max_rsn,9,
237083,Time-maximum sea ice area fraction,max_ci,3,
237084,Time-maximum sea surface temperature,max_sst,2,
237085,"Time-maximum leaf area index, low vegetation",max_lai_lv,19,
237086,"Time-maximum leaf area index, high vegetation",max_lai_hv,19,
237087,Time-maximum total column cloud liquid water,max_tclw,22,
237088,Time-maximum total column cloud ice water,max_tciw,22,
237089,Time-maximum 2 metre specific humidity,max_2sh,21,
237090,Time-maximum lake mix-layer temperature,max_lmlt,2,
237091,Time-maximum lake mix-layer depth,max_lmld,4,
237092,Time-maximum 2 metre relative humidity,max_2r,29,
237093,Time-maximum fraction of snow cover,max_fscov,105,
237094,Time-maximum soil temperature,max_sot,2,
237097,Time-maximum wind speed,max_ws,5,
237098,Time-maximum pressure,max_pres,16,
237099,Time-maximum charnock,max_chnk,106,
237100,Time-maximum potential vorticity,max_pv,18,
237101,Time-maximum specific rain water content,max_crwc,21,
237102,Time-maximum specific snow water content,max_cswc,21,
237103,Time-maximum eta-coordinate vertical velocity,max_etadot,8,
237105,Time-maximum visibility,max_vis,4,
237106,Time-maximum wind direction,max_wdir,92,
237107,Time-maximum total column snow water,max_tcsw,22,
237108,Time-maximum low cloud cover,max_lcc,29,
237109,Time-maximum medium cloud cover,max_mcc,29,
237110,Time-maximum high cloud cover,max_hcc,29,
237111,Time-maximum total column rain water,max_tcrw,22,
237117,Time-maximum most-unstable CAPE,max_mucape,17,
237120,Time-maximum total column vertically-integrated graupel (snow pellets),max_tcolg,22,
237129,Time-maximum geopotential,max_z,15,
237130,Time-maximum temperature,max_t,2,
237131,Time-maximum u component of wind,max_u,5,
237132,Time-maximum v component of wind,max_v,5,
237133,Time-maximum specific humidity,max_q,21,
237134,Time-maximum surface pressure,max_sp,16,
237135,Time-maximum vertical velocity,max_w,26,
237136,Time-maximum total column water,max_tcw,22,
237137,Time-maximum total column vertically-integrated water vapour,max_tcwv,22,
237138,Time-maximum vorticity (relative),max_vo,8,
237151,Time-maximum mean sea level pressure,max_msl,16,
237152,Time-maximum logarithm of surface pressure,max_lnsp,106,
237155,Time-maximum divergence,max_d,8,
237157,Time-maximum relative humidity,max_r,29,
237159,Time-maximum boundary layer height,max_blh,4,
237165,Time-maximum 10 metre U wind component,max_10u,5,
237166,Time-maximum 10 metre V wind component,max_10v,5,
237167,Time-maximum 2 metre temperature,max_2t,2,
237168,Time-maximum 2 metre dewpoint temperature,max_2d,2,
237189,Time-maximum sunshine,max_suns,106,
237203,Time-maximum ozone mass mixing ratio,max_o3,21,
237207,Time-maximum 10 metre wind speed,max_10si,5,
237238,Time-maximum temperature of snow layer,max_tsn,2,
237244,Time-maximum forecast surface roughness,max_fsr,4,
237245,Time-maximum forecast logarithm of surface roughness for heat,max_flsr,106,
237246,Time-maximum specific cloud liquid water content,max_clwc,21,
237247,Time-maximum specific cloud ice water content,max_ciwc,21,
237248,Time-maximum fraction of cloud cover,max_cc,3,
237257,Time-maximum k index,max_kx,2,
237258,Time-maximum total totals index,max_totalx,2,
237261,Time-maximum 10 metre wind direction,max_10wdir,92,
237262,Time-maximum clear air turbulence (CAT),max_cat,97,
237263,Time-maximum forecast albedo,max_al,29,
237269,Time-maximum potential temperature,max_pt,2,
237281,Time-maximum UV visible albedo for direct radiation (climatological),max_aluvp_p,29,
237282,Time-maximum UV visible albedo for diffuse radiation (climatological),max_aluvd_p,29,
237283,Time-maximum near IR albedo for direct radiation (climatological),max_alnip_p,29,
237284,Time-maximum near IR albedo for diffuse radiation (climatological),max_alnid_p,29,
237285,Time-maximum snow albedo,max_asn,29,
237286,Time-maximum montgomery potential,max_mont,15,
237287,Time-maximum convective available potential energy,max_cape,17,
237288,Time-maximum total cloud cover,max_tcc,29,
237289,Time-maximum skin reservoir content,max_srcon,22,
237290,Time-maximum total column integrated ozone,max_tcioz,40,
237291,Time-maximum total column vertically-integrated kinetic energy,max_vike,6,
237292,Time-maximum total column vertically-integrated enthalpy,max_vithe,6,
237293,Time-maximum total column vertically-integrated potential + internal energy,max_vipie,6,
237294,Time-maximum total column vertically-integrated potential+internal+latent energy,max_vipile,6,
237295,Time-maximum total column vertically-integrated total energy,max_vitoe,6,
237296,Time-maximum total column vertically-integrated water enthalpy,max_viwe,6,
237297,"Time-maximum UV visible albedo for direct radiation, isotropic component (climatological)",max_aluvpi_p,29,
237298,"Time-maximum UV visible albedo for direct radiation, volumetric component (climatological)",max_aluvpv_p,29,
237299,"Time-maximum UV visible albedo for direct radiation, geometric component (climatological)",max_aluvpg_p,29,
237300,"Time-maximum near IR albedo for direct radiation, isotropic component (climatological)",max_alnipi_p,29,
237301,"Time-maximum near IR albedo for direct radiation, volumetric component (climatological)",max_alnipv_p,29,
237302,"Time-maximum near IR albedo for direct radiation, geometric component (climatological)",max_alnipg_p,29,
237303,Time-maximum convective inhibition,max_cin,17,
237304,Time-maximum friction velocity,max_zust,5,
237305,Time-maximum lake bottom temperature,max_lblt,2,
237306,Time-maximum lake total layer temperature,max_ltlt,2,
237307,Time-maximum lake shape factor,max_lshf,23,
237308,Time-maximum lake ice surface temperature,max_lict,2,
237309,Time-maximum lake ice total depth,max_licd,4,
237310,Time-maximum minimum vertical gradient of refractivity inside trapping layer,max_dndzn,86,
237311,Time-maximum mean vertical gradient of refractivity inside trapping layer,max_dndza,86,
237312,Time-maximum duct base height,max_dctb,4,
237313,Time-maximum trapping layer base height,max_tplb,4,
237314,Time-maximum trapping layer top height,max_tplt,4,
237315,Time-maximum geometric height of -10 degrees C atmospheric isothermal level above ground,max_degm10l,4,
237316,Time-maximum cloud base height,max_cbh,4,
237317,Time-maximum geometric height of 0 degrees C atmospheric isothermal level above ground,max_deg0l,4,
237318,Time-maximum 10 metre wind gust,max_i10fg,5,
237319,Time-maximum relative humidity with respect to water,max_rhw,29,
237320,Time-maximum 2 metre relative humidity with respect to water,max_2rhw,29,
237321,Time-maximum convective available potential energy shear,max_capes,15,
237322,Time-maximum tropopause pressure,max_trpp,16,
237323,Time-maximum height of convective cloud top,max_hcct,4,
237324,Time-maximum height of zero-degree wet-bulb temperature,max_hwbt0,4,
237325,Time-maximum height of one-degree wet-bulb temperature,max_hwbt1,4,
237326,Time-maximum total lightning flash density,max_litoti,107,
237327,Time-maximum total column supercooled liquid water,max_tcslw,22,
237328,Time-maximum 10 metre U-component of neutral wind,max_u10n,5,
237329,Time-maximum 10 metre V-component of neutral wind,max_v10n,5,
237330,Time-maximum convective rain rate,max_crr,33,
237331,Time-maximum large scale rain rate,max_lsrr,33,
237332,Time-maximum mixed-layer CAPE in the lowest 50 hPa,max_mlcape50,17,
237333,Time-maximum mixed-layer CIN in the lowest 50 hPa,max_mlcin50,17,
237334,Time-maximum mixed-layer CAPE in the lowest 100 hPa,max_mlcape100,17,
237335,Time-maximum mixed-layer CIN in the lowest 100 hPa,max_mlcin100,17,
237336,Time-maximum departure level of the most unstable parcel expressed as Pressure,max_mudlp,16,
237337,Time-maximum ceiling,max_ceil,4,
237338,Time-maximum total column integrated saturation specific humidity with respect to water,max_tcsqw,22,
237339,Time-maximum surface direct normal short-wave radiation flux,max_sdirnswrf,76,
237340,Time-maximum cosine of solar zenith angle,max_cossza,106,
237341,Time-maximum freezing rain precipitation rate,max_fprate,33,
237342,Time-maximum total column vertically-integrated eastward geopotential flux,max_vige,178,
237343,Time-maximum total column vertically-integrated northward geopotential flux,max_vign,178,
237344,Time-maximum total column vertically-integrated divergence of water geopotential flux,max_viwgd,76,
237345,Time-maximum total column vertically-integrated divergence of geopotential flux,max_vigd,76,
237346,Time-maximum total column vertically-integrated eastward enthalpy flux,max_viee,178,
237347,Time-maximum total column vertically-integrated northward enthalpy flux,max_vien,178,
237348,Time-maximum total column vertically-integrated eastward kinetic energy flux,max_vikee,178,
237349,Time-maximum total column vertically-integrated northward kinetic energy flux,max_viken,178,
237350,Time-maximum total column vertically-integrated eastward total energy flux,max_vitee,178,
237351,Time-maximum total column vertically-integrated northward total energy flux,max_viten,178,
237352,Time-maximum total column vertically-integrated divergence of enthalpy flux,max_vied,76,
237353,Time-maximum total column vertically-integrated divergence of kinetic energy flux,max_viked,76,
237354,Time-maximum total column vertically-integrated divergence of total energy flux,max_vited,76,
237355,Time-maximum total column vertically-integrated divergence of water enthalpy flux,max_viwed,76,
237356,Time-maximum total column vertically-integrated divergence of mass flux,max_vimad,33,
237357,Time-maximum total column vertically-integrated eastward mass flux,max_vimae,66,
237358,Time-maximum total column vertically-integrated northward mass flux,max_viman,66,
237359,Time-maximum total column vertically-integrated divergence of water vapour flux,max_viwvd,33,
237360,Time-maximum total column vertically-integrated divergence of cloud liquid water flux,max_viclwd,33,
237361,Time-maximum total column vertically-integrated divergence of cloud ice water flux,max_viciwd,33,
237362,Time-maximum total column vertically-integrated divergence of rain flux,max_vird,33,
237363,Time-maximum total column vertically-integrated divergence of snow flux,max_visd,33,
237364,Time-maximum total column vertically-integrated eastward water vapour flux,max_viwve,66,
237365,Time-maximum total column vertically-integrated northward water vapour flux,max_viwvn,66,
237366,Time-maximum total column vertically-integrated eastward cloud liquid water flux,max_viclwe,66,
237367,Time-maximum total column vertically-integrated northward cloud liquid water flux,max_viclwn,66,
237368,Time-maximum total column vertically-integrated eastward cloud ice water flux,max_viciwe,66,
237369,Time-maximum total column vertically-integrated northward cloud ice water flux,max_viciwn,66,
237370,Time-maximum total column vertically-integrated eastward rain flux,max_vire,66,
237371,Time-maximum total column vertically-integrated northward rain flux,max_virn,66,
237372,Time-maximum total column vertically-integrated eastward snow flux,max_vise,66,
237373,Time-maximum total column vertically-integrated northward snow flux,max_visn,66,
237374,Time-maximum total column vertically-integrated eastward ozone flux,max_vioze,66,
237375,Time-maximum total column vertically-integrated northward ozone flux,max_viozn,66,
237376,Time-maximum total column vertically-integrated divergence of ozone flux,max_viozd,33,
237377,Time-maximum total column vertically-integrated net source of ozone,max_vions,33,
237378,Time-maximum eastward turbulent surface stress due to orographic form drag,max_ietssofd,32,
237379,Time-maximum northward turbulent surface stress due to orographic form drag,max_intssofd,32,
237380,Time-maximum eastward turbulent surface stress due to surface roughness,max_ietsssr,32,
237381,Time-maximum northward turbulent surface stress due to surface roughness,max_intsssr,32,
237382,Time-maximum visibility through precipitation,max_visp,4,
237383,Time-maximum cloud-to-ground lightning flash density,max_licgi,107,
237384,Time-maximum 10 metre eastward wind gust,max_10efg,5,
237385,Time-maximum 10 metre northward wind gust,max_10nfg,5,
237386,Time-maximum land surface heat net flux,max_lshnf,76,
237387,"Time-maximum surface direct normal short-wave radiation flux, clear sky",max_sdirnswrfcs,76,
237388,Time-maximum 10 metre convective gust,max_10cogu,5,
237389,Time-maximum 10 metre turbulent gust,max_10tugu,5,
237390,Time-maximum geometric height of 0 degrees C theta level above ground,max_h0thg,4,
237391,Time-maximum geometric height of 1 degree C theta level above ground,max_h1thg,4,
237392,Time-maximum geometric height of 1.5 degrees C theta level above ground,max_h1p5thg,4,
237393,Time-maximum vegetation,max_veg,29,
237394,Time-maximum leaf area index,max_lai,106,
237395,Time-maximum surface roughness for heat,max_srhe,4,
237396,Time-maximum Reciprocal Obukhov length,max_rol,86,
237397,Time-maximum geometric height of 3 degrees C atmospheric isothermal level above ground,max_deg3l,4,
237404,"Time-maximum surface diffuse short-wave radiation flux, clear sky",max_sdifswrfcs,76,
237405,Time-maximum volumetric soil moisture (root zone),max_vswrz,10,
237406,Time-maximum liquid water content in snow pack,max_lwcs,22,
237407,Time-maximum most-unstable CIN,max_mucin,17,
237408,Time-maximum specific rain water content (convective),max_crwc_conv,21,
237409,Time-maximum specific snow water content (convective),max_cswc_conv,21,
237410,Time-maximum mixed layer depth,max_mld,4,
237411,Time-maximum urban cover,max_cur,3,
238001,Time-minimum temperature tendency due to short-wave radiation,min_ttswr,37,
238002,Time-minimum temperature tendency due to long-wave radiation,min_ttlwr,37,
238003,"Time-minimum temperature tendency due to short wave radiation, clear sky",min_ttswrcs,37,
238004,"Time-minimum temperature tendency due to long-wave radiation, clear sky",min_ttlwrcs,37,
238005,Time-minimum temperature tendency due to parametrisations,min_ttpm,37,
238006,Time-minimum specific humidity tendency due to parametrisations,min_qtpm,39,
238007,Time-minimum eastward wind tendency due to parametrisations,min_utpm,46,
238008,Time-minimum northward wind tendency due to parametrisations,min_vtpm,46,
238009,Time-minimum updraught mass flux,min_umf,33,
238010,Time-minimum downdraught mass flux,min_dmf,33,
238011,Time-minimum updraught detrainment rate,min_udr,215,
238012,Time-minimum downdraught detrainment rate,min_ddr,215,
238013,Time-minimum total precipitation flux,min_tpf,33,
238014,Time-minimum turbulent diffusion coefficient for heat,min_tdch,1,
238022,"Time-minimum surface photosynthetically active radiation flux, clear sky",min_parcsf,76,
238023,Time-minimum snow evaporation rate,min_esrwe,33,
238024,Time-minimum snowmelt rate,min_smr,33,
238025,Time-minimum magnitude of turbulent surface stress,min_imagss,32,
238026,Time-minimum large-scale precipitation fraction,min_ilspf,105,
238027,Time-minimum surface downward UV radiation flux,min_sduvrf,76,
238028,Time-minimum surface photosynthetically active radiation flux,min_sparf,76,
238029,Time-minimum large-scale precipitation rate,min_lsprate,33,
238030,Time-minimum convective precipitation rate,min_cpr,33,
238031,Time-minimum snowfall rate,min_tsrwe,33,
238032,Time-minimum boundary layer dissipation,min_ibld,76,
238033,Time-minimum surface sensible heat flux,min_ishf,76,
238034,Time-minimum surface latent heat flux,min_slhtf,76,
238035,Time-minimum surface downward short-wave radiation flux,min_sdswrf,76,
238036,Time-minimum surface downward long-wave radiation flux,min_sdlwrf,76,
238037,Time-minimum surface net short-wave radiation flux,min_snswrf,76,
238038,Time-minimum surface net long-wave radiation flux,min_snlwrf,76,
238039,Time-minimum top net short-wave radiation flux,min_tnswrf,76,
238040,Time-minimum top net long-wave radiation flux,min_tnlwrf,76,
238041,Time-minimum eastward turbulent surface stress,min_iews,32,
238042,Time-minimum northward turbulent surface stress,min_inss,32,
238043,Time-minimum evaporation rate,min_ie,33,
238045,Time-minimum eastward gravity wave surface stress,min_iegwss,32,
238046,Time-minimum northward gravity wave surface stress,min_ingwss,32,
238047,Time-minimum gravity wave dissipation,min_igwd,76,
238048,Time-minimum runoff rate,min_rorwe,33,
238049,"Time-minimum top net short-wave radiation flux, clear sky",min_tnswrfcs,76,
238050,"Time-minimum top net long-wave radiation flux, clear sky",min_tnlwrfcs,76,
238051,"Time-minimum surface net short-wave radiation flux, clear sky",min_snswrfcs,76,
238052,"Time-minimum surface net long-wave radiation flux, clear sky",min_snlwrfcs,76,
238053,Time-minimum top downward short-wave radiation flux,min_tdswrf,76,
238054,Time-minimum vertically integrated moisture divergence,min_vimdf,33,
238055,Time-minimum total precipitation rate,min_tprate,33,
238056,Time-minimum convective snowfall rate water equivalent,min_csfr,33,
238057,Time-minimum large scale snowfall rate water equivalent,min_lssfr,33,
238058,Time-minimum surface direct short-wave radiation flux,min_sdirswrf,76,
238059,"Time-minimum surface direct short-wave radiation flux, clear sky",min_sdirswrfcs,76,
238062,Time-minimum carbon dioxide net ecosystem exchange flux,min_fco2nee,33,
238063,Time-minimum carbon dioxide gross primary production flux,min_fco2gpp,33,
238064,Time-minimum carbon dioxide ecosystem respiration flux,min_fco2rec,33,
238068,"Time-minimum surface downward short-wave radiation flux, clear sky",min_sdswrfcs,76,
238069,"Time-minimum surface downward long-wave radiation flux, clear sky",min_sdlwrfcs,76,
238070,Time-minimum potential evaporation rate,min_pevr,33,
238077,Time-minimum volumetric soil moisture,min_vsw,10,
238078,Time-minimum snow depth water equivalent,min_sd,22,
238079,Time-minimum skin temperature,min_skt,2,
238080,Time-minimum snow density,min_rsn,9,
238083,Time-minimum sea ice area fraction,min_ci,3,
238084,Time-minimum sea surface temperature,min_sst,2,
238085,"Time-minimum leaf area index, low vegetation",min_lai_lv,19,
238086,"Time-minimum leaf area index, high vegetation",min_lai_hv,19,
238087,Time-minimum total column cloud liquid water,min_tclw,22,
238088,Time-minimum total column cloud ice water,min_tciw,22,
238089,Time-minimum 2 metre specific humidity,min_2sh,21,
238090,Time-minimum lake mix-layer temperature,min_lmlt,2,
238091,Time-minimum lake mix-layer depth,min_lmld,4,
238092,Time-minimum 2 metre relative humidity,min_2r,29,
238093,Time-minimum fraction of snow cover,min_fscov,105,
238094,Time-minimum soil temperature,min_sot,2,
238097,Time-minimum wind speed,min_ws,5,
238098,Time-minimum pressure,min_pres,16,
238099,Time-minimum charnock,min_chnk,106,
238100,Time-minimum potential vorticity,min_pv,18,
238101,Time-minimum specific rain water content,min_crwc,21,
238102,Time-minimum specific snow water content,min_cswc,21,
238103,Time-minimum eta-coordinate vertical velocity,min_etadot,8,
238105,Time-minimum visibility,min_vis,4,
238106,Time-minimum wind direction,min_wdir,92,
238107,Time-minimum total column snow water,min_tcsw,22,
238108,Time-minimum low cloud cover,min_lcc,29,
238109,Time-minimum medium cloud cover,min_mcc,29,
238110,Time-minimum high cloud cover,min_hcc,29,
238111,Time-minimum total column rain water,min_tcrw,22,
238117,Time-minimum most-unstable CAPE,min_mucape,17,
238120,Time-minimum total column vertically-integrated graupel (snow pellets),min_tcolg,22,
238129,Time-minimum geopotential,min_z,15,
238130,Time-minimum temperature,min_t,2,
238131,Time-minimum u component of wind,min_u,5,
238132,Time-minimum v component of wind,min_v,5,
238133,Time-minimum specific humidity,min_q,21,
238134,Time-minimum surface pressure,min_sp,16,
238135,Time-minimum vertical velocity,min_w,26,
238136,Time-minimum total column water,min_tcw,22,
238137,Time-minimum total column vertically-integrated water vapour,min_tcwv,22,
238138,Time-minimum vorticity (relative),min_vo,8,
238151,Time-minimum mean sea level pressure,min_msl,16,
238152,Time-minimum logarithm of surface pressure,min_lnsp,106,
238155,Time-minimum divergence,min_d,8,
238157,Time-minimum relative humidity,min_r,29,
238159,Time-minimum boundary layer height,min_blh,4,
238165,Time-minimum 10 metre U wind component,min_10u,5,
238166,Time-minimum 10 metre V wind component,min_10v,5,
238167,Time-minimum 2 metre temperature,min_2t,2,
238168,Time-minimum 2 metre dewpoint temperature,min_2d,2,
238189,Time-minimum sunshine,min_suns,106,
238203,Time-minimum ozone mass mixing ratio,min_o3,21,
238207,Time-minimum 10 metre wind speed,min_10si,5,
238238,Time-minimum temperature of snow layer,min_tsn,2,
238244,Time-minimum forecast surface roughness,min_fsr,4,
238245,Time-minimum forecast logarithm of surface roughness for heat,min_flsr,106,
238246,Time-minimum specific cloud liquid water content,min_clwc,21,
238247,Time-minimum specific cloud ice water content,min_ciwc,21,
238248,Time-minimum fraction of cloud cover,min_cc,3,
238257,Time-minimum k index,min_kx,2,
238258,Time-minimum total totals index,min_totalx,2,
238261,Time-minimum 10 metre wind direction,min_10wdir,92,
238262,Time-minimum clear air turbulence (CAT),min_cat,97,
238263,Time-minimum forecast albedo,min_al,29,
238269,Time-minimum potential temperature,min_pt,2,
238281,Time-minimum UV visible albedo for direct radiation (climatological),min_aluvp_p,29,
238282,Time-minimum UV visible albedo for diffuse radiation (climatological),min_aluvd_p,29,
238283,Time-minimum near IR albedo for direct radiation (climatological),min_alnip_p,29,
238284,Time-minimum near IR albedo for diffuse radiation (climatological),min_alnid_p,29,
238285,Time-minimum snow albedo,min_asn,29,
238286,Time-minimum montgomery potential,min_mont,15,
238287,Time-minimum convective available potential energy,min_cape,17,
238288,Time-minimum total cloud cover,min_tcc,29,
238289,Time-minimum skin reservoir content,min_srcon,22,
238290,Time-minimum total column integrated ozone,min_tcioz,40,
238291,Time-minimum total column vertically-integrated kinetic energy,min_vike,6,
238292,Time-minimum total column vertically-integrated enthalpy,min_vithe,6,
238293,Time-minimum total column vertically-integrated potential + internal energy,min_vipie,6,
238294,Time-minimum vertical integral of potential+internal+latent energy,min_vipile,6,
238295,Time-minimum total column vertically-integrated total energy,min_vitoe,6,
238296,Time-minimum total column vertically-integrated water enthalpy,min_viwe,6,
238297,"Time-minimum UV visible albedo for direct radiation, isotropic component (climatological)",min_aluvpi_p,29,
238298,"Time-minimum UV visible albedo for direct radiation, volumetric component (climatological)",min_aluvpv_p,29,
238299,"Time-minimum UV visible albedo for direct radiation, geometric component (climatological)",min_aluvpg_p,29,
238300,"Time-minimum near IR albedo for direct radiation, isotropic component (climatological)",min_alnipi_p,29,
238301,"Time-minimum near IR albedo for direct radiation, volumetric component (climatological)",min_alnipv_p,29,
238302,"Time-minimum near IR albedo for direct radiation, geometric component (climatological)",min_alnipg_p,29,
238303,Time-minimum convective inhibition,min_cin,17,
238304,Time-minimum friction velocity,min_zust,5,
238305,Time-minimum lake bottom temperature,min_lblt,2,
238306,Time-minimum lake total layer temperature,min_ltlt,2,
238307,Time-minimum lake shape factor,min_lshf,23,
238308,Time-minimum lake ice surface temperature,min_lict,2,
238309,Time-minimum lake ice total depth,min_licd,4,
238310,Time-minimum minimum vertical gradient of refractivity inside trapping layer,min_dndzn,86,
238311,Time-minimum mean vertical gradient of refractivity inside trapping layer,min_dndza,86,
238312,Time-minimum duct base height,min_dctb,4,
238313,Time-minimum trapping layer base height,min_tplb,4,
238314,Time-minimum trapping layer top height,min_tplt,4,
238315,Time-minimum geometric height of -10 degrees C atmospheric isothermal level above ground,min_degm10l,4,
238316,Time-minimum cloud base height,min_cbh,4,
238317,Time-minimum geometric height of 0 degrees C atmospheric isothermal level above ground,min_deg0l,4,
238318,Time-minimum 10 metre wind gust,min_i10fg,5,
238319,Time-minimum relative humidity with respect to water,min_rhw,29,
238320,Time-minimum 2 metre relative humidity with respect to water,min_2rhw,29,
238321,Time-minimum convective available potential energy shear,min_capes,15,
238322,Time-minimum tropopause pressure,min_trpp,16,
238323,Time-minimum height of convective cloud top,min_hcct,4,
238324,Time-minimum height of zero-degree wet-bulb temperature,min_hwbt0,4,
238325,Time-minimum height of one-degree wet-bulb temperature,min_hwbt1,4,
238326,Time-minimum total lightning flash density,min_litoti,107,
238327,Time-minimum total column supercooled liquid water,min_tcslw,22,
238328,Time-minimum 10 metre U-component of neutral wind,min_u10n,5,
238329,Time-minimum 10 metre V-component of neutral wind,min_v10n,5,
238330,Time-minimum convective rain rate,min_crr,33,
238331,Time-minimum large scale rain rate,min_lsrr,33,
238332,Time-minimum mixed-layer CAPE in the lowest 50 hPa,min_mlcape50,17,
238333,Time-minimum mixed-layer CIN in the lowest 50 hPa,min_mlcin50,17,
238334,Time-minimum mixed-layer CAPE in the lowest 100 hPa,min_mlcape100,17,
238335,Time-minimum mixed-layer CIN in the lowest 100 hPa,min_mlcin100,17,
238336,Time-minimum departure level of the most unstable parcel expressed as Pressure,min_mudlp,16,
238337,Time-minimum ceiling,min_ceil,4,
238338,Time-minimum total column integrated saturation specific humidity with respect to water,min_tcsqw,22,
238339,Time-minimum direct solar radiation flux,min_sdirnswrf,76,
238340,Time-minimum cosine of solar zenith angle,min_cossza,106,
238341,Time-minimum freezing rain rate water equivalent,min_fprate,33,
238342,Time-minimum total column vertically-integrated eastward geopotential flux,min_vige,178,
238343,Time-minimum total column vertically-integrated northward geopotential flux,min_vign,178,
238344,Time-minimum total column vertically-integrated divergence of water geopotential flux,min_viwgd,76,
238345,Time-minimum total column vertically-integrated divergence of geopotential flux,min_vigd,76,
238346,Time-minimum total column vertically-integrated eastward enthalpy flux,min_viee,178,
238347,Time-minimum total column vertically-integrated northward enthalpy flux,min_vien,178,
238348,Time-minimum total column vertically-integrated eastward kinetic energy flux,min_vikee,178,
238349,Time-minimum total column vertically-integrated northward kinetic energy flux,min_viken,178,
238350,Time-minimum total column vertically-integrated eastward total energy flux,min_vitee,178,
238351,Time-minimum total column vertically-integrated northward total energy flux,min_viten,178,
238352,Time-minimum total column vertically-integrated divergence of enthalpy flux,min_vied,76,
238353,Time-minimum total column vertically-integrated divergence of kinetic energy flux,min_viked,76,
238354,Time-minimum total column vertically-integrated divergence of total energy flux,min_vited,76,
238355,Time-minimum total column vertically-integrated divergence of water enthalpy flux,min_viwed,76,
238356,Time-minimum vertically integrated divergence of mass flux,min_vimad,33,
238357,Time-minimum vertically integrated eastward mass flux,min_vimae,66,
238358,Time-minimum vertically integrated northward mass flux,min_viman,66,
238359,Time-minimum vertically integrated divergence of water vapour flux,min_viwvd,33,
238360,Time-minimum vertically integrated divergence of cloud liquid water flux,min_viclwd,33,
238361,Time-minimum vertically integrated divergence of cloud ice water flux,min_viciwd,33,
238362,Time-minimum vertically integrated divergence of rain flux,min_vird,33,
238363,Time-minimum vertically integrated divergence of snow flux,min_visd,33,
238364,Time-minimum vertically integrated eastward water vapour flux,min_viwve,66,
238365,Time-minimum vertically integrated northward water vapour flux,min_viwvn,66,
238366,Time-minimum vertically integrated eastward cloud liquid water flux,min_viclwe,66,
238367,Time-minimum vertically integrated northward cloud liquid water flux,min_viclwn,66,
238368,Time-minimum vertically integrated eastward cloud ice water flux,min_viciwe,66,
238369,Time-minimum vertically integrated northward cloud ice water flux,min_viciwn,66,
238370,Time-minimum vertically integrated eastward rain flux,min_vire,66,
238371,Time-minimum vertically integrated northward rain flux,min_virn,66,
238372,Time-minimum vertically integrated eastward snow flux,min_vise,66,
238373,Time-minimum vertically integrated northward snow flux,min_visn,66,
238374,Time-minimum vertically integrated eastward ozone flux,min_vioze,66,
238375,Time-minimum vertically integrated northward ozone flux,min_viozn,66,
238376,Time-minimum vertically integrated divergence of ozone flux,min_viozd,33,
238377,Time-minimum vertically integrated net source of ozone,min_vions,33,
238378,Time-minimum eastward turbulent surface stress due to orographic form drag,min_ietssofd,32,
238379,Time-minimum northward turbulent surface stress due to orographic form drag,min_intssofd,32,
238380,Time-minimum eastward turbulent surface stress due to surface roughness,min_ietsssr,32,
238381,Time-minimum northward turbulent surface stress due to surface roughness,min_intsssr,32,
238382,Time-minimum visibility through precipitation,min_visp,4,
238383,Time-minimum cloud-to-ground lightning flash density,min_licgi,107,
238386,Time-minimum land surface heat net flux,min_lshnf,76,
238387,"Time-minimum surface direct normal short-wave radiation flux, clear sky",min_sdirnswrfcs,76,
238388,Time-minimum 10 metre convective gust,min_10cogu,5,
238389,Time-minimum 10 metre turbulent gust,min_10tugu,5,
238390,Time-minimum geometric height of 0 degrees C theta level above ground,min_h0thg,4,
238391,Time-minimum geometric height of 1 degree C theta level above ground,min_h1thg,4,
238392,Time-minimum geometric height of 1.5 degrees C theta level above ground,min_h1p5thg,4,
238393,Time-minimum vegetation,min_veg,29,
238394,Time-minimum leaf area index,min_lai,106,
238395,Time-minimum surface roughness for heat,min_srhe,4,
238396,Time-minimum Reciprocal Obukhov length,min_rol,86,
238397,Time-minimum geometric height of 3 degrees C atmospheric isothermal level above ground,min_deg3l,4,
238404,"Time-minimum surface diffuse short-wave radiation flux, clear sky",min_sdifswrfcs,76,
238405,Time-minimum volumetric soil moisture (root zone),min_vswrz,10,
238406,Time-minimum liquid water content in snow pack,min_lwcs,22,
238407,Time-minimum most-unstable CIN,min_mucin,17,
238408,Time-minimum specific rain water content (convective),min_crwc_conv,21,
238409,Time-minimum specific snow water content (convective),min_cswc_conv,21,
238410,Time-minimum mixed layer depth,min_mld,4,
238411,Time-minimum urban cover,min_cur,3,
239001,Time-standard-deviation temperature tendency due to short-wave radiation,std_ttswr,37,
239002,Time-standard-deviation temperature tendency due to long-wave radiation,std_ttlwr,37,
239003,"Time-standard-deviation temperature tendency due to short wave radiation, clear sky",std_ttswrcs,37,
239004,"Time-standard-deviation temperature tendency due to long-wave radiation, clear sky",std_ttlwrcs,37,
239005,Time-standard-deviation temperature tendency due to parametrisations,std_ttpm,37,
239006,Time-standard-deviation specific humidity tendency due to parametrisations,std_qtpm,39,
239007,Time-standard-deviation eastward wind tendency due to parametrisations,std_utpm,46,
239008,Time-standard-deviation northward wind tendency due to parametrisations,std_vtpm,46,
239009,Time-standard-deviation updraught mass flux,std_umf,33,
239010,Time-standard-deviation downdraught mass flux,std_dmf,33,
239011,Time-standard-deviation updraught detrainment rate,std_udr,215,
239012,Time-standard-deviation downdraught detrainment rate,std_ddr,215,
239013,Time-standard-deviation total precipitation flux,std_tpf,33,
239014,Time-standard-deviation turbulent diffusion coefficient for heat,std_tdch,1,
239022,"Time-standard-deviation surface photosynthetically active radiation flux, clear sky",std_parcsf,76,
239023,Time-standard-deviation snow evaporation rate,std_esrwe,33,
239024,Time-standard-deviation snowmelt rate,std_smr,33,
239025,Time-standard-deviation magnitude of turbulent surface stress,std_imagss,32,
239026,Time-standard-deviation large-scale precipitation fraction,std_ilspf,105,
239027,Time-standard-deviation surface downward UV radiation flux,std_sduvrf,76,
239028,Time-standard-deviation surface photosynthetically active radiation flux,std_sparf,76,
239029,Time-standard-deviation large-scale precipitation rate,std_lsprate,33,
239030,Time-standard-deviation convective precipitation rate,std_cpr,33,
239031,Time-standard-deviation snowfall rate,std_tsrwe,33,
239032,Time-standard-deviation boundary layer dissipation,std_ibld,76,
239033,Time-standard-deviation surface sensible heat flux,std_ishf,76,
239034,Time-standard-deviation surface latent heat flux,std_slhtf,76,
239035,Time-standard-deviation surface downward short-wave radiation flux,std_sdswrf,76,
239036,Time-standard-deviation surface downward long-wave radiation flux,std_sdlwrf,76,
239037,Time-standard-deviation surface net short-wave radiation flux,std_snswrf,76,
239038,Time-standard-deviation surface net long-wave radiation flux,std_snlwrf,76,
239039,Time-standard-deviation top net short-wave radiation flux,std_tnswrf,76,
239040,Time-standard-deviation top net long-wave radiation flux,std_tnlwrf,76,
239041,Time-standard-deviation eastward turbulent surface stress,std_iews,32,
239042,Time-standard-deviation northward turbulent surface stress,std_inss,32,
239043,Time-standard-deviation evaporation rate,std_ie,33,
239045,Time-standard-deviation eastward gravity wave surface stress,std_iegwss,32,
239046,Time-standard-deviation northward gravity wave surface stress,std_ingwss,32,
239047,Time-standard-deviation gravity wave dissipation,std_igwd,76,
239048,Time-standard-deviation runoff rate,std_rorwe,33,
239049,"Time-standard-deviation top net short-wave radiation flux, clear sky",std_tnswrfcs,76,
239050,"Time-standard-deviation top net long-wave radiation flux, clear sky",std_tnlwrfcs,76,
239051,"Time-standard-deviation surface net short-wave radiation flux, clear sky",std_snswrfcs,76,
239052,"Time-standard-deviation surface net long-wave radiation flux, clear sky",std_snlwrfcs,76,
239053,Time-standard-deviation top downward short-wave radiation flux,std_tdswrf,76,
239054,Time-standard-deviation vertically integrated moisture divergence,std_vimdf,33,
239055,Time-standard-deviation total precipitation rate,std_tprate,33,
239056,Time-standard-deviation convective snowfall rate water equivalent,std_csfr,33,
239057,Time-standard-deviation large scale snowfall rate water equivalent,std_lssfr,33,
239058,Time-standard-deviation surface direct short-wave radiation flux,std_sdirswrf,76,
239059,"Time-standard-deviation surface direct short-wave radiation flux, clear sky",std_sdirswrfcs,76,
239062,Time-standard-deviation carbon dioxide net ecosystem exchange flux,std_fco2nee,33,
239063,Time-standard-deviation carbon dioxide gross primary production flux,std_fco2gpp,33,
239064,Time-standard-deviation carbon dioxide ecosystem respiration flux,std_fco2rec,33,
239068,"Time-standard-deviation surface downward short-wave radiation flux, clear sky",std_sdswrfcs,76,
239069,"Time-standard-deviation surface downward long-wave radiation flux, clear sky",std_sdlwrfcs,76,
239070,Time-standard-deviation potential evaporation rate,std_pevr,33,
239077,Time-standard-deviation volumetric soil moisture,std_vsw,10,
239078,Time-standard-deviation snow depth water equivalent,std_sd,22,
239079,Time-standard-deviation skin temperature,std_skt,2,
239080,Time-standard-deviation snow density,std_rsn,9,
239083,Time-standard-deviation sea ice area fraction,std_ci,3,
239084,Time-standard-deviation sea surface temperature,std_sst,2,
239085,"Time-standard-deviation leaf area index, low vegetation",std_lai_lv,19,
239086,"Time-standard-deviation leaf area index, high vegetation",std_lai_hv,19,
239087,Time-standard-deviation total column cloud liquid water,std_tclw,22,
239088,Time-standard-deviation total column cloud ice water,std_tciw,22,
239089,Time-standard-deviation 2 metre specific humidity,std_2sh,21,
239090,Time-standard-deviation lake mix-layer temperature,std_lmlt,2,
239091,Time-standard-deviation lake mix-layer depth,std_lmld,4,
239093,Time-standard-deviation fraction of snow cover,std_fscov,105,
239094,Time-standard-deviation soil temperature,std_sot,2,
239097,Time-standard-deviation wind speed,std_ws,5,
239098,Time-standard-deviation pressure,std_pres,16,
239099,Time-standard-deviation charnock,std_chnk,106,
239100,Time-standard-deviation potential vorticity,std_pv,18,
239101,Time-standard-deviation specific rain water content,std_crwc,21,
239102,Time-standard-deviation specific snow water content,std_cswc,21,
239103,Time-standard-deviation eta-coordinate vertical velocity,std_etadot,8,
239105,Time-standard-deviation visibility,std_vis,4,
239106,Time-standard-deviation wind direction,std_wdir,92,
239107,Time-standard-deviation total column snow water,std_tcsw,22,
239108,Time-standard-deviation low cloud cover,std_lcc,29,
239109,Time-standard-deviation medium cloud cover,std_mcc,29,
239110,Time-standard-deviation high cloud cover,std_hcc,29,
239111,Time-standard-deviation total column rain water,std_tcrw,22,
239117,Time-standard-deviation most-unstable CAPE,std_mucape,17,
239120,Time-standard-deviation total column vertically-integrated graupel (snow pellets),std_tcolg,22,
239129,Time-standard-deviation geopotential,std_z,15,
239130,Time-standard-deviation temperature,std_t,2,
239131,Time-standard-deviation u component of wind,std_u,5,
239132,Time-standard-deviation v component of wind,std_v,5,
239133,Time-standard-deviation specific humidity,std_q,21,
239134,Time-standard-deviation surface pressure,std_sp,16,
239135,Time-standard-deviation vertical velocity,std_w,26,
239136,Time-standard-deviation total column water,std_tcw,22,
239137,Time-standard-deviation total column vertically-integrated water vapour,std_tcwv,22,
239138,Time-standard-deviation vorticity (relative),std_vo,8,
239151,Time-standard-deviation mean sea level pressure,std_msl,16,
239152,Time-standard-deviation logarithm of surface pressure,std_lnsp,106,
239155,Time-standard-deviation divergence,std_d,8,
239157,Time-standard-deviation relative humidity,std_r,29,
239159,Time-standard-deviation boundary layer height,std_blh,4,
239165,Time-standard-deviation 10 metre U wind component,std_10u,5,
239166,Time-standard-deviation 10 metre V wind component,std_10v,5,
239167,Time-standard-deviation 2 metre temperature,std_2t,2,
239168,Time-standard-deviation 2 metre dewpoint temperature,std_2d,2,
239189,Time-standard-deviation sunshine,std_suns,106,
239203,Time-standard-deviation ozone mass mixing ratio,std_o3,21,
239207,Time-standard-deviation 10 metre wind speed,std_10si,5,
239238,Time-standard-deviation temperature of snow layer,std_tsn,2,
239244,Time-standard-deviation forecast surface roughness,std_fsr,4,
239245,Time-standard-deviation forecast logarithm of surface roughness for heat,std_flsr,106,
239246,Time-standard-deviation specific cloud liquid water content,std_clwc,21,
239247,Time-standard-deviation specific cloud ice water content,std_ciwc,21,
239248,Time-standard-deviation fraction of cloud cover,std_cc,3,
239257,Time-standard-deviation k index,std_kx,2,
239258,Time-standard-deviation total totals index,std_totalx,2,
239261,Time-standard-deviation 10 metre wind direction,std_10wdir,92,
239262,Time-standard-deviation clear air turbulence (CAT),std_cat,97,
239263,Time-standard-deviation forecast albedo,std_al,29,
239269,Time-standard-deviation potential temperature,std_pt,2,
239281,Time-standard-deviation UV visible albedo for direct radiation (climatological),std_aluvp_p,29,
239282,Time-standard-deviation UV visible albedo for diffuse radiation (climatological),std_aluvd_p,29,
239283,Time-standard-deviation near IR albedo for direct radiation (climatological),std_alnip_p,29,
239284,Time-standard-deviation near IR albedo for diffuse radiation (climatological),std_alnid_p,29,
239285,Time-standard-deviation snow albedo,std_asn,29,
239286,Time-standard-deviation montgomery potential,std_mont,15,
239287,Time-standard-deviation convective available potential energy,std_cape,17,
239288,Time-standard-deviation total cloud cover,std_tcc,29,
239289,Time-standard-deviation skin reservoir content,std_srcon,22,
239290,Time-standard-deviation total column integrated ozone,std_tcioz,40,
239291,Time-standard-deviation total column vertically-integrated kinetic energy,std_vike,6,
239292,Time-standard-deviation total column vertically-integrated enthalpy,std_vithe,6,
239293,Time-standard-deviation total column vertically-integrated potential + internal energy,std_vipie,6,
239294,Time-standard-deviation vertical integral of potential+internal+latent energy,std_vipile,6,
239295,Time-standard-deviation total column vertically-integrated total energy,std_vitoe,6,
239296,Time-standard-deviation total column vertically-integrated water enthalpy,std_viwe,6,
239297,"Time-standard-deviation UV visible albedo for direct radiation, isotropic component (climatological)",std_aluvpi_p,29,
239298,"Time-standard-deviation UV visible albedo for direct radiation, volumetric component (climatological)",std_aluvpv_p,29,
239299,"Time-standard-deviation UV visible albedo for direct radiation, geometric component (climatological)",std_aluvpg_p,29,
239300,"Time-standard-deviation near IR albedo for direct radiation, isotropic component (climatological)",std_alnipi_p,29,
239301,"Time-standard-deviation near IR albedo for direct radiation, volumetric component (climatological)",std_alnipv_p,29,
239302,"Time-standard-deviation near IR albedo for direct radiation, geometric component (climatological)",std_alnipg_p,29,
239303,Time-standard-deviation convective inhibition,std_cin,17,
239304,Time-standard-deviation friction velocity,std_zust,5,
239305,Time-standard-deviation lake bottom temperature,std_lblt,2,
239306,Time-standard-deviation lake total layer temperature,std_ltlt,2,
239307,Time-standard-deviation lake shape factor,std_lshf,23,
239308,Time-standard-deviation lake ice surface temperature,std_lict,2,
239309,Time-standard-deviation lake ice total depth,std_licd,4,
239310,Time-standard-deviation minimum vertical gradient of refractivity inside trapping layer,std_dndzn,86,
239311,Time-standard-deviation mean vertical gradient of refractivity inside trapping layer,std_dndza,86,
239312,Time-standard-deviation duct base height,std_dctb,4,
239313,Time-standard-deviation trapping layer base height,std_tplb,4,
239314,Time-standard-deviation trapping layer top height,std_tplt,4,
239315,Time-standard-deviation geometric height of -10 degrees C atmospheric isothermal level above ground,std_degm10l,4,
239316,Time-standard-deviation cloud base height,std_cbh,4,
239317,Time-standard-deviation geometric height of 0 degrees C atmospheric isothermal level above ground,std_deg0l,4,
239318,Time-standard-deviation 10 metre wind gust,std_i10fg,5,
239319,Time-standard-deviation relative humidity with respect to water,std_rhw,29,
239320,Time-standard-deviation 2 metre relative humidity with respect to water,std_2rhw,29,
239321,Time-standard-deviation convective available potential energy shear,std_capes,15,
239322,Time-standard-deviation tropopause pressure,std_trpp,16,
239323,Time-standard-deviation height of convective cloud top,std_hcct,4,
239324,Time-standard-deviation height of zero-degree wet-bulb temperature,std_hwbt0,4,
239325,Time-standard-deviation height of one-degree wet-bulb temperature,std_hwbt1,4,
239326,Time-standard-deviation total lightning flash density,std_litoti,107,
239327,Time-standard-deviation total column supercooled liquid water,std_tcslw,22,
239328,Time-standard-deviation 10 metre U-component of neutral wind,std_u10n,5,
239329,Time-standard-deviation 10 metre V-component of neutral wind,std_v10n,5,
239330,Time-standard-deviation convective rain rate,std_crr,33,
239331,Time-standard-deviation large scale rain rate,std_lsrr,33,
239332,Time-standard-deviation mixed-layer CAPE in the lowest 50 hPa,std_mlcape50,17,
239333,Time-standard-deviation mixed-layer CIN in the lowest 50 hPa,std_mlcin50,17,
239334,Time-standard-deviation mixed-layer CAPE in the lowest 100 hPa,std_mlcape100,17,
239335,Time-standard-deviation mixed-layer CIN in the lowest 100 hPa,std_mlcin100,17,
239336,Time-standard-deviation departure level of the most unstable parcel expressed as Pressure,std_mudlp,16,
239337,Time-standard-deviation ceiling,std_ceil,4,
239338,Time-standard-deviation total column integrated saturation specific humidity with respect to water,std_tcsqw,22,
239339,Time-standard-deviation direct solar radiation flux,std_sdirnswrf,76,
239340,Time-standard-deviation cosine of solar zenith angle,std_cossza,106,
239341,Time-standard-deviation freezing rain rate water equivalent,std_fprate,33,
239342,Time-standard-deviation total column vertically-integrated eastward geopotential flux,std_vige,178,
239343,Time-standard-deviation total column vertically-integrated northward geopotential flux,std_vign,178,
239344,Time-standard-deviation total column vertically-integrated divergence of water geopotential flux,std_viwgd,76,
239345,Time-standard-deviation total column vertically-integrated divergence of geopotential flux,std_vigd,76,
239346,Time-standard-deviation total column vertically-integrated eastward enthalpy flux,std_viee,178,
239347,Time-standard-deviation total column vertically-integrated northward enthalpy flux,std_vien,178,
239348,Time-standard-deviation total column vertically-integrated eastward kinetic energy flux,std_vikee,178,
239349,Time-standard-deviation total column vertically-integrated northward kinetic energy flux,std_viken,178,
239350,Time-standard-deviation total column vertically-integrated eastward total energy flux,std_vitee,178,
239351,Time-standard-deviation total column vertically-integrated northward total energy flux,std_viten,178,
239352,Time-standard-deviation total column vertically-integrated divergence of enthalpy flux,std_vied,76,
239353,Time-standard-deviation total column vertically-integrated divergence of kinetic energy flux,std_viked,76,
239354,Time-standard-deviation total column vertically-integrated divergence of total energy flux,std_vited,76,
239355,Time-standard-deviation total column vertically-integrated divergence of water enthalpy flux,std_viwed,76,
239356,Time-standard-deviation vertically integrated divergence of mass flux,std_vimad,33,
239357,Time-standard-deviation vertically integrated eastward mass flux,std_vimae,66,
239358,Time-standard-deviation vertically integrated northward mass flux,std_viman,66,
239359,Time-standard-deviation vertically integrated divergence of water vapour flux,std_viwvd,33,
239360,Time-standard-deviation vertically integrated divergence of cloud liquid water flux,std_viclwd,33,
239361,Time-standard-deviation vertically integrated divergence of cloud ice water flux,std_viciwd,33,
239362,Time-standard-deviation vertically integrated divergence of rain flux,std_vird,33,
239363,Time-standard-deviation vertically integrated divergence of snow flux,std_visd,33,
239364,Time-standard-deviation vertically integrated eastward water vapour flux,std_viwve,66,
239365,Time-standard-deviation vertically integrated northward water vapour flux,std_viwvn,66,
239366,Time-standard-deviation vertically integrated eastward cloud liquid water flux,std_viclwe,66,
239367,Time-standard-deviation vertically integrated northward cloud liquid water flux,std_viclwn,66,
239368,Time-standard-deviation vertically integrated eastward cloud ice water flux,std_viciwe,66,
239369,Time-standard-deviation vertically integrated northward cloud ice water flux,std_viciwn,66,
239370,Time-standard-deviation vertically integrated eastward rain flux,std_vire,66,
239371,Time-standard-deviation vertically integrated northward rain flux,std_virn,66,
239372,Time-standard-deviation vertically integrated eastward snow flux,std_vise,66,
239373,Time-standard-deviation vertically integrated northward snow flux,std_visn,66,
239374,Time-standard-deviation vertically integrated eastward ozone flux,std_vioze,66,
239375,Time-standard-deviation vertically integrated northward ozone flux,std_viozn,66,
239376,Time-standard-deviation vertically integrated divergence of ozone flux,std_viozd,33,
239377,Time-standard-deviation vertically integrated net source of ozone,std_vions,33,
239378,Time-standard-deviation eastward turbulent surface stress due to orographic form drag,std_ietssofd,32,
239379,Time-standard-deviation northward turbulent surface stress due to orographic form drag,std_intssofd,32,
239380,Time-standard-deviation eastward turbulent surface stress due to surface roughness,std_ietsssr,32,
239381,Time-standard-deviation northward turbulent surface stress due to surface roughness,std_intsssr,32,
239383,Time-standard-deviation cloud-to-ground lightning flash density,std_licgi,107,
239386,Time-standard-deviation land surface heat net flux,std_lshnf,76,
239387,"Time-standard-deviation surface direct normal short-wave radiation flux, clear sky",std_sdirnswrfcs,76,
239388,Time-standard-deviation 10 metre convective gust,std_10cogu,5,
239389,Time-standard-deviation 10 metre turbulent gust,std_10tugu,5,
239390,Time-standard-deviation geometric height of 0 degrees C theta level above ground,std_h0thg,4,
239391,Time-standard-deviation geometric height of 1 degree C theta level above ground,std_h1thg,4,
239392,Time-standard-deviation geometric height of 1.5 degrees C theta level above ground,std_h1p5thg,4,
239393,Time-standard-deviation vegetation,std_veg,29,
239394,Time-standard-deviation leaf area index,std_lai,106,
239395,Time-standard-deviation surface roughness for heat,std_srhe,4,
239396,Time-standard-deviation Reciprocal Obukhov length,std_rol,86,
239397,Time-standard-deviation geometric height of 3 degrees C atmospheric isothermal level above ground,std_deg3l,4,
239404,"Time-standard-deviation surface diffuse short-wave radiation flux, clear sky",std_sdifswrfcs,76,
239405,Time-standard-deviation volumetric soil moisture (root zone),std_vswrz,10,
239406,Time-standard-deviation liquid water content in snow pack,std_lwcs,22,
239407,Time-standard-deviation most-unstable CIN,std_mucin,17,
239408,Time-standard-deviation specific rain water content (convective),std_crwc_conv,21,
239409,Time-standard-deviation specific snow water content (convective),std_cswc_conv,21,
239410,Time-standard-deviation mixed layer depth,std_mld,4,
239411,Time-standard-deviation urban cover,std_cur,3,
240011,Cross sectional area of flow in channel,chcross,31,
240012,Side flow into river channel,chside,208,
240013,Discharge from rivers or streams,dis,49,
240014,River storage of water,rivsto,207,
240015,Floodplain storage of water,fldsto,207,
240017,Days since last observation,dslr,166,
240018,Frost index,frost,2,
240020,Depth of water on soil surface,woss,22,
240021,Upstream accumulated precipitation,tpups,22,
240022,Upstream accumulated snow melt,smups,22,
240023,Mean discharge in the last 6 hours,dis06,49,
240024,Mean discharge in the last 24 hours,dis24,49,
240026,Snow depth at elevation bands,sd_elev,22,
240028,Groundwater upper storage,gwus,22,
240029,Groundwater lower storage,gwls,22,
240030,Lake depth,lakdph,4,
240031,River depth,rivdph,4,
240032,River outflow of water,rivout,49,
240033,Floodplain outflow of water,fldout,49,
240034,Floodpath outflow of water,pthflw,49,
240035,Floodplain depth,flddep,4,
240036,Floodplain flooded fraction,fldffr,105,
240037,Floodplain flooded area,fldfar,31,
240038,River fraction,rivfr,105,
240039,River area,rivar,31,
240040,Fraction of river coverage plus river related flooding,rivcffr,105,
240041,Area of river coverage plus river related flooding,rivcfar,31,
240042,Water surface elevation,wse,4,
240043,Groundwater return flow rate,grfr,49,
240044,River and floodplain storage,rivfldsto,207,
240045,Depth-averaged river velocity,darv,5,
250001,Latitude,lat,182,
250002,Longitude,lon,183,
250003,Latitude on T grid,tlat,182,
250004,Longitude on T grid,tlon,183,
250005,Latitude on U grid,ulat,182,
250006,Longitude on U grid,ulon,183,
250007,Latitude on V grid,vlat,182,
250008,Longitude on V grid,vlon,183,
250009,Latitude on W grid,wlat,182,
250010,Longitude on W grid,wlon,183,
250011,Latitude on F grid,flat,182,
250012,Longitude on F grid,flon,183,
254001,Covariance between 2-metre temperature and volumetric soil water layer 1,covar_t2m_swvl1,229,
254002,Covariance between 2-metre relative humidity and volumetric soil water layer 1,covar_rh2m_swvl1,227,
254003,Covariance between surface soil moisture and volumetric soil water layer 1,covar_ssm_swvl1,230,
254004,Covariance between 2-metre temperature and volumetric soil water layer 2,covar_t2m_swvl2,229,
254005,Covariance between 2-metre relative humidity and volumetric soil water layer 2,covar_rh2m_swvl2,227,
254006,Covariance between surface soil moisture and volumetric soil water layer 2,covar_ssm_swvl2,230,
254007,Covariance between 2-metre temperature and volumetric soil water layer 3,covar_t2m_swvl3,229,
254008,Covariance between 2-metre relative humidity and volumetric soil water layer 3,covar_rh2m_swvl3,227,
254009,Covariance between surface soil moisture and volumetric soil water layer 3,covar_ssm_swvl3,230,
254010,Covariance between 2-metre temperature and soil temperature layer 1,covar_t2m_stl1,228,
254011,Covariance between 2-metre relative humidity and soil temperature layer 1,covar_rh2m_stl1,226,
254012,Covariance between 2-metre temperature and soil temperature layer 2,covar_t2m_stl2,228,
254013,Covariance between 2-metre relative humidity and soil temperature layer 2,covar_rh2m_stl2,226,
254014,Covariance between 2-metre temperature and soil temperature layer 3,covar_t2m_stl3,228,
254015,Covariance between 2-metre relative humidity and soil temperature layer 3,covar_rh2m_stl3,226,
254016,Covariance between 2-metre temperature and temperature of snow layer 1,covar_t2m_tsn1,228,
254017,Covariance between 2-metre relative humidity and temperature of snow layer 1,covar_rh2m_tsn1,226,
254018,Covariance between 2-metre temperature and temperature of snow layer 2,covar_t2m_tsn2,228,
254019,Covariance between 2-metre relative humidity and temperature of snow layer 2,covar_rh2m_tsn2,226,
254020,Covariance between 2-metre temperature and temperature of snow layer 3,covar_t2m_tsn3,228,
254021,Covariance between 2-metre relative humidity and temperature of snow layer 3,covar_rh2m_tsn3,226,
254022,Covariance between skin temperature and soil temperature layer 1,covar_skt_stl1,228,
254023,Covariance between skin temperature and soil temperature layer 2,covar_skt_stl2,228,
254024,Covariance between skin temperature and soil temperature layer 3,covar_skt_stl3,228,
254025,Covariance between skin temperature and volumetric soil water layer 1,covar_skt_swvl1,229,
254026,Covariance between skin temperature and volumetric soil water layer 2,covar_skt_swvl2,229,
254027,Covariance between skin temperature and volumetric soil water layer 3,covar_skt_swvl3,229,
254028,Covariance between skin temperature and temperature of snow layer 1,covar_skt_tsn1,228,
254029,Covariance between skin temperature and temperature of snow layer 2,covar_skt_tsn2,228,
254030,Covariance between skin temperature and temperature of snow layer 3,covar_skt_tsn3,228,
254500,CURV diagnostic mean sea level pressure,curvmsl,23,
254501,CURV diagnostic geopotential,curvz,23,
260001,Total column vertically-integrated graupel (snow pellets),tcolg,22,
260002,Surface latent heat net flux,slhtf,76,
260004,Heat index,heatx,2,
260005,Wind chill factor,wcf,2,
260007,Snow phase change heat flux,snohf,76,
260008,Vapor pressure,vapp,16,
260009,Large scale precipitation (non-convective),ncpcp,22,
260010,Snowfall rate water equivalent,srweq,33,
260011,Convective snow,snoc,22,
260012,Large scale snow,snol,22,
260013,Snow age,snoag,98,
260014,Absolute humidity,absh,9,
260015,Precipitation type,ptype,100,
260016,Integrated liquid water,iliqw,22,
260017,Condensate,tcond,21,
260018,Cloud mixing ratio,clwmr,21,
260019,Ice water mixing ratio,icmr,21,
260020,Rain mixing ratio,rwmr,21,
260021,Snow mixing ratio,snmr,21,
260022,Horizontal moisture convergence,mconv,39,
260025,Total snowfall,asnow,4,
260026,Precipitable water category,pwcat,103,
260027,Hail,hail,4,
260028,Graupel (snow pellets),grle,21,
260029,Categorical rain,crain,104,
260030,Categorical freezing rain,cfrzr,104,
260031,Categorical ice pellets,cicep,104,
260032,Categorical snow,csnow,104,
260033,Convective precipitation rate,cpr,33,
260034,Horizontal moisture divergence,mdiv,39,
260035,Percent frozen precipitation,cpofp,29,
260036,Potential evaporation,pevap,22,
260038,Snow cover,snowc,29,
260039,Rain fraction of total cloud water,frain,105,
260040,Rime factor,rime,106,
260041,Total column integrated rain,tcolr,22,
260042,Total column integrated snow,tcols,22,
260043,Large scale water precipitation (non-convective),lswp,22,
260044,Convective water precipitation,cwp,22,
260045,Total water precipitation,twatp,22,
260046,Total snow precipitation,tsnowp,22,
260047,Total column water (Vertically integrated total water (vapour + cloud water/ice)),tcwat,22,
260048,Total precipitation rate,tprate,33,
260049,Total snowfall rate water equivalent,tsrwe,33,
260050,Large scale precipitation rate,lsprate,33,
260053,Total snowfall rate,tsrate,5,
260054,Convective snowfall rate,csrate,5,
260055,Large scale snowfall rate,lssrate,5,
260056,Water equivalent of accumulated snow depth (deprecated),sdwe,22,
260057,Total column integrated water vapour,tciwv,22,
260058,Rain precipitation rate,rprate,33,
260059,Snow precipitation rate,sprate,33,
260060,Freezing rain precipitation rate,fprate,33,
260061,Ice pellets precipitation rate,iprate,33,
260062,"Momentum flux, u component",uflx,32,
260063,"Momentum flux, v component",vflx,32,
260065,Wind speed (gust),gust,5,
260066,u-component of wind (gust),ugust,5,
260067,v-component of wind (gust),vgust,5,
260068,Vertical speed shear,vwsh,8,
260069,Horizontal momentum flux,mflx,32,
260070,U-component storm motion,ustm,5,
260071,V-component storm motion,vstm,5,
260072,Drag coefficient,cd,106,
260073,Frictional velocity,fricv,5,
260074,Pressure reduced to MSL,prmsl,16,
260076,Altimeter setting,alts,16,
260077,Thickness,thick,4,
260078,Pressure altitude,presalt,4,
260079,Density altitude,denalt,4,
260080,5-wave geopotential height,5wavh,28,
260081,Instantaneous eastward gravity wave surface stress,iegwss,32,
260082,Instantaneous northward gravity wave surface stress,ingwss,32,
260084,5-wave geopotential height anomaly,5wava,28,
260085,Standard deviation of sub-grid scale orography,sdsgso,4,
260086,Net short-wave radiation flux (top of atmosphere),nswrt,76,
260087,Surface downward short-wave radiation flux,sdswrf,76,
260088,Surface upward short-wave radiation flux,suswrf,76,
260089,Surface net short-wave radiation flux,snswrf,76,
260090,Surface photosynthetically active radiation flux,sparf,76,
260091,"Surface net short-wave radiation flux, clear sky",snswrfcs,76,
260092,Surface downward UV radiation flux,sduvrf,76,
260093,UV index (under clear sky),uviucs,106,
260094,UV index,uvi,106,
260097,Surface downward long-wave radiation flux,sdlwrf,76,
260098,Surface upward long-wave radiation flux,sulwrf,76,
260099,Surface net long-wave radiation flux,snlwrf,76,
260100,"Surface net long-wave radiation flux, clear sky",snlwrfcs,76,
260101,Cloud Ice,cice,22,
260102,Cloud water,cwat,22,
260103,Cloud amount,cdca,29,
260104,Cloud type,cdct,110,
260105,Thunderstorm maximum tops,tmaxt,4,
260106,Thunderstorm coverage,thunc,111,
260107,Cloud base,cdcb,4,
260108,Cloud top,cdct,4,
260109,Ceiling,ceil,4,
260110,Non-convective cloud cover,cdlyr,29,
260111,Cloud work function,cwork,17,
260112,Convective cloud efficiency,cuefi,105,
260113,Total condensate,tcond,21,
260114,Total column-integrated cloud water,tcolw,22,
260115,Total column-integrated cloud ice,tcoli,22,
260116,Total column-integrated condensate,tcolc,22,
260117,Ice fraction of total condensate,fice,105,
260118,Cloud ice mixing ratio,cdcimr,21,
260119,Sunshine,suns,106,
260120,Horizontal extent of cumulonimbus (CB),~,29,
260121,K index,kx,2,
260122,KO index,kox,2,
260123,Total totals index,totalx,2,
260124,Sweat index,sx,106,
260125,Storm relative helicity,hlcy,15,
260126,Energy helicity index,ehlx,106,
260127,Surface lifted index,lftx,2,
260128,Best (4-layer) lifted index,4lftx,2,
260129,Aerosol type,aerot,113,
260130,Total ozone,tozne,40,
260131,Ozone mixing ratio,o3mr,21,
260132,Total column integrated ozone,tcioz,40,
260133,Base spectrum width,bswid,5,
260134,Base reflectivity,bref,115,
260135,Base radial velocity,brvel,5,
260136,Vertically-integrated liquid,veril,116,
260137,Layer-maximum base reflectivity,lmaxbr,115,
260138,Precipitation from radar,rdp,22,
260139,Air concentration of Caesium 137,acces,117,
260140,Air concentration of Iodine 131,aciod,117,
260141,Air concentration of radioactive pollutant,acradp,117,
260142,Ground deposition of Caesium 137,gdces,118,
260143,Ground deposition of Iodine 131,gdiod,118,
260144,Ground deposition of radioactive pollutant,gdradp,118,
260145,Time-integrated air concentration of caesium pollutant,tiaccp,119,
260146,Time-integrated air concentration of iodine pollutant,tiacip,119,
260147,Time-integrated air concentration of radioactive pollutant,tiacrp,119,
260148,Volcanic ash,volash,120,
260149,Icing top,icit,4,
260150,Icing base,icib,4,
260151,Icing,ici,121,
260152,Turbulence top,turbt,4,
260153,Turbulence base,turbb,4,
260154,Turbulence,turb,122,
260155,Turbulent kinetic energy,tke,17,
260156,Planetary boundary layer regime,pblreg,123,
260157,Contrail intensity,conti,124,
260158,Contrail engine type,contet,125,
260159,Contrail top,contt,4,
260160,Contrail base,contb,4,
260161,Maximum snow albedo,mxsalb,29,
260162,Snow free albedo,snfalb,29,
260163,Icing,~,29,
260164,In-cloud turbulence,~,29,
260165,Relative clear air turbulence (RCAT),rcat,29,
260166,Supercooled large droplet probability,sldp,29,
260167,Arbitrary text string,var190m0,126,
260168,Seconds prior to initial reference time (defined in Section 1),tsec,12,
260169,Flash flood guidance,ffldg,22,
260170,Flash flood runoff (Encoded as an accumulation over a floating subinterval of time),ffldro,22,
260171,Remotely sensed snow cover,rssc,127,
260172,Elevation of snow covered terrain,esct,128,
260173,Snow water equivalent percent of normal,swepon,29,
260174,Baseflow-groundwater runoff,bgrun,22,
260175,Storm surface runoff,ssrun,22,
260176,Conditional percent precipitation amount fractile for an overall period (Encoded as an accumulation),cppop,22,
260177,Percent precipitation in a sub-period of an overall period,pposp,29,
260178,Probability of 0.01 inch of precipitation (POP),pop,29,
260180,Vegetation,veg,29,
260181,Water runoff,watr,22,
260182,Evapotranspiration,evapt,129,
260183,Model terrain height,mterh,4,
260184,Land use,landu,130,
260185,Volumetric soil moisture content,soilw,105,
260186,Ground heat flux,gflux,76,
260187,Moisture availability,mstav,29,
260188,Exchange coefficient,sfexc,33,
260189,Plant canopy surface water,cnwat,22,
260190,Blackadar mixing length scale,bmixl,4,
260191,Canopy conductance,ccond,5,
260192,Minimal stomatal resistance,rsmin,20,
260193,Solar parameter in canopy conductance,rcs,105,
260194,Temperature parameter in canopy conductance,rct,105,
260195,Soil moisture parameter in canopy conductance,rcsol,105,
260196,Humidity parameter in canopy conductance,rcq,105,
260197,Column-integrated soil water,cisoilw,22,
260198,Heat flux,hflux,76,
260199,Volumetric soil moisture,vsw,10,
260200,Volumetric wilting point,vwiltm,10,
260205,Liquid volumetric soil moisture (non-frozen),soill,105,
260206,Number of soil layers in root zone,rlyrs,106,
260207,Transpiration stress-onset (soil moisture),smref,105,
260208,Direct evaporation cease (soil moisture),smdry,105,
260209,Soil porosity,poros,105,
260210,Liquid volumetric soil moisture (non-frozen),liqvsm,10,
260211,Volumetric transpiration stress-onset (soil moisture),voltso,10,
260212,Transpiration stress-onset (soil moisture),transo,9,
260213,Volumetric direct evaporation cease (soil moisture),voldec,10,
260214,Direct evaporation cease (soil moisture),direc,9,
260215,Soil porosity,soilp,10,
260216,Volumetric saturation of soil moisture,vsosm,10,
260217,Saturation of soil moisture,satosm,9,
260218,Estimated precipitation,estp,22,
260219,Instantaneous rain rate,irrate,33,
260220,Cloud top height,ctoph,4,
260221,Cloud top height quality indicator,ctophqi,133,
260222,Estimated u component of wind,estu,5,
260223,Estimated v component of wind,estv,5,
260224,Number of pixels used,npixu,106,
260225,Solar zenith angle,solza,134,
260226,Relative azimuth angle,raza,134,
260227,Reflectance in 0.6 micron channel,rfl06,29,
260228,Reflectance in 0.8 micron channel,rfl08,29,
260229,Reflectance in 1.6 micron channel,rfl16,29,
260230,Reflectance in 3.9 micron channel,rfl39,29,
260231,Atmospheric divergence,atmdiv,8,
260232,Direction of wind waves,wvdir,92,
260233,Primary wave direction,dirpw,92,
260234,Primary wave mean period,perpw,12,
260235,Secondary wave mean period,persw,12,
260236,Current direction,dirc,92,
260237,Current speed,spc,5,
260238,Geometric vertical velocity,wz,5,
260241,Seconds prior to initial reference time (defined in Section 1),tsec,12,
260242,2 metre relative humidity,2r,29,
260243,Temperature tendency by all radiation,ttrad,37,
260244,Relative Error Variance,rev,7,
260245,Large Scale Condensate Heating rate,lrghr,37,
260246,Deep Convective Heating rate,cnvhr,37,
260247,Total Downward Heat Flux at Surface,thflx,76,
260248,Temperature Tendency By All Physics,ttdia,37,
260249,Temperature Tendency By Non-radiation Physics,ttphy,37,
260250,Standard Dev. of IR Temp. over 1x1 deg. area,tsd1d,2,
260251,Shallow Convective Heating rate,shahr,37,
260252,Vertical Diffusion Heating rate,vdfhr,37,
260253,Potential temperature at top of viscous sublayer,thz0,2,
260254,Tropical Cyclone Heat Potential,tchp,137,
260255,Apparent temperature,aptmp,2,
260256,Haines Index,hindex,106,
260257,Cloud cover,ccl,29,
260259,Evaporation,eva,22,
260260,10 metre wind direction,10wdir,92,
260261,Minimum Relative Humidity,minrh,29,
260262,Surface direct short-wave radiation flux,sdirswrf,76,
260263,Surface diffuse short-wave radiation flux,sdifswrf,76,
260264,Time-integrated surface direct short wave radiation flux,tidirswrf,6,
260267,Total precipitation in the last 6 hours,tp06,22,
260268,Total precipitation in the last 24 hours,tp24,22,
260269,Total Icing Potential Diagnostic,tipd,23,
260270,Number concentration for ice particles,ncip,23,
260271,Snow temperature,snot,2,
260272,Total column-integrated supercooled liquid water,tclsw,22,
260273,Total column-integrated melting ice,tcolm,22,
260274,Evaporation - Precipitation,emnp,142,
260275,Sublimation (evaporation from snow),sbsno,76,
260276,Deep Convective Moistening Rate,cnvmr,140,
260277,Shallow Convective Moistening Rate,shamr,140,
260278,Vertical Diffusion Moistening Rate,vdfmr,140,
260279,Condensation Pressure of Parcali Lifted From Indicate Surface,condp,16,
260280,Large scale moistening rate,lrgmr,140,
260281,Specific humidity at top of viscous sublayer,qz0,21,
260282,Maximum specific humidity at 2m,qmax,21,
260283,Minimum specific humidity at 2m,qmin,21,
260284,Liquid precipitation (rainfall),arain,22,
260285,"Snow temperature, depth-avg",snowt,2,
260286,Total precipitation (nearest grid point),apcpn,22,
260287,Convective precipitation (nearest grid point),acpcpn,22,
260288,Freezing Rain,frzr,22,
260289,Fraction of snow cover,fscov,105,
260290,Clear air turbulence (CAT),cat,97,
260291,Mountain wave turbulence (eddy dissipation rate),mwt,97,
260292,Specific rain water content (convective),crwc_conv,21,
260293,Specific snow water content (convective),cswc_conv,21,
260294,Glacier mask,glm,105,
260295,Latitude of U Wind Component of Velocity,lauv,148,
260296,Longitude of U Wind Component of Velocity,louv,148,
260297,Latitude of V Wind Component of Velocity,lavv,148,
260298,Longitude of V Wind Component of Velocity,lovv,148,
260299,Latitude of Pressure Point,lapp,148,
260300,Longitude of Pressure Point,lopp,148,
260301,Vertical Eddy Diffusivity Heat exchange,vedh,1,
260302,Covariance between Meridional and Zonal Components of the wind.,covmz,15,
260303,Covariance between Temperature and Zonal Components of the wind.,covtz,61,
260304,Covariance between Temperature and Meridional Components of the wind.,covtm,61,
260305,Vertical Diffusion Zonal Acceleration,vdfua,46,
260306,Vertical Diffusion Meridional Acceleration,vdfva,46,
260307,Gravity wave drag zonal acceleration,gwdu,46,
260308,Gravity wave drag meridional acceleration,gwdv,46,
260309,Convective zonal momentum mixing acceleration,cnvu,46,
260310,Convective meridional momentum mixing acceleration,cnvv,46,
260311,Tendency of vertical velocity,wtend,46,
260312,Omega (Dp/Dt) divide by density,omgalf,2,
260313,Convective Gravity wave drag zonal acceleration,cngwdu,46,
260314,Convective Gravity wave drag meridional acceleration,cngwdv,46,
260315,Velocity Point Model Surface,lmv,7,
260316,Potential Vorticity (Mass-Weighted),pvmww,154,
260317,MSLP (Eta model reduction),mslet,16,
260318,Precipitation type (most severe) in the last 1 hour,ptype_sev1h,100,
260319,Precipitation type (most severe) in the last 3 hours,ptype_sev3h,100,
260320,Precipitation type (most frequent) in the last 1 hour,ptype_freq1h,100,
260321,Precipitation type (most frequent) in the last 3 hours,ptype_freq3h,100,
260323,MSLP (MAPS System Reduction),mslma,16,
260324,3-hr pressure tendency (Std. Atmos. Reduction),tslsa,26,
260325,Pressure of level from which parcel was lifted,plpl,16,
260326,X-gradient of Log Pressure,lpsx,86,
260327,Y-gradient of Log Pressure,lpsy,86,
260328,X-gradient of Height,hgtx,86,
260329,Y-gradient of Height,hgty,86,
260330,Layer Thickness,layth,4,
260331,Natural Log of Surface Pressure,nlgsp,157,
260332,Convective updraft mass flux,cnvumf,158,
260333,Convective downdraft mass flux,cnvdmf,158,
260334,Convective detrainment mass flux,cnvdemf,158,
260335,Mass Point Model Surface,lmh,7,
260336,Geopotential Height (nearest grid point),hgtn,28,
260337,Pressure (nearest grid point),presn,16,
260338,Precipitation type (most severe) in the last 6 hours,ptype_sev6h,100,
260339,Precipitation type (most frequent) in the last 6 hours,ptype_freq6h,100,
260340,UV-B downward solar flux,duvb,76,
260341,Clear sky UV-B downward solar flux,cduvb,76,
260342,Clear Sky Downward Solar Flux,csdsf,76,
260343,Solar Radiative Heating Rate,swhr,37,
260344,Clear Sky Upward Solar Flux,csusf,76,
260345,Cloud Forcing Net Solar Flux,cfnsf,76,
260346,Visible Beam Downward Solar Flux,vbdsf,76,
260347,Visible Diffuse Downward Solar Flux,vddsf,76,
260348,Near IR Beam Downward Solar Flux,nbdsf,76,
260349,Near IR Diffuse Downward Solar Flux,nddsf,76,
260350,Downward Total radiation Flux,dtrf,76,
260351,Upward Total radiation Flux,utrf,76,
260354,Long-Wave Radiative Heating Rate,lwhr,37,
260355,Clear Sky Upward Long Wave Flux,csulf,76,
260356,Clear Sky Downward Long Wave Flux,csdlf,76,
260357,Cloud Forcing Net Long Wave Flux,cfnlf,76,
260360,Soil temperature,sot,2,
260361,"Surface downward short-wave radiation flux, clear sky",sdswrfcs,76,
260362,"Surface upward short-wave radiation flux, clear sky",suswrfcs,76,
260363,"Surface downward long-wave radiation flux, clear sky",sdlwrfcs,76,
260364,Soil heat flux,sohf,76,
260365,Percolation rate,percr,33,
260366,Convective Cloud Mass Flux,mflux,26,
260367,Soil depth,sod,4,
260368,Soil moisture,som,9,
260369,Richardson Number,ri,106,
260370,Convective Weather Detection Index,cwdi,7,
260372,Updraft Helicity,uphl,15,
260373,Leaf Area Index,lai,106,
260374,Particulate matter (coarse),pmtc,161,
260375,Particulate matter (fine),pmtf,161,
260376,Particulate matter (fine),lpmtf,162,
260377,Integrated column particulate matter (fine),lipmf,162,
260379,Ozone Concentration (PPB),ozcon,163,
260380,Categorical Ozone Concentration,ozcat,23,
260381,Ozone vertical diffusion,vdfoz,140,
260382,Ozone production,poz,140,
260383,Ozone tendency,toz,140,
260384,Ozone production from temperature term,pozt,140,
260385,Ozone production from col ozone term,pozo,140,
260386,Derived radar reflectivity backscatter from rain,refzr,164,
260387,Derived radar reflectivity backscatter from ice,refzi,164,
260388,Derived radar reflectivity backscatter from parameterized convection,refzc,164,
260389,Derived radar reflectivity,refd,115,
260390,Maximum/Composite radar reflectivity,refc,115,
260391,Lightning,ltng,23,
260394,Slight risk convective outlook,srcono,165,
260395,Moderate risk convective outlook,mrcono,165,
260396,High risk convective outlook,hrcono,165,
260397,Tornado probability,torprob,29,
260398,Hail probability,hailprob,29,
260399,Wind probability,windprob,29,
260400,Significant Tornado probability,storprob,29,
260401,Significant Hail probability,shailpro,29,
260402,Significant Wind probability,swindpro,29,
260403,"Categorical Thunderstorm (1-yes, 0-no)",tstmc,165,
260404,Number of mixed layers next to surface,mixly,166,
260405,Flight Category,flght,7,
260406,Confidence - Ceiling,cicel,7,
260407,Confidence - Visibility,civis,7,
260408,Confidence - Flight Category,ciflt,7,
260409,Low-Level aviation interest,lavni,7,
260410,High-Level aviation interest,havni,7,
260411,"Visible, Black Sky Albedo",sbsalb,29,
260412,"Visible, White Sky Albedo",swsalb,29,
260413,"Near IR, Black Sky Albedo",nbsalb,29,
260414,"Near IR, White Sky Albedo",nwsalb,29,
260415,"Total Probability of Severe Thunderstorms (Days 2,3)",prsvr,29,
260416,"Total Probability of Extreme Severe Thunderstorms (Days 2,3)",prsigsvr,29,
260417,Supercooled Large Droplet (SLD) Potential,sipd,7,
260418,Radiative emissivity,epsr,7,
260419,Turbulence Potential Forecast Index,tpfi,7,
260420,Volcanic Ash Forecast Transport and Dispersion,vaftd,167,
260421,Latitude (-90 to +90),nlat,148,
260422,East Longitude (0 - 360),elon,148,
260423,"Accumulated surface downward short-wave radiation flux, clear sky",adswrf_cs,6,
260424,Model Layer number (From bottom up),mlyno,7,
260425,Latitude (nearest neighbor) (-90 to +90),nlatn,148,
260426,East Longitude (nearest neighbor) (0 - 360),elonn,148,
260427,"Accumulated surface upward short-wave radiation flux, clear sky",auswrf_cs,6,
260428,"Accumulated surface downward long-wave radiation flux, clear sky",adlwrf_cs,6,
260429,Probability of Freezing Precipitation,cpozp,29,
260430,Percolation,perc,22,
260431,Probability of precipitation exceeding flash flood guidance values,ppffg,29,
260432,"Probability of Wetting Rain, exceeding in 0.10 in a given time period",cwr,29,
260433,Evapotranspiration rate,etr,33,
260436,Potential evapotranspiration rate,petr,33,
260439,Vegetation Type,vgtyp,170,
260442,Wilting Point,wilt,168,
260443,Runoff rate water equivalent (surface plus subsurface),rorwe,33,
260447,Rate of water dropping from canopy to ground,rdrip,7,
260448,Ice-free water surface,icwat,29,
260449,Surface exchange coefficients for T and Q divided by delta z,akhs,5,
260450,Surface exchange coefficients for U and V divided by delta z,akms,5,
260451,Vegetation canopy temperature,vegt,2,
260452,Surface water storage,sstor,22,
260453,Liquid soil moisture content (non-frozen),lsoil,22,
260454,Open water evaporation (standing water),ewatr,76,
260455,Groundwater recharge,gwrec,22,
260456,Flood plain recharge,qrec,22,
260457,Roughness length for heat,sfcrh,4,
260458,Normalized Difference Vegetation Index,ndvi,7,
260459,"Land-sea coverage (nearest neighbor) [land=1,sea=0]",landn,7,
260460,Asymptotic mixing length scale,amixl,4,
260461,Water vapor added by precip assimilation,wvinc,22,
260462,Water condensate added by precip assimilation,wcinc,22,
260463,Water Vapor Flux Convergence (Vertical Int),wvconv,22,
260464,Water Condensate Flux Convergence (Vertical Int),wcconv,22,
260465,Water Vapor Zonal Flux (Vertical Int),wvuflx,22,
260466,Water Vapor Meridional Flux (Vertical Int),wvvflx,22,
260467,Water Condensate Zonal Flux (Vertical Int),wcuflx,22,
260468,Water Condensate Meridional Flux (Vertical Int),wcvflx,22,
260469,Aerodynamic conductance,acond,5,
260470,Canopy water evaporation,evcw,76,
260471,Transpiration,trans,76,
260474,Surface Slope Type,sltyp,173,
260475,Snow melt rate,smr,33,
260478,Direct evaporation from bare soil,evbs,76,
260479,Land Surface Precipitation Accumulation,lspa,22,
260480,Bare soil surface skin temperature,baret,2,
260481,Average surface skin temperature,avsft,2,
260482,Effective radiative skin temperature,radt,2,
260483,Field Capacity,fldcp,168,
260484,Scatterometer Estimated U Wind Component,usct,5,
260485,Scatterometer Estimated V Wind Component,vsct,5,
260486,Wave Steepness,wstp,7,
260487,Ocean Mixed Layer U Velocity,omlu,5,
260488,Ocean Mixed Layer V Velocity,omlv,5,
260489,Barotropic U velocity,ubaro,5,
260490,Barotropic V velocity,vbaro,5,
260491,Storm Surge,surge,4,
260492,Extra Tropical Storm Surge,etsrg,4,
260493,Ocean Surface Elevation Relative to Geoid,elevhtml,4,
260494,Sea Surface Height Relative to Geoid,sshg,4,
260495,Ocean Mixed Layer Potential Density (Reference 2000m)<br,p2omlt,9,
260496,Net Air-Ocean Heat Flux,aohflx,76,
260497,Assimilative Heat Flux,ashfl,76,
260498,Surface Temperature Trend,sstt,176,
260499,Surface Salinity Trend,ssst,177,
260500,Kinetic Energy,keng,17,
260501,Salt Flux,sltfl,139,
260502,3-D Temperature,wtmpc,43,
260503,3-D Salinity,salin,7,
260504,Barotropic Kinetic Energy,bkeng,17,
260505,Geometric Depth Below Sea Surface,dbss,4,
260506,Interface Depths,intfd,4,
260507,Ocean Heat Content,ohc,6,
260508,Image data,imgd,7,
260509,Forecast albedo,al,29,
260510,Cloudy brightness temperature,clbt,2,
260511,Clear-sky brightness temperature,csbt,2,
260512,Cloudy reflectance,cdrfl,29,
260513,Clear reflectance,crrfl,29,
260530,Scaled radiance,~,106,
260531,Scaled albedo,~,106,
260532,Scaled brightness temperature,~,106,
260533,Scaled precipitable water,~,106,
260534,Scaled lifted index,~,106,
260535,Scaled cloud top pressure,~,106,
260536,Scaled skin temperature,~,106,
260537,Cloud mask,~,209,
260538,Pixel scene type,~,210,
260539,Fire detection indicator,~,211,
260540,Forest fire weather index (as defined by the Canadian Forest Service),fwinx,106,
260541,Fine fuel moisture code (as defined by the Canadian Forest Service),ffmcode,106,
260542,Duff moisture code (as defined by the Canadian Forest Service),dufmcode,106,
260543,Drought code (as defined by the Canadian Forest Service),drtcode,106,
260544,Initial fire spread index (as defined by the Canadian Forest Service),infsinx,106,
260545,Fire buildup index (as defined by the Canadian Forest Service),fbupinx,106,
260546,Fire daily severity rating (as defined by the Canadian Forest Service),fdsrte,106,
260550,Cloudy radiance (with respect to wave number),~,93,
260551,Clear-sky radiance (with respect to wave number),~,93,
260552,Wind speed,~,5,
260553,Aerosol optical thickness at 0.635 um,~,23,
260554,Aerosol optical thickness at 0.810 um,~,23,
260555,Aerosol optical thickness at 1.640 um,~,23,
260556,Angstrom coefficient,~,23,
260557,Keetch-Byram drought index,kbdi,106,
260558,Drought factor (as defined by the Australian forest service),drtmrk,106,
260559,Rate of spread (as defined by the Australian forest service),rosmrk,5,
260560,Fire danger index (as defined by the Australian forest service),fdimrk,106,
260561,Spread component (as defined by the U.S Forest Service National Fire-Danger Rating System),scnfdr,106,
260562,Burning index (as defined by the U.S Forest Service National Fire-Danger Rating System),buinfdr,106,
260563,Ignition component (as defined by the U.S Forest Service National Fire-Danger Rating System),icnfdr,29,
260564,Energy release component (as defined by the U.S Forest Service National Fire-Danger Rating System),ercnfdr,6,
260565,Probability of fire detection,pof,29,
260566,Probability of ignition from lightning,pil,29,
260600,Mean evaporation,evpsfc,145,
260601,Mean total precipitation,tpratsfc,145,
260602,Mean large scale precipitation,lpratsfc,145,
260603,Mean convective precipitation,cpratsfc,145,
260604,Mean snowfall rate water equivalent,srweqsfc,145,
260605,Mean surface water runoff,rofsfc,145,
260606,Square of Brunt-Vaisala frequency,bvf2tht,89,
260607,Adiabatic zonal acceleration,aduahbl,146,
260609,Adiabatic meridional acceleration,advaprs,146,
260610,Mean frequency of deep convection,frcvsfc,29,
260611,Mean frequency of shallow convection,frcvssfc,29,
260612,Mean frequency of stratocumulus parameterisation,frscsfc,29,
260613,Gravity wave zonal acceleration,gwduahbl,146,
260614,Gravity wave meridional acceleration,gwdvahbl,146,
260615,Mean evapotranspiration,ltrssfc,76,
260616,Adiabatic heating rate,adhrhbl,212,
260617,Moisture storage on canopy,mscsfc,4,
260618,Moisture storage on ground or cover,msgsfc,4,
260619,Mass concentration of condensed water in soil,smcugl,9,
260621,Upward mass flux at cloud base,mflxbhbl,33,
260622,Upward mass flux,mfluxhbl,33,
260623,Adiabatic moistening rate,admrhbl,213,
260624,Ozone mixing ratio,ozonehbl,214,
260625,Convective zonal acceleration,cnvuahbl,146,
260626,Mean zonal momentum flux by long gravity wave,fglusfc,32,
260627,Mean meridional momentum flux by long gravity wave,fglvsfc,32,
260628,Mean meridional momentum flux by short gravity wave,fgsvsfc,32,
260629,Mean zonal momentum flux by short gravity wave,fgsusfc,32,
260632,Convective meridional acceleration,cnvvahbl,146,
260633,Large scale condensation heating rate,lrghrhbl,212,
260634,Convective heating rate,cnvhrhbl,212,
260635,Convective moistening rate,cnvmrhbl,213,
260636,Vertical diffusion heating rate,vdfhrhbl,212,
260637,Vertical diffusion zonal acceleration,vdfuahbl,146,
260638,Vertical diffusion meridional acceleration,vdfvahbl,146,
260639,Vertical diffusion moistening rate,vdfmrhbl,213,
260640,Solar radiative heating rate,swhrhbl,212,
260641,Long wave radiative heating rate,lwhrhbl,212,
260642,Large scale moistening rate,lrgmrhbl,213,
260643,Type of vegetation,tovg,131,
260644,Volumetric soil ice,vsi,10,
260645,Time integral of total solid precipitation flux,titspf,22,
260646,10 metre eastward wind gust since previous post-processing,10efg,5,
260647,10 metre northward wind gust since previous post-processing,10nfg,5,
260648,Fog,fog,29,
260649,Sea ice surface temperature,sist,2,
260650,Snow on ice total depth,sitd,4,
260651,Surface roughness length for heat,srlh,4,
260652,Time-integrated eastward turbulent surface stress due to orographic form drag,etssofd,14,
260653,Time-integrated northward turbulent surface stress due to orographic form drag,ntssofd,14,
260654,Time-integrated eastward turbulent surface stress due to surface roughness,etsssr,14,
260655,Time-integrated northward turbulent surface stress due to surface roughness,ntsssr,14,
260656,Saturation specific humidity with respect to water,sqw,9,
260657,Total column integrated saturation specific humidity with respect to water,tcsqw,22,
260658,Standardised Precipitation Index (SPI),spi,106,
260659,Standardised Precipitation Evapotranspiration Index (SPEI),spei,106,
260660,Standardised Streamflow Index (SSFI),ssfi,106,
260661,Standardised Reservoir Supply Index (SRSI),srsi,106,
260662,Standardised Water-level Index (SWI),swi,106,
260663,Standardised Snowmelt and Rain Index (SMRI),smri,106,
260664,Streamflow Drought Index (SDI),sdi,106,
260665,Volumetric soil moisture top 20 cm,vsw20,10,
260666,Volumetric soil moisture top 100 cm,vsw100,10,
260667,"Surface photosynthetically active radiation flux, clear sky",parcsf,76,
260668,Surface direct normal short-wave radiation flux,sdirnswrf,76,
260669,Instantaneous magnitude of turbulent surface stress,imagss,32,
260670,Instantaneous boundary layer dissipation,ibld,76,
260671,Top net short-wave radiation flux,tnswrf,76,
260672,Top net long-wave radiation flux,tnlwrf,76,
260673,Instantaneous gravity wave dissipation,igwd,76,
260674,"Top net short-wave radiation flux, clear sky",tnswrfcs,76,
260675,"Top net long-wave radiation flux, clear sky",tnlwrfcs,76,
260676,Top downward short-wave radiation flux,tdswrf,76,
260677,"Surface direct short-wave radiation flux, clear sky",sdirswrfcs,76,
260678,Instantaneous eastward turbulent surface stress due to orographic form drag,ietssofd,32,
260679,Instantaneous northward turbulent surface stress due to orographic form drag,intssofd,32,
260680,Instantaneous eastward turbulent surface stress due to surface roughness,ietsssr,32,
260681,Instantaneous northward turbulent surface stress due to surface roughness,intsssr,32,
260682,Time-severity precipitation type,sev_ptype,100,
260683,Time-mode precipitation type,freq_ptype,100,
260684,Land surface heat net flux,lshnf,76,
260685,"Surface direct normal short-wave radiation flux, clear sky",sdirnswrfcs,76,
260686,10 metre convective gust,10cogu,5,
260687,10 metre turbulent gust,10tugu,5,
260688,Reciprocal Obukhov length,rol,86,
260689,Precipitation rate from radar,rdpr,33,
260690,Radar data quality index,rdqi,105,
260691,Radar data quality flag,rdqf,232,
260692,Precipitation rate from forecasted radar imagery,frdpr,33,
260693,Precipitation from forecasted radar imagery,frdp,22,
260694,"Surface diffuse short-wave radiation flux, clear sky",sdifswrfcs,76,
261001,Universal thermal climate index,utci,2,
261002,Mean radiant temperature,mrt,2,
261003,Fraction of Malaria cases,mal_cases_frac,168,
261004,Malaria circumsporozoite protein ratio,mal_prot_ratio,168,
261005,Plasmodium falciparum entomological inoculation rate,mal_innoc_rate,220,
261006,Human bite rate by anopheles vectors,mal_hbite_rate,220,
261007,Malaria immunity ratio,mal_immun_ratio,168,
261008,Falciparum parasite ratio,mal_infect_ratio,168,
261009,Detectable falciparum parasite ratio (after day 10),mal_infect_d10_ratio,168,
261010,Anopheles vector to host ratio,mal_host_ratio,168,
261011,Anopheles vector density,mal_vect_dens,218,
261012,Fraction of malarial vector reproductive habitat,mal_hab_frac,168,
261013,Population density,pop_dens,219,
261014,Wet bulb globe temperature,wbgt,2,
261015,Globe temperature,gt,2,
261016,Humidex,hmdx,2,
261017,Effective temperature,efft,2,
261018,Normal effective temperature,nefft,2,
261019,Standard effective temperature,sefft,2,
261020,Physiological equivalent temperature,peqt,2,
261021,Saturation water vapour pressure,swvp,16,
261022,Wet-bulb potential temperature,wbpt,2,
261023,Wet-bulb temperature,wbt,2,
261024,Excess heat factor,exhf,69,
261025,Excess cold factor,excf,69,
262000,Sea ice thickness,sithick,4,
262001,Sea ice area fraction,siconc,168,
262002,Snow thickness over sea ice,sisnthick,4,
262003,Eastward sea ice velocity,siue,5,
262004,Northward sea ice velocity,sivn,5,
262005,Sea ice albedo,sialb,168,
262006,Sea ice surface temperature,sitemptop,2,
262007,Sea ice growth,sigrowth,5,
262008,Sea ice volume per unit area,sivol,87,
262009,Snow volume over sea ice per unit area,snvol,87,
262010,Vertically averaged sea ice temperature,vasit,2,
262011,Snow temperature over sea ice,sntemp,2,
262012,Sea ice temperature at the sea ice and snow interface,sisntemp,2,
262013,Underside ice temperature,usitemp,2,
262014,Sea ice heat content,sihc,6,
262015,Snow heat content over sea ice,snhc,6,
262016,Sea ice freeboard thickness,sifbr,4,
262017,Sea ice melt pond fraction,sipf,105,
262018,Sea ice melt pond depth,sipd,4,
262019,Sea ice melt pond volume per unit area,sipvol,87,
262020,Sea ice fraction tendency due to parameterization,bckinsic,8,
262021,X-component of sea ice velocity,six,5,
262022,Y-component of sea ice velocity,siy,5,
262023,Sea ice salinity,icesalt,147,
262024,Sea ice temperature,sit,2,
262025,Sea ice breakup memory,sibm,106,
262100,Sea surface practical salinity,sos,147,
262101,Sea surface temperature,tos,2,
262102,Depth of 14 C isotherm,t14d,4,
262103,Depth of 17 C isotherm,t17d,4,
262104,Depth of 20 C isotherm,t20d,4,
262105,Depth of 26 C isotherm,t26d,4,
262106,Depth of 28 C isotherm,t28d,4,
262107,Barotropic stream function,stfbarot,49,
262108,Surface downward heat flux,hfds,76,
262109,Northward surface stress,tauvon,32,
262110,Eastward surface stress,tauuoe,32,
262111,Y-component of surface stress,tauvo,32,
262112,X-component of surface stress,tauuo,32,
262113,Ocean mixed layer depth defined by sigma theta 0.01 kg m-3,mlotst010,4,
262114,Ocean mixed layer depth defined by sigma theta 0.03 kg m-3,mlotst030,4,
262115,Ocean mixed layer depth defined by sigma theta 0.125 kg m-3,mlotst125,4,
262116,Ocean mixed layer depth defined by temperature 0.2 C,mlott02,4,
262117,Ocean mixed layer depth defined by temperature 0.5 C,mlott05,4,
262118,Average sea water practical salinity in the upper 300 m,sc300m,147,
262119,Average sea water practical salinity in the upper 700 m,sc700m,147,
262120,Total column average sea water practical salinity,scbtm,147,
262121,Vertically-integrated heat content in the upper 300 m,hc300m,6,
262122,Vertically-integrated heat content in the upper 700 m,hc700m,6,
262123,Total column of heat content,hcbtm,6,
262124,Sea surface height,zos,4,
262125,Steric change in sea surface height,stheig,4,
262126,Halosteric change in sea surface height,hstheig,4,
262127,Thermosteric change in sea surface height,tstheig,4,
262128,Thermocline depth,thcline,4,
262129,Bottom pressure equivalent height,btp,4,
262130,Net surface upward water flux,swfup,33,
262131,Fresh water flux into sea water (from rivers),fw2sw,33,
262132,Virtual salt flux into sea water,vsf2sw,82,
262133,Heat flux correction,hfcorr,76,
262134,Fresh water flux correction,fwcorr,33,
262135,Virtual salt flux correction,vsfcorr,82,
262136,Turbocline depth (kz=5e-4),turbocl,4,
262137,Y-component of surface sea water velocity,svy,5,
262138,X-component of surface sea water velocity,svx,5,
262139,Northward surface sea water velocity,svn,5,
262140,Eastward surface sea water velocity,sve,5,
262141,Heat Content surface to 26C isotherm,hct26,6,
262142,Sea surface height tendency due to parameterization,bckineta,5,
262143,Sea surface height with inverse barometer correction,zosib,4,
262144,Average sea water potential temperature in the upper 300m,pt300m,2,
262145,Sea surface salinity,sss,21,
262146,Vertically integrated sea water practical salinity in the upper 300 m,sc300v,143,
262147,Vertically integrated sea water practical salinity in the upper 700 m,sc700v,143,
262148,Total column vertically integrated sea water practical salinity,scbtv,143,
262149,Sea surface downward short-wave radiation flux,rsdos,76,
262500,Sea water practical salinity,so,147,
262501,Sea water potential temperature,thetao,2,
262502,Sea water sigma theta,sigmat,9,
262503,Y-component of sea water velocity,voy,5,
262504,X-component of sea water velocity,uox,5,
262505,Northward sea water velocity,von,5,
262506,Eastward sea water velocity,uoe,5,
262507,Upward sea water velocity,wo,5,
262508,Sea water potential temperature tendency due to newtonian relaxation,thetaodmp,37,
262509,Sea water salinity tendency due to newtonian relaxation,sodmp,83,
262510,Sea water temperature tendency due to parameterization,bckint,37,
262511,Sea water salinity tendency due to parameterization,bckins,83,
262512,Eastward sea water velocity tendency due to parameterization,bckine,46,
262513,Northward sea water velocity tendency due to parameterization,bckinn,46,
262514,Sea water temperature tendency due to direct bias correction,tdbiascorr,37,
262515,Sea water salinity tendency due to direct bias correction,sdbiascorr,83,
262516,Sea water salinity,salo,21,
262517,Northward mass transport,mtn,33,
262518,Eastward mass transport,mte,33,
262519,Sea water depth,zo,4,
262520,Sea water upward mass transport,mtup,33,
262521,Sea water age since surface contact,agessc,12,
262522,Sea water downward short-wave radiation flux,rsdo,76,
262523,Sea water sigma theta relative,sigmatrel,105,
262900,Net short wave radiation rate at sea surface,ssr_sea,76,
262901,Wind stress at sea surface,wst_sea,32,
262902,Wind speed at 10m above sea surface,10ws_sea,5,
262903,Neutral drag coefficient at 10m above sea surface,10nd_sea,23,
262904,Total precipitation rate at sea surface,tprate_sea,33,
262905,Snow precipitation rate at sea surface,snrate_sea,33,
262906,Eastward component of wind stress over sea ice,ewst_sea,32,
262907,Northward component of wind stress over sea ice,nwst_sea,32,
262908,U-component of wind stress over sea ice,uwst_sea,32,
262909,V-component of wind stress over sea ice,vwst_sea,32,
263000,Time-mean sea ice thickness,avg_sithick,4,
263001,Time-mean sea ice area fraction,avg_siconc,168,
263002,Time-mean snow thickness over sea ice,avg_sisnthick,4,
263003,Time-mean eastward sea ice velocity,avg_siue,5,
263004,Time-mean northward sea ice velocity,avg_sivn,5,
263005,Time-mean sea ice albedo,avg_sialb,168,
263006,Time-mean sea ice surface temperature,avg_sitemptop,2,
263007,Time-mean sea ice growth,avg_sigrowth,5,
263008,Time-mean sea ice volume per unit area,avg_sivol,87,
263009,Time-mean snow volume over sea ice per unit area,avg_snvol,87,
263010,Time-mean vertically averaged sea ice temperature,avg_vasit,2,
263011,Time-mean snow temperature over sea ice,avg_sntemp,2,
263012,Time-mean sea ice temperature at the sea ice and snow interface,avg_sisntemp,2,
263013,Time-mean underside ice temperature,avg_usitemp,2,
263014,Time-mean sea ice heat content,avg_sihc,6,
263015,Time-mean snow heat content over sea ice,avg_snhc,6,
263016,Time-mean sea ice freeboard thickness,avg_sifbr,4,
263017,Time-mean sea ice melt pond fraction,avg_sipf,105,
263018,Time-mean sea ice melt pond depth,avg_sipd,4,
263019,Time-mean sea ice melt pond volume per unit area,avg_sipvol,87,
263020,Time-mean sea ice fraction tendency due to parameterization,avg_bckinsic,8,
263021,Time-mean X-component of sea ice velocity,avg_six,5,
263022,Time-mean Y-component of sea ice velocity,avg_siy,5,
263023,Time-mean Sea ice salinity,avg_icesalt,147,
263024,Time-mean sea ice temperature,avg_sit,2,
263025,Time-mean sea ice breakup memory,avg_sibm,106,
263100,Time-mean sea surface practical salinity,avg_sos,147,
263101,Time-mean sea surface temperature,avg_tos,2,
263102,Time-mean depth of 14 C isotherm,avg_t14d,4,
263103,Time-mean depth of 17 C isotherm,avg_t17d,4,
263104,Time-mean depth of 20 C isotherm,avg_t20d,4,
263105,Time-mean depth of 26 C isotherm,avg_t26d,4,
263106,Time-mean depth of 28 C isotherm,avg_t28d,4,
263107,Time-mean barotropic stream function,avg_stfbarot,49,
263108,Time-mean surface downward heat flux,avg_hfds,76,
263109,Time-mean northward surface stress,avg_tauvon,32,
263110,Time-mean eastward surface stress,avg_tauuoe,32,
263111,Time mean Y-component of surface stress,avg_tauvo,32,
263112,Time-mean X-component of surface stress,avg_tauuo,32,
263113,Time-mean ocean mixed layer depth defined by sigma theta 0.01 kg m-3,avg_mlotst010,4,
263114,Time-mean ocean mixed layer depth defined by sigma theta 0.03 kg m-3,avg_mlotst030,4,
263115,Time-mean ocean mixed layer depth defined by sigma theta 0.125 kg m-3,avg_mlotst125,4,
263116,Time-mean ocean mixed layer depth defined by temperature 0.2 C,avg_mlott02,4,
263117,Time-mean ocean mixed layer depth defined by temperature 0.5 C,avg_mlott05,4,
263118,Time-mean average sea water practical salinity in the upper 300 m,avg_sc300m,147,
263119,Time-mean average sea water practical salinity in the upper 700 m,avg_sc700m,147,
263120,Time-mean total column average sea water practical salinity,avg_scbtm,147,
263121,Time-mean vertically-integrated heat content in the upper 300 m,avg_hc300m,6,
263122,Time-mean vertically-integrated heat content in the upper 700 m,avg_hc700m,6,
263123,Time-mean total column heat content,avg_hcbtm,6,
263124,Time-mean sea surface height,avg_zos,4,
263125,Time-mean steric change in sea surface height,avg_stheig,4,
263126,Time-mean halosteric change in sea surface height,avg_hstheig,4,
263127,Time-mean thermosteric change in sea surface height,avg_tstheig,4,
263128,Time-mean thermocline depth,avg_thcline,4,
263129,Time-mean bottom pressure equivalent height,avg_btp,4,
263130,Time-mean net surface upward water flux,avg_swfup,33,
263131,Time-mean fresh water flux into sea water (from rivers),avg_fw2sw,33,
263132,Time-mean virtual salt flux into sea water,avg_vsf2sw,82,
263133,Time-mean heat flux correction,avg_hfcorr,76,
263134,Time-mean fresh water flux correction,avg_fwcorr,33,
263135,Time-mean virtual salt flux correction,avg_vsfcorr,82,
263136,Time-mean turbocline depth (kz=5e-4),avg_turbocl,4,
263137,Time-mean Y-component of surface sea water velocity,avg_svy,5,
263138,Time-mean X-component of surface sea water velocity,avg_svx,5,
263139,Time-mean northward surface sea water velocity,avg_svn,5,
263140,Time-mean eastward surface sea water velocity,avg_sve,5,
263141,Time-mean heat content surface to 26C isotherm,avg_hct26,6,
263142,Time-mean sea surface height tendency due to parameterization,avg_bckineta,5,
263143,Time-mean sea surface height with inverse barometer correction,avg_zosib,4,
263144,Time-mean average sea water potential temperature in the upper 300m,avg_pt300m,2,
263145,Time-mean sea surface salinity,avg_sss,21,
263146,Time-mean vertically integrated sea water practical salinity in the upper 300 m,avg_sc300v,143,
263147,Time-mean vertically integrated sea water practical salinity in the upper 700 m,avg_sc700v,143,
263148,Time-mean total column vertically integrated sea water practical salinity,avg_scbtv,143,
263149,Time-mean sea surface downward short-wave radiation flux,avg_rsdos,76,
263500,Time-mean sea water practical salinity,avg_so,147,
263501,Time-mean sea water potential temperature,avg_thetao,2,
263502,Time-mean sea water sigma theta,avg_sigmat,9,
263503,Time-mean Y-component of sea water velocity,avg_voy,5,
263504,Time-mean X-component of sea water velocity,avg_uox,5,
263505,Time-mean northward sea water velocity,avg_von,5,
263506,Time-mean eastward sea water velocity,avg_uoe,5,
263507,Time-mean upward sea water velocity,avg_wo,5,
263508,Time-mean sea water potential temperature tendency due to newtonian relaxation,avg_thetaodmp,37,
263509,Time-mean sea water salinity tendency due to newtonian relaxation,avg_sodmp,83,
263510,Time-mean sea water temperature tendency due to parameterization,avg_bckint,37,
263511,Time-mean sea water salinity tendency due to parameterization,avg_bckins,83,
263512,Time-mean eastward sea water velocity tendency due to parameterization,avg_bckine,46,
263513,Time-mean northward sea water velocity tendency due to parameterization,avg_bckinn,46,
263514,Time-mean sea water temperature tendency due to direct bias correction,avg_tdbiascorr,37,
263515,Time-mean sea water salinity tendency due to direct bias correction,avg_sdbiascorr,83,
263516,Time-mean sea water salinity,avg_salo,21,
263517,Time-mean northward mass transport,avg_mtn,33,
263518,Time-mean eastward mass transport,avg_mte,33,
263519,Time-mean sea water depth,avg_zo,4,
263520,Time-mean sea water upward mass transport,avg_mtup,33,
263521,Time-mean sea water age since surface contact,avg_agessc,12,
263522,Time-mean sea water downward short-wave radiation flux,avg_rsdo,76,
263523,Time-mean sea water sigma theta relative,avg_sigmatrel,105,
263900,Time-mean net short wave radiation rate at sea surface,avg_ssr_sea,76,
263901,Time-mean wind stress at sea surface,avg_wst_sea,32,
263902,Time-mean wind speed at 10m above sea surface,avg_10ws_sea,5,
263903,Time-mean neutral drag coefficient at 10m above sea surface,avg_10nd_sea,23,
263904,Time-mean total precipitation rate at sea surface,avg_tprate_sea,33,
263905,Time-mean snow precipitation rate at sea surface,avg_snrate_sea,33,
263906,Time-mean eastward component of wind stress over sea ice,avg_ewst_sea,32,
263907,Time-mean northward component of wind stress over sea ice,avg_nwst_sea,32,
263908,Time-mean U-component of wind stress over sea ice,avg_uwst_sea,32,
263909,Time-mean V-component of wind stress over sea ice,avg_vwst_sea,32,
264900,Time-accumulated net short wave radiation at sea surface,acc_ssr_sea,6,
264904,Time-accumulated total precipitation at sea surface,tp_sea,22,
264905,Time-accumulated snow precipitation at sea surface,sn_sea,22,
265000,Time-maximum sea ice thickness,max_sithick,4,
265001,Time-maximum sea ice area fraction,max_siconc,168,
265002,Time-maximum snow thickness over sea ice,max_sisnthick,4,
265003,Time-maximum eastward sea ice velocity,max_siue,5,
265004,Time-maximum northward sea ice velocity,max_sivn,5,
265005,Time-maximum sea ice albedo,max_sialb,168,
265006,Time-maximum sea ice surface temperature,max_sitemptop,2,
265007,Time-maximum sea ice growth,max_sigrowth,5,
265008,Time-maximum sea ice volume per unit area,max_sivol,87,
265009,Time-maximum snow volume over sea ice per unit area,max_snvol,87,
265010,Time-maximum vertically averaged sea ice temperature,max_vasit,2,
265011,Time-maximum snow temperature over sea ice,max_sntemp,2,
265012,Time-maximum sea ice temperature at the sea ice and snow interface,max_sisntemp,2,
265013,Time-maximum underside ice temperature,max_usitemp,2,
265014,Time-maximum sea ice heat content,max_sihc,6,
265015,Time-maximum snow heat content over sea ice,max_snhc,6,
265016,Time-maximum sea ice freeboard thickness,max_sifbr,4,
265017,Time-maximum sea ice melt pond fraction,max_sipf,105,
265018,Time-maximum sea ice melt pond depth,max_sipd,4,
265019,Time-maximum sea ice melt pond volume per unit area,max_sipvol,87,
265020,Time-maximum sea ice fraction tendency due to parameterization,max_bckinsic,8,
265021,Time-maximum X-component of sea ice velocity,max_six,5,
265022,Time-maximum Y-component of sea ice velocity,max_siy,5,
265023,Time-maximum sea ice salinity,max_icesalt,147,
265024,Time-maximum sea ice temperature,max_sit,2,
265025,Time-maximum sea ice breakup memory,max_sibm,106,
265100,Time-maximum sea surface practical salinity,max_sos,147,
265101,Time-maximum sea surface temperature,max_tos,2,
265102,Time-maximum depth of 14 C isotherm,max_t14d,4,
265103,Time-maximum depth of 17 C isotherm,max_t17d,4,
265104,Time-maximum depth of 20 C isotherm,max_t20d,4,
265105,Time-maximum depth of 26 C isotherm,max_t26d,4,
265106,Time-maximum depth of 28 C isotherm,max_t28d,4,
265107,Time-maximum barotropic stream function,max_stfbarot,49,
265108,Time-maximum surface downward heat flux,max_hfds,76,
265109,Time-maximum northward surface stress,max_tauvon,32,
265110,Time-maximum eastward surface stress,max_tauuoe,32,
265111,Time-maximum Y-component of surface stress,max_tauvo,32,
265112,Time-maximum X-component of surface stress,max_tauuo,32,
265113,Time-maximum ocean mixed layer depth defined by sigma theta 0.01 kg m-3,max_mlotst010,4,
265114,Time-maximum ocean mixed layer depth defined by sigma theta 0.03 kg m-3,max_mlotst030,4,
265115,Time-maximum ocean mixed layer depth defined by sigma theta 0.125 kg m-3,max_mlotst125,4,
265116,Time-maximum ocean mixed layer depth defined by temperature 0.2 C,max_mlott02,4,
265117,Time-maximum ocean mixed layer depth defined by temperature 0.5 C,max_mlott05,4,
265118,Time-maximum average sea water practical salinity in the upper 300 m,max_sc300m,147,
265119,Time-maximum average sea water practical salinity in the upper 700 m,max_sc700m,147,
265120,Time-maximum total column average sea water practical salinity,max_scbtm,147,
265121,Time-maximum vertically-integrated heat content in the upper 300 m,max_hc300m,6,
265122,Time-maximum vertically-integrated heat content in the upper 700 m,max_hc700m,6,
265123,Time-maximum total column of heat content,max_hcbtm,6,
265124,Time-maximum sea surface height,max_zos,4,
265125,Time-maximum steric change in sea surface height,max_stheig,4,
265126,Time-maximum halosteric change in sea surface height,max_hstheig,4,
265127,Time-maximum thermosteric change in sea surface height,max_tstheig,4,
265128,Time-maximum thermocline depth,max_thcline,4,
265129,Time-maximum bottom pressure equivalent height,max_btp,4,
265130,Time-maximum net surface upward water flux,max_swfup,33,
265131,Time-maximum fresh water flux into sea water (from rivers),max_fw2sw,33,
265132,Time-maximum virtual salt flux into sea water,max_vsf2sw,82,
265133,Time-maximum heat flux correction,max_hfcorr,76,
265134,Time-maximum fresh water flux correction,max_fwcorr,33,
265135,Time-maximum virtual salt flux correction,max_vsfcorr,82,
265136,Time-maximum turbocline depth (kz=5e-4),max_turbocl,4,
265137,Time-maximum Y-component of surface sea water velocity,max_svy,5,
265138,Time-maximum X-component of surface sea water velocity,max_svx,5,
265139,Time-maximum northward surface sea water velocity,max_svn,5,
265140,Time-maximum eastward surface sea water velocity,max_sve,5,
265141,Time-maximum heat content surface to 26C isotherm,max_hct26,6,
265142,Time-maximum sea surface height tendency due to parameterization,max_bckineta,5,
265143,Time-maximum sea surface height with inverse barometer correction,max_zosib,4,
265144,Time-maximum average sea water potential temperature in the upper 300m,max_pt300m,2,
265145,Time-maximum sea surface salinity,max_sss,21,
265146,Time-maximum vertically integrated sea water practical salinity in the upper 300 m,max_sc300v,143,
265147,Time-maximum vertically integrated sea water practical salinity in the upper 700 m,max_sc700v,143,
265148,Time-maximum total column vertically integrated sea water practical salinity,max_scbtv,143,
265149,Time-maximum sea surface downward short-wave radiation flux,max_rsdos,76,
265500,Time-maximum sea water practical salinity,max_so,147,
265501,Time-maximum sea water potential temperature,max_thetao,2,
265502,Time-maximum sea water sigma theta,max_sigmat,9,
265503,Time-maximum Y-component of sea water velocity,max_voy,5,
265504,Time-maximum X-component of sea water velocity,max_uox,5,
265505,Time-maximum northward sea water velocity,max_von,5,
265506,Time-maximum eastward sea water velocity,max_uoe,5,
265507,Time-maximum upward sea water velocity,max_wo,5,
265508,Time-maximum sea water potential temperature tendency due to newtonian relaxation,max_thetaodmp,37,
265509,Time-maximum sea water salinity tendency due to newtonian relaxation,max_sodmp,83,
265510,Time-maximum sea water temperature tendency due to parameterization,max_bckint,37,
265511,Time-maximum sea water salinity tendency due to parameterization,max_bckins,83,
265512,Time-maximum eastward sea water velocity tendency due to parameterization,max_bckine,46,
265513,Time-maximum northward sea water velocity tendency due to parameterization,max_bckinn,46,
265514,Time-maximum sea water temperature tendency due to direct bias correction,max_tdbiascorr,37,
265515,Time-maximum sea water salinity tendency due to direct bias correction,max_sdbiascorr,83,
265516,Time-maximum sea water salinity,max_salo,21,
265517,Time-maximum northward mass transport,max_mtn,33,
265518,Time-maximum eastward mass transport,max_mte,33,
265519,Time-maximum sea water depth,max_zo,4,
265520,Time-maximum sea water upward mass transport,max_mtup,33,
265521,Time-maximum sea water age since surface contact,max_agessc,12,
265522,Time-maximum sea water downward short-wave radiation flux,max_rsdo,76,
265900,Time-maximum net short wave radiation rate at sea surface,max_ssr_sea,76,
265901,Time-maximum wind stress at sea surface,max_wst_sea,32,
265902,Time-maximum wind speed at 10m above sea surface,max_10ws_sea,5,
265903,Time-maximum neutral drag coefficient at 10m above sea surface,max_10nd_sea,23,
265904,Time-maximum total precipitation rate at sea surface,max_tprate_sea,33,
265905,Time-maximum snow precipitation rate at sea surface,max_snrate_sea,33,
265906,Time-maximum eastward component of wind stress over sea ice,max_ewst_sea,32,
265907,Time-maximum northward component of wind stress over sea ice,max_nwst_sea,32,
265908,Time-maximum U-component of wind stress over sea ice,max_uwst_sea,32,
265909,Time-maximum V-component of wind stress over sea ice,max_vwst_sea,32,
266000,Time-minimum sea ice thickness,min_sithick,4,
266001,Time-minimum sea ice area fraction,min_siconc,168,
266002,Time-minimum snow thickness over sea ice,min_sisnthick,4,
266003,Time-minimum eastward sea ice velocity,min_siue,5,
266004,Time-minimum northward sea ice velocity,min_sivn,5,
266005,Time-minimum sea ice albedo,min_sialb,168,
266006,Time-minimum sea ice surface temperature,min_sitemptop,2,
266007,Time-minimum sea ice growth,min_sigrowth,5,
266008,Time-minimum sea ice volume per unit area,min_sivol,87,
266009,Time-minimum snow volume over sea ice per unit area,min_snvol,87,
266010,Time-minimum vertically averaged sea ice temperature,min_vasit,2,
266011,Time-minimum snow temperature over sea ice,min_sntemp,2,
266012,Time-minimum sea ice temperature at the sea ice and snow interface,min_sisntemp,2,
266013,Time-minimum underside ice temperature,min_usitemp,2,
266014,Time-minimum sea ice heat content,min_sihc,6,
266015,Time-minimum snow heat content over sea ice,min_snhc,6,
266016,Time-minimum sea ice freeboard thickness,min_sifbr,4,
266017,Time-minimum sea ice melt pond fraction,min_sipf,105,
266018,Time-minimum sea ice melt pond depth,min_sipd,4,
266019,Time-minimum sea ice melt pond volume per unit area,min_sipvol,87,
266020,Time-minimum sea ice fraction tendency due to parameterization,min_bckinsic,8,
266021,Time-minimum X-component of sea ice velocity,min_six,5,
266022,Time-minimum Y-component of sea ice velocity,min_siy,5,
266023,Time-minimum  sea ice salinity,min_icesalt,147,
266024,Time-minimum sea ice temperature,min_sit,2,
266025,Time-minimum sea ice breakup memory,min_sibm,106,
266100,Time-minimum sea surface practical salinity,min_sos,147,
266101,Time-minimum sea surface temperature,min_tos,2,
266102,Time-minimum depth of 14 C isotherm,min_t14d,4,
266103,Time-minimum depth of 17 C isotherm,min_t17d,4,
266104,Time-minimum depth of 20 C isotherm,min_t20d,4,
266105,Time-minimum depth of 26 C isotherm,min_t26d,4,
266106,Time-minimum depth of 28 C isotherm,min_t28d,4,
266107,Time-minimum barotropic stream function,min_stfbarot,49,
266108,Time-minimum surface downward heat flux,min_hfds,76,
266109,Time-minimum northward surface stress,min_tauvon,32,
266110,Time-minimum eastward surface stress,min_tauuoe,32,
266111,Time-minimum Y-component of surface stress,min_tauvo,32,
266112,Time-minimum X-component of surface stress,min_tauuo,32,
266113,Time-minimum ocean mixed layer depth defined by sigma theta 0.01 kg m-3,min_mlotst010,4,
266114,Time-minimum ocean mixed layer depth defined by sigma theta 0.03 kg m-3,min_mlotst030,4,
266115,Time-minimum ocean mixed layer depth defined by sigma theta 0.125 kg m-3,min_mlotst125,4,
266116,Time-minimum ocean mixed layer depth defined by temperature 0.2 C,min_mlott02,4,
266117,Time-minimum ocean mixed layer depth defined by temperature 0.5 C,min_mlott05,4,
266118,Time-minimum average sea water practical salinity in the upper 300 m,min_sc300m,147,
266119,Time-minimum average sea water practical salinity in the upper 700 m,min_sc700m,147,
266120,Time-minimum total column average sea water practical salinity,min_scbtm,147,
266121,Time-minimum vertically-integrated heat content in the upper 300 m,min_hc300m,6,
266122,Time-minimum vertically-integrated heat content in the upper 700 m,min_hc700m,6,
266123,Time-minimum total column of heat content,min_hcbtm,6,
266124,Time-minimum sea surface height,min_zos,4,
266125,Time-minimum steric change in sea surface height,min_stheig,4,
266126,Time-minimum halosteric change in sea surface height,min_hstheig,4,
266127,Time-minimum thermosteric change in sea surface height,min_tstheig,4,
266128,Time-minimum thermocline depth,min_thcline,4,
266129,Time-minimum bottom pressure equivalent height,min_btp,4,
266130,Time-minimum net surface upward water flux,min_swfup,33,
266131,Time-minimum fresh water flux into sea water (from rivers),min_fw2sw,33,
266132,Time-minimum virtual salt flux into sea water,min_vsf2sw,82,
266133,Time-minimum heat flux correction,min_hfcorr,76,
266134,Time-minimum fresh water flux correction,min_fwcorr,33,
266135,Time-minimum virtual salt flux correction,min_vsfcorr,82,
266136,Time-minimum turbocline depth (kz=5e-4),min_turbocl,4,
266137,Time-minimum Y-component of surface sea water velocity,min_svy,5,
266138,Time-minimum X-component of surface sea water velocity,min_svx,5,
266139,Time-minimum northward surface sea water velocity,min_svn,5,
266140,Time-minimum eastward surface sea water velocity,min_sve,5,
266141,Time-minimum heat content surface to 26C isotherm,min_hct26,6,
266142,Time-minimum sea surface height tendency due to parameterization,min_bckineta,5,
266143,Time-minimum sea surface height with inverse barometer correction,min_zosib,4,
266144,Time-minimum average sea water potential temperature in the upper 300m,min_pt300m,2,
266145,Time-minimum sea surface salinity,min_sss,21,
266146,Time-minimum vertically integrated sea water practical salinity in the upper 300 m,min_sc300v,143,
266147,Time-minimum vertically integrated sea water practical salinity in the upper 700 m,min_sc700v,143,
266148,Time-minimum total column vertically integrated sea water practical salinity,min_scbtv,143,
266149,Time-minimum sea surface downward short-wave radiation flux,min_rsdos,76,
266500,Time-minimum sea water practical salinity,min_so,147,
266501,Time-minimum sea water potential temperature,min_thetao,2,
266502,Time-minimum sea water sigma theta,min_sigmat,9,
266503,Time-minimum Y-component of sea water velocity,min_voy,5,
266504,Time-minimum X-component of sea water velocity,min_uox,5,
266505,Time-minimum northward sea water velocity,min_von,5,
266506,Time-minimum eastward sea water velocity,min_uoe,5,
266507,Time-minimum upward sea water velocity,min_wo,5,
266508,Time-minimum sea water potential temperature tendency due to newtonian relaxation,min_thetaodmp,37,
266509,Time-minimum sea water salinity tendency due to newtonian relaxation,min_sodmp,83,
266510,Time-minimum sea water temperature tendency due to parameterization,min_bckint,37,
266511,Time-minimum sea water salinity tendency due to parameterization,min_bckins,83,
266512,Time-minimum eastward sea water velocity tendency due to parameterization,min_bckine,46,
266513,Time-minimum northward sea water velocity tendency due to parameterization,min_bckinn,46,
266514,Time-minimum sea water temperature tendency due to direct bias correction,min_tdbiascorr,37,
266515,Time-minimum sea water salinity tendency due to direct bias correction,min_sdbiascorr,83,
266516,Time-minimum sea water salinity,min_salo,21,
266517,Time-minimum northward mass transport,min_mtn,33,
266518,Time-minimum eastward mass transport,min_mte,33,
266519,Time-minimum sea water depth,min_zo,4,
266520,Time-minimum sea water upward mass transport,min_mtup,33,
266521,Time-minimum sea water age since surface contact,min_agessc,12,
266522,Time-minimum sea water downward short-wave radiation flux,min_rsdo,76,
266900,Time-minimum net short wave radiation rate at sea surface,min_ssr_sea,76,
266901,Time-minimum wind stress at sea surface,min_wst_sea,32,
266902,Time-minimum wind speed at 10m above sea surface,min_10ws_sea,5,
266903,Time-minimum neutral drag coefficient at 10m above sea surface,min_10nd_sea,23,
266904,Time-minimum total precipitation rate at sea surface,min_tprate_sea,33,
266905,Time-minimum snow precipitation rate at sea surface,min_snrate_sea,33,
266906,Time-minimum eastward component of wind stress over sea ice,min_ewst_sea,32,
266907,Time-minimum northward component of wind stress over sea ice,min_nwst_sea,32,
266908,Time-minimum U-component of wind stress over sea ice,min_uwst_sea,32,
266909,Time-minimum V-component of wind stress over sea ice,min_vwst_sea,32,
267000,Time-standard-deviation sea ice thickness,std_sithick,4,
267001,Time-standard-deviation sea ice area fraction,std_siconc,168,
267002,Time-standard-deviation snow thickness over sea ice,std_sisnthick,4,
267003,Time-standard-deviation eastward sea ice velocity,std_siue,5,
267004,Time-standard-deviation northward sea ice velocity,std_sivn,5,
267005,Time-standard-deviation sea ice albedo,std_sialb,168,
267006,Time-standard-deviation sea ice surface temperature,std_sitemptop,2,
267007,Time-standard-deviation sea ice growth,std_sigrowth,5,
267008,Time-standard-deviation sea ice volume per unit area,std_sivol,87,
267009,Time-standard-deviation snow volume over sea ice per unit area,std_snvol,87,
267010,Time-standard-deviation vertically averaged sea ice temperature,std_vasit,2,
267011,Time-standard-deviation snow temperature over sea ice,std_sntemp,2,
267012,Time-standard-deviation sea ice temperature at the sea ice and snow interface,std_sisntemp,2,
267013,Time-standard-deviation underside ice temperature,std_usitemp,2,
267014,Time-standard-deviation sea ice heat content,std_sihc,6,
267015,Time-standard-deviation snow heat content over sea ice,std_snhc,6,
267016,Time-standard-deviation sea ice freeboard thickness,std_sifbr,4,
267017,Time-standard-deviation sea ice melt pond fraction,std_sipf,105,
267018,Time-standard-deviation sea ice melt pond depth,std_sipd,4,
267019,Time-standard-deviation sea ice melt pond volume per unit area,std_sipvol,87,
267020,Time-standard-deviation sea ice fraction tendency due to parameterization,std_bckinsic,8,
267021,Time-standard-deviation X-component of sea ice velocity,std_six,5,
267022,Time-standard-deviation Y-component of sea ice velocity,std_siy,5,
267023,Time-standard-deviation sea ice salinity,std_icesalt,147,
267024,Time-standard-deviation sea ice temperature,std_sit,2,
267025,Time-standard-deviation sea ice breakup memory,std_sibm,106,
267100,Time-standard-deviation sea surface practical salinity,std_sos,147,
267101,Time-standard-deviation sea surface temperature,std_tos,2,
267102,Time-standard-deviation depth of 14 C isotherm,std_t14d,4,
267103,Time-standard-deviation depth of 17 C isotherm,std_t17d,4,
267104,Time-standard-deviation depth of 20 C isotherm,std_t20d,4,
267105,Time-standard-deviation depth of 26 C isotherm,std_t26d,4,
267106,Time-standard-deviation depth of 28 C isotherm,std_t28d,4,
267107,Time-standard-deviation barotropic stream function,std_stfbarot,49,
267108,Time-standard-deviation surface downward heat flux,std_hfds,76,
267109,Time-standard-deviation northward surface stress,std_tauvon,32,
267110,Time-standard-deviation eastward surface stress,std_tauuoe,32,
267111,Time-standard-deviation Y-component of surface stress,std_tauvo,32,
267112,Time-standard-deviation X-component of surface stress,std_tauuo,32,
267113,Time-standard-deviation ocean mixed layer depth defined by sigma theta 0.01 kg m-3,std_mlotst010,4,
267114,Time-standard-deviation ocean mixed layer depth defined by sigma theta 0.03 kg m-3,std_mlotst030,4,
267115,Time-standard-deviation ocean mixed layer depth defined by sigma theta 0.125 kg m-3,std_mlotst125,4,
267116,Time-standard-deviation ocean mixed layer depth defined by temperature 0.2 C,std_mlott02,4,
267117,Time-standard-deviation ocean mixed layer depth defined by temperature 0.5 C,std_mlott05,4,
267118,Time-standard-deviation average sea water practical salinity in the upper 300 m,std_sc300m,147,
267119,Time-standard-deviation average sea water practical salinity in the upper 700 m,std_sc700m,147,
267120,Time-standard-deviation total column average sea water practical salinity,std_scbtm,147,
267121,Time-standard-deviation vertically-integrated heat content in the upper 300 m,std_hc300m,6,
267122,Time-standard-deviation vertically-integrated heat content in the upper 700 m,std_hc700m,6,
267123,Time-standard-deviation total column of heat content,std_hcbtm,6,
267124,Time-standard-deviation sea surface height,std_zos,4,
267125,Time-standard-deviation steric change in sea surface height,std_stheig,4,
267126,Time-standard-deviation halosteric change in sea surface height,std_hstheig,4,
267127,Time-standard-deviation thermosteric change in sea surface height,std_tstheig,4,
267128,Time-standard-deviation thermocline depth,std_thcline,4,
267129,Time-standard-deviation bottom pressure equivalent height,std_btp,4,
267130,Time-standard-deviation net surface upward water flux,std_swfup,33,
267131,Time-standard-deviation fresh water flux into sea water (from rivers),std_fw2sw,33,
267132,Time-standard-deviation virtual salt flux into sea water,std_vsf2sw,82,
267133,Time-standard-deviation heat flux correction,std_hfcorr,76,
267134,Time-standard-deviation fresh water flux correction,std_fwcorr,33,
267135,Time-standard-deviation virtual salt flux correction,std_vsfcorr,82,
267136,Time-standard-deviation turbocline depth (kz=5e-4),std_turbocl,4,
267137,Time-standard-deviation Y-component of surface sea water velocity,std_svy,5,
267138,Time-standard-deviation X-component of surface sea water velocity,std_svx,5,
267139,Time-standard-deviation northward surface sea water velocity,std_svn,5,
267140,Time-standard-deviation eastward surface sea water velocity,std_sve,5,
267141,Time-standard-deviation heat content surface to 26C isotherm,std_hct26,6,
267142,Time-standard-deviation sea surface height tendency due to parameterization,std_bckineta,5,
267143,Time-standard-deviation sea surface height with inverse barometer correction,std_zosib,4,
267144,Time-standard-deviation average sea water potential temperature in the upper 300m,std_pt300m,2,
267145,Time-standard-deviation sea surface salinity,std_sss,21,
267146,Time-standard-deviation vertically integrated sea water practical salinity in the upper 300 m,std_sc300v,143,
267147,Time-standard-deviation vertically integrated sea water practical salinity in the upper 700 m,std_sc700v,143,
267148,Time-standard-deviation total column vertically integrated sea water practical salinity,std_scbtv,143,
267149,Time-standard-deviation sea surface downward short-wave radiation flux,std_rsdos,76,
267500,Time-standard-deviation sea water practical salinity,std_so,147,
267501,Time-standard-deviation sea water potential temperature,std_thetao,2,
267502,Time-standard-deviation sea water sigma theta,std_sigmat,9,
267503,Time-standard-deviation Y-component of sea water velocity,std_voy,5,
267504,Time-standard-deviation X-component of sea water velocity,std_uox,5,
267505,Time-standard-deviation northward sea water velocity,std_von,5,
267506,Time-standard-deviation eastward sea water velocity,std_uoe,5,
267507,Time-standard-deviation upward sea water velocity,std_wo,5,
267508,Time-standard-deviation sea water potential temperature tendency due to newtonian relaxation,std_thetaodmp,37,
267509,Time-standard-deviation sea water salinity tendency due to newtonian relaxation,std_sodmp,83,
267510,Time-standard-deviation sea water temperature tendency due to parameterization,std_bckint,37,
267511,Time-standard-deviation sea water salinity tendency due to parameterization,std_bckins,83,
267512,Time-standard-deviation eastward sea water velocity tendency due to parameterization,std_bckine,46,
267513,Time-standard-deviation northward sea water velocity tendency due to parameterization,std_bckinn,46,
267514,Time-standard-deviation sea water temperature tendency due to direct bias correction,std_tdbiascorr,37,
267515,Time-standard-deviation sea water salinity tendency due to direct bias correction,std_sdbiascorr,83,
267516,Time-standard-deviation sea water salinity,std_salo,21,
267517,Time-standard-deviation northward mass transport,std_mtn,33,
267518,Time-standard-deviation eastward mass transport,std_mte,33,
267519,Time-standard-deviation sea water depth,std_zo,4,
267520,Time-standard-deviation sea water upward mass transport,std_mtup,33,
267521,Time-standard-deviation sea water age since surface contact,std_agessc,12,
267522,Time-standard-deviation sea water downward short-wave radiation flux,std_rsdo,76,
267900,Time-standard-deviation net short wave radiation rate at sea surface,std_ssr_sea,76,
267901,Time-standard-deviation wind stress at sea surface,std_wst_sea,32,
267902,Time-standard-deviation wind speed at 10m above sea surface,std_10ws_sea,5,
267903,Time-standard-deviation neutral drag coefficient at 10m above sea surface,std_10nd_sea,23,
267904,Time-standard-deviation total precipitation rate at sea surface,std_tprate_sea,33,
267905,Time-standard-deviation snow precipitation rate at sea surface,std_snrate_sea,33,
267906,Time-standard-deviation eastward component of wind stress over sea ice,std_ewst_sea,32,
267907,Time-standard-deviation northward component of wind stress over sea ice,std_nwst_sea,32,
267908,Time-standard-deviation U-component of wind stress over sea ice,std_uwst_sea,32,
267909,Time-standard-deviation V-component of wind stress over sea ice,std_vwst_sea,32,
300001,Pressure,pres,196,
300002,Pressure reduced to msl,psnm,196,
300003,Pressure tendency,tsps,26,
300006,Geopotential,geop,195,
300007,Geopotential height,zgeo,28,
300008,Geometric height,gzge,4,
300011,Absolute temperature,temp,2,
300012,Virtual temperature,vtmp,2,
300013,Potential temperature,ptmp,2,
300014,Pseudo-adiabatic potential temperature,psat,2,
300015,Maximum temperature,mxtp,2,
300016,Minimum temperature,mntp,2,
300017,Dew point temperature,tpor,2,
300018,Dew point depression,dptd,2,
300019,Lapse rate,lpsr,190,
300021,Radar spectra(1),rds1,23,
300022,Radar spectra(2),rds2,23,
300023,Radar spectra(3),rds3,23,
300025,Temperature anomaly,tpan,2,
300026,Pressure anomaly,psan,191,
300027,Geopot height anomaly,zgan,4,
300028,Wave spectra(1),wvs1,23,
300029,Wave spectra(2),wvs2,23,
300030,Wave spectra(3),wvs3,23,
300031,Wind direction,wind,148,
300032,Wind speed,wins,5,
300033,Zonal wind (u),uvel,5,
300034,Meridional wind (v),vvel,5,
300035,Stream function,fcor,1,
300036,Velocity potential,potv,1,
300038,Sigma coord vert vel,sgvv,204,
300039,Omega,omeg,26,
300040,Vertical velocity,omg2,5,
300041,Absolute vorticity,abvo,188,
300042,Absolute divergence,abdv,188,
300043,Vorticity,vort,8,
300044,Divergence,divg,8,
300045,Vertical u-comp shear,vucs,8,
300046,Vert v-comp shear,vvcs,8,
300047,Direction of current,dirc,148,
300048,Speed of current,spdc,5,
300049,U-component of current,ucpc,5,
300050,V-component of current,vcpc,5,
300051,Specific humidity,umes,21,
300052,Relative humidity,umrl,7,
300053,Humidity mixing ratio,hmxr,21,
300054,Inst. precipitable water,agpl,22,
300055,Vapour pressure,vapp,191,
300056,Saturation deficit,sadf,191,
300057,Evaporation,evap,198,
300059,Precipitation rate,prcr,198,
300060,Thunder probability,thpb,29,
300061,Total precipitation,prec,198,
300062,Large scale precipitation,prge,198,
300063,Convective precipitation,prcv,198,
300064,Snowfall,neve,198,
300065,Wat equiv acc snow depth,wenv,22,
300066,Snow depth,nvde,194,
300067,Mixed layer depth,mxld,200,
300068,Trans thermocline depth,tthd,200,
300069,Main thermocline depth,mthd,200,
300070,Main thermocline anom,mtha,200,
300071,Cloud cover,cbnv,3,
300072,Convective cloud cover,cvnv,3,
300073,Low cloud cover,lwnv,3,
300074,Medium cloud cover,mdnv,3,
300075,High cloud cover,hinv,3,
300076,Cloud water,wtnv,22,
300077,Best lifted index (to 500 hpa),bli,2,
300081,Land sea mask,lsmk,3,
300082,Dev sea_lev from mean,dslm,4,
300083,Roughness length,zorl,4,
300084,Albedo,albe,29,
300085,Deep soil temperature,dstp,2,
300086,Soil moisture content,soic,22,
300087,Vegetation,vege,29,
300089,Density,dens,9,
300091,Ice concentration,icec,168,
300092,Ice thickness,icet,4,
300093,Direction of ice drift,iced,148,
300094,Speed of ice drift,ices,5,
300095,U-comp of ice drift,iceu,5,
300096,V-comp of ice drift,icev,5,
300097,Ice growth,iceg,4,
300098,Ice divergence,icdv,204,
300100,Sig hgt com wave/swell,shcw,4,
300101,Direction of wind wave,wwdi,148,
300102,Sig hght of wind waves,wwsh,4,
300103,Mean period wind waves,wwmp,12,
300104,Direction of swell wave,swdi,148,
300105,Sig height swell waves,swsh,4,
300106,Mean period swell waves,swmp,12,
300107,Primary wave direction,prwd,148,
300108,Prim wave mean period,prmp,12,
300109,Second wave direction,swdi,148,
300110,Second wave mean period,swmp,12,
300111,Short wave absorbed at ground,ocas,76,
300112,Net long wave at bottom,slds,76,
300113,Net short-wav rad(top),nswr,76,
300114,Outgoing long wave at top,role,76,
300115,Long-wav rad,lwrd,76,
300116,Short wave absorbed by earth/atmosphere,swea,76,
300117,Global radiation,glbr,76,
300121,Latent heat flux from surface,clsf,76,
300122,Sensible heat flux from surface,cssf,76,
300123,Bound layer dissipation,blds,76,
300127,Image,imag,197,
300128,2 metre temperature,tp2m,2,
300129,2 metre dewpoint temperature,dp2m,2,
300130,10 metre u-wind component,u10m,5,
300131,10 metre v-wind component,v10m,5,
300132,Topography,topo,4,
300133,Geometric mean surface pressure,gsfp,196,
300134,Ln surface pressure,lnsp,196,
300135,Surface pressure,pslc,196,
300136,M s l pressure (mesinger method),pslm,196,
300137,Mask,mask,206,
300138,Maximum u-wind,mxwu,5,
300139,Maximum v-wind,mxwv,5,
300140,Convective avail. pot.energy,cape,202,
300141,Convective inhib. energy,cine,202,
300142,Convective latent heating,lhcv,189,
300143,Convective moisture source,mscv,8,
300144,Shallow conv. moisture source,scvm,8,
300145,Shallow convective heating,scvh,189,
300146,Maximum wind press. lvl,mxwp,196,
300147,Storm motion u-component,ustr,5,
300148,Storm motion v-component,vstr,5,
300149,Mean cloud cover,cbnt,3,
300150,Pressure at cloud base,pcbs,196,
300151,Pressure at cloud top,pctp,196,
300152,Freezing level height,fzht,4,
300153,Freezing level relative humidity,fzrh,29,
300154,Flight levels temperature,fdlt,2,
300155,Flight levels u-wind,fdlu,5,
300156,Flight levels v-wind,fdlv,5,
300157,Tropopause pressure,tppp,196,
300158,Tropopause temperature,tppt,2,
300159,Tropopause u-wind component,tppu,5,
300160,Tropopause v-wind component,tppv,5,
300162,Gravity wave drag du/dt,gvdu,201,
300163,Gravity wave drag dv/dt,gvdv,201,
300164,Gravity wave drag sfc zonal stress,gvus,16,
300165,Gravity wave drag sfc meridional stress,gvvs,16,
300167,Divergence of specific humidity,dvsh,8,
300168,Horiz. moisture flux conv.,hmfc,8,
300169,Vert. integrated moisture flux conv.,vmfl,33,
300170,Vertical moisture advection,vadv,39,
300171,Neg. hum. corr. moisture source,nhcm,39,
300172,Large scale latent heating,lglh,189,
300173,Large scale moisture source,lgms,8,
300174,Soil moisture availability,smav,3,
300175,Soil temperature of root zone,tgrz,2,
300176,Bare soil latent heat,bslh,192,
300177,Potential sfc evaporation,evpp,4,
300178,Runoff,rnof,33,
300179,Interception loss,pitp,76,
300180,Vapor pressure of canopy air space,vpca,203,
300181,Surface spec humidity,qsfc,21,
300182,Soil wetness of surface,ussl,3,
300183,Soil wetness of root zone,uzrs,3,
300184,Soil wetness of drainage zone,uzds,3,
300185,Storage on canopy,amdl,4,
300186,Storage on ground,amsl,4,
300187,Surface temperature,tsfc,2,
300188,Surface absolute temperature,tems,2,
300189,Temperature of canopy air space,tcas,2,
300190,Temperature at canopy,ctmp,2,
300191,Ground/surface cover temperature,tgsc,2,
300192,Surface zonal wind (u),uves,5,
300193,Surface zonal wind stress,usst,16,
300194,Surface meridional wind (v),vves,5,
300195,Surface meridional wind stress,vsst,16,
300196,Surface momentum flux,suvf,76,
300197,Incident short wave flux,iswf,76,
300198,Time ave ground ht flx,ghfl,76,
300200,Net long wave at bottom (clear),lwbc,76,
300201,Outgoing long wave at top (clear),lwtc,76,
300202,Short wv absrbd by earth/atmos (clear),swec,76,
300203,Short wave absorbed at ground (clear),ocac,76,
300205,Long wave radiative heating,lwrh,189,
300206,Short wave radiative heating,swrh,189,
300207,Downward long wave at bottom,olis,76,
300208,Downward long wave at bottom (clear),olic,76,
300209,Downward short wave at ground,ocis,76,
300210,Downward short wave at ground (clear),ocic,76,
300211,Upward long wave at bottom,oles,76,
300212,Upward short wave at ground,oces,76,
300213,Upward short wave at ground (clear),swgc,76,
300214,Upward short wave at top,roce,76,
300215,Upward short wave at top (clear),swtc,76,
300218,Horizontal heating diffusion,hhdf,189,
300219,Horizontal moisture diffusion,hmdf,8,
300220,Horizontal divergence diffusion,hddf,205,
300221,Horizontal vorticity diffusion,hvdf,205,
300222,Vertical diff. moisture source,vdms,8,
300223,Vertical diffusion du/dt,vdfu,201,
300224,Vertical diffusion dv/dt,vdfv,201,
300225,Vertical diffusion heating,vdfh,189,
300226,Surface relative humidity,umrs,7,
300227,Vertical dist total cloud cover,vdcc,7,
300230,Time mean surface zonal wind (u),usmt,5,
300231,Time mean surface meridional wind (v),vsmt,5,
300232,Time mean surface absolute temperature,tsmt,2,
300233,Time mean surface relative humidity,rsmt,7,
300234,Time mean absolute temperature,atmt,2,
300235,Time mean deep soil temperature,stmt,2,
300236,Time mean derived omega,ommt,26,
300237,Time mean divergence,dvmt,8,
300238,Time mean geopotential height,zhmt,4,
300239,Time mean log surface pressure,lnmt,199,
300240,Time mean mask,mkmt,206,
300241,Time mean meridional wind (v),vvmt,5,
300242,Time mean omega,omtm,193,
300243,Time mean potential temperature,ptmt,2,
300244,Time mean precip. water,pcmt,22,
300245,Time mean relative humidity,rhmt,29,
300246,Time mean sea level pressure,mpmt,196,
300247,Time mean sigmadot,simt,8,
300248,Time mean specific humidity,uemt,21,
300249,Time mean stream function,fcmt,1,
300250,Time mean surface pressure,psmt,196,
300251,Time mean surface temperature,tmmt,2,
300252,Time mean velocity potential,pvmt,1,
300253,Time mean virtual temperature,tvmt,2,
300254,Time mean vorticity,vtmt,8,
300255,Time mean zonal wind (u),uvmt,5,
400000,Mass density,mdens,9,
400001,Time-mean mass density,avg_mdens,9,
400003,Time-maximum mass density,max_mdens,9,
400004,Time-minimum mass density,min_mdens,9,
400005,Time-standard-deviation mass density,std_mdens,9,
401000,Total column vertically-integrated mass density,tcvimd,22,
401001,Time-mean total column vertically-integrated mass density,avg_tcvimd,22,
401003,Time-maximum total column vertically-integrated mass density,max_tcvimd,22,
401004,Time-minimum total column vertically-integrated mass density,min_tcvimd,22,
401005,Time-standard-deviation total column vertically-integrated mass density,std_tcvimd,22,
402000,Mass mixing ratio,mass_mixrat,21,
402001,Time-mean mass mixing ratio,avg_mass_mixrat,21,
402003,Time-maximum mass mixing ratio,max_mass_mixrat,21,
402004,Time-minimum mass mixing ratio,min_mass_mixrat,21,
402005,Time-standard-deviation mass mixing ratio,std_mass_mixrat,21,
403000,Emission mass flux,emi_mflx,33,
403001,Time-mean emission mass flux,avg_emi_mflx,33,
403003,Time-maximum emission mass flux,max_emi_mflx,33,
403004,Time-minimum emission mass flux,min_emi_mflx,33,
403005,Time-standard-deviation emission mass flux,std_emi_mflx,33,
404000,Dry deposition velocity,drydep_vel,5,
404001,Time-mean dry deposition velocity,avg_drydep_vel,5,
404003,Time-maximum dry deposition velocity,max_drydep_vel,5,
404004,Time-minimum dry deposition velocity,min_drydep_vel,5,
404005,Time-standard-deviation dry deposition velocity,std_drydep_vel,5,
405000,Wet deposition mass flux,wetdep_mflx,33,
405001,Time-mean wet deposition mass flux,avg_wetdep_mflx,33,
405003,Time-maximum wet deposition mass flux,max_wetdep_mflx,33,
405004,Time-minimum wet deposition mass flux,min_wetdep_mflx,33,
405005,Time-standard-deviation wet deposition mass flux,std_wetdep_mflx,33,
406000,Dry deposition mass flux,drydep_mflx,33,
406001,Time-mean dry deposition mass flux,avg_drydep_mflx,33,
406003,Time-maximum dry deposition mass flux,max_drydep_mflx,33,
406004,Time-minimum dry deposition mass flux,min_drydep_mflx,33,
406005,Time-standard-deviation dry deposition mass flux,std_drydep_mflx,33,
407000,Sedimentation mass flux,sed_mflx,33,
407001,Time-mean sedimentation mass flux,avg_sed_mflx,33,
407003,Time-maximum sedimentation mass flux,max_sed_mflx,33,
407004,Time-minimum sedimentation mass flux,min_sed_mflx,33,
407005,Time-standard-deviation sedimentation mass flux,std_sed_mflx,33,
408000,Volume mixing ratio,vol_mixrat,13,
408001,Time-mean volume mixing ratio,avg_vol_mixrat,13,
408003,Time-maximum volume mixing ratio,max_vol_mixrat,13,
408004,Time-minimum volume mixing ratio,min_vol_mixrat,13,
408005,Time-standard-deviation volume mixing ratio,std_vol_mixrat,13,
409000,Volume-mean total column mixing ratio,vm_tc_vol_mixrat,13,
409001,Time-mean volume-mean total column mixing ratio,avg_vm_tc_vol_mixrat,13,
409003,Time-maximum volume-mean total column mixing ratio,max_vm_tc_vol_mixrat,13,
409004,Time-minimum volume-mean total column mixing ratio,min_vm_tc_vol_mixrat,13,
409005,Time-standard-deviation volume-mean total column mixing ratio,std_vm_tc_vol_mixrat,13,
410000,Wet deposition mass flux by large-scale precipitation,wetdep_mflx_lsp,33,
410001,Time-mean wet deposition mass flux by large-scale precipitation,avg_wetdep_mflx_lsp,33,
410003,Time-maximum wet deposition mass flux by large-scale precipitation,max_wetdep_mflx_lsp,33,
410004,Time-minimum wet deposition mass flux by large-scale precipitation,min_wetdep_mflx_lsp,33,
410005,Time-standard-deviation wet deposition mass flux by large-scale precipitation,std_wetdep_mflx_lsp,33,
411000,Wet deposition mass flux by convective precipitation,wetdep_mflx_cp,33,
411001,Time-mean wet deposition mass flux by convective precipitation,avg_wetdep_mflx_cp,33,
411003,Time-maximum wet deposition mass flux by convective precipitation,max_wetdep_mflx_cp,33,
411004,Time-minimum wet deposition mass flux by convective precipitation,min_wetdep_mflx_cp,33,
411005,Time-standard-deviation wet deposition mass flux by convective precipitation,std_wetdep_mflx_cp,33,
412000,Emission mass flux from vegetation,emi_mflx_veg,33,
412001,Time-mean emission mass flux from vegetation,avg_emi_mflx_veg,33,
412003,Time-maximum emission mass flux from vegetation,max_emi_mflx_veg,33,
412004,Time-minimum emission mass flux from vegetation,min_emi_mflx_veg,33,
412005,Time-standard-deviation emission mass flux from vegetation,std_emi_mflx_veg,33,
413000,Emission mass flux from natural sources,emi_mflx_natsrc,33,
413001,Time-mean emission mass flux from natural sources,avg_emi_mflx_natsrc,33,
413003,Time-maximum emission mass flux from natural sources,max_emi_mflx_natsrc,33,
413004,Time-minimum emission mass flux from natural sources,min_emi_mflx_natsrc,33,
413005,Time-standard-deviation emission mass flux from natural sources,std_emi_mflx_natsrc,33,
414000,Emission mass flux from anthropogenic sources,emi_mflx_antsrc,33,
414001,Time-mean emission mass flux from anthropogenic sources,avg_emi_mflx_antsrc,33,
414003,Time-maximum emission mass flux from anthropogenic sources,max_emi_mflx_antsrc,33,
414004,Time-minimum emission mass flux from anthropogenic sources,min_emi_mflx_antsrc,33,
414005,Time-standard-deviation emission mass flux from anthropogenic sources,std_emi_mflx_antsrc,33,
415000,Emission mass flux from elevated anthropogenic sources,emi_mflx_elevantsrc,33,
415001,Time-mean emission mass flux from elevated anthropogenic sources,avg_emi_mflx_elevantsrc,33,
415003,Time-maximum emission mass flux from elevated anthropogenic sources,max_emi_mflx_elevantsrc,33,
415004,Time-minimum emission mass flux from elevated anthropogenic sources,min_emi_mflx_elevantsrc,33,
415005,Time-standard-deviation emission mass flux from elevated anthropogenic sources,std_emi_mflx_elevantsrc,33,
416000,Emission mass flux from surface anthropogenic sources,emi_mflx_sfcantsrc,33,
416001,Time-mean emission mass flux from surface anthropogenic sources,avg_emi_mflx_sfcantsrc,33,
416003,Time-maximum emission mass flux from surface anthropogenic sources,max_emi_mflx_sfcantsrc,33,
416004,Time-minimum emission mass flux from surface anthropogenic sources,min_emi_mflx_sfcantsrc,33,
416005,Time-standard-deviation emission mass flux from surface anthropogenic sources,std_emi_mflx_sfcantsrc,33,
417000,Emission mass flux from biomass burning,emi_mflx_biomburn,33,
417001,Time-mean emission mass flux from biomass burning,avg_emi_mflx_biomburn,33,
417003,Time-maximum emission mass flux from biomass burning,max_emi_mflx_biomburn,33,
417004,Time-minimum emission mass flux from biomass burning,min_emi_mflx_biomburn,33,
417005,Time-standard-deviation emission mass flux from biomass burning,std_emi_mflx_biomburn,33,
418000,Emission from aviation,emi_mflx_aviation,33,
418001,Time-mean emission from aviation,avg_emi_mflx_aviation,33,
418003,Time-maximum emission from aviation,max_emi_mflx_aviation,33,
418004,Time-minimum emission from aviation,min_emi_mflx_aviation,33,
418005,Time-standard-deviation emission from aviation,std_emi_mflx_aviation,33,
419000,Emission mass flux from agriculture livestock,emi_mflx_agriliv,33,
419001,Time-mean emission mass flux from agriculture livestock,avg_emi_mflx_agriliv,33,
419003,Time-maximum emission mass flux from agriculture livestock,max_emi_mflx_agriliv,33,
419004,Time-minimum emission mass flux from agriculture livestock,min_emi_mflx_agriliv,33,
419005,Time-standard-deviation emission mass flux from agriculture livestock,std_emi_mflx_agriliv,33,
420000,Emission mass flux from agriculture soils,emi_mflx_agrisol,33,
420001,Time-mean emission mass flux from agriculture soils,avg_emi_mflx_agrisol,33,
420003,Time-maximum emission mass flux from agriculture soils,max_emi_mflx_agrisol,33,
420004,Time-minimum emission mass flux from agriculture soils,min_emi_mflx_agrisol,33,
420005,Time-standard-deviation emission mass flux from agriculture soils,std_emi_mflx_agrisol,33,
421000,Emission mass flux from agricultural waste burning,emi_mflx_agriwasburn,33,
421001,Time-mean emission mass flux from agricultural waste burning,avg_emi_mflx_agriwasburn,33,
421003,Time-maximum emission mass flux from agricultural waste burning,max_emi_mflx_agriwasburn,33,
421004,Time-minimum emission mass flux from agricultural waste burning,min_emi_mflx_agriwasburn,33,
421005,Time-standard-deviation emission mass flux from agricultural waste burning,std_emi_mflx_agriwasburn,33,
422000,"Emission mass flux from residential, commercial and other combustion",emi_mflx_rescomb,33,
422001,"Time-mean emission mass flux from residential, commercial and other combustion",avg_emi_mflx_rescomb,33,
422003,"Time-maximum emission mass flux from residential, commercial and other combustion",max_emi_mflx_rescomb,33,
422004,"Time-minimum emission mass flux from residential, commercial and other combustion",min_emi_mflx_rescomb,33,
422005,"Time-standard-deviation emission mass flux from residential, commercial and other combustion",std_emi_mflx_rescomb,33,
423000,Emission mass flux from power generation,emi_mflx_powgen,33,
423001,Time-mean emission mass flux from power generation,avg_emi_mflx_powgen,33,
423003,Time-maximum emission mass flux from power generation,max_emi_mflx_powgen,33,
423004,Time-minimum emission mass flux from power generation,min_emi_mflx_powgen,33,
423005,Time-standard-deviation emission mass flux from power generation,std_emi_mflx_powgen,33,
424000,Emission mass flux from fugitives,emi_mflx_fug,33,
424001,Time-mean emission mass flux from fugitives,avg_emi_mflx_fug,33,
424003,Time-maximum emission mass flux from fugitives,max_emi_mflx_fug,33,
424004,Time-minimum emission mass flux from fugitives,min_emi_mflx_fug,33,
424005,Time-standard-deviation emission mass flux from fugitives,std_emi_mflx_fug,33,
425000,Emission mass flux from industrial process,emi_mflx_indproc,33,
425001,Time-mean emission mass flux from industrial process,avg_emi_mflx_indproc,33,
425003,Time-maximum emission mass flux from industrial process,max_emi_mflx_indproc,33,
425004,Time-minimum emission mass flux from industrial process,min_emi_mflx_indproc,33,
425005,Time-standard-deviation emission mass flux from industrial process,std_emi_mflx_indproc,33,
426000,Emission mass flux from solvents,emi_mflx_solv,33,
426001,Time-mean emission mass flux from solvents,avg_emi_mflx_solv,33,
426003,Time-maximum emission mass flux from solvents,max_emi_mflx_solv,33,
426004,Time-minimum emission mass flux from solvents,min_emi_mflx_solv,33,
426005,Time-standard-deviation emission mass flux from solvents,std_emi_mflx_solv,33,
427000,Emission mass flux from ships,emi_mflx_shp,33,
427001,Time-mean emission mass flux from ships,avg_emi_mflx_shp,33,
427003,Time-maximum emission mass flux from ships,max_emi_mflx_shp,33,
427004,Time-minimum emission mass flux from ships,min_emi_mflx_shp,33,
427005,Time-standard-deviation emission mass flux from ships,std_emi_mflx_shp,33,
428000,Emission mass flux from wastes (solid and water),emi_mflx_wastes,33,
428001,Time-mean emission mass flux from wastes (solid and water),avg_emi_mflx_wastes,33,
428003,Time-maximum emission mass flux from wastes (solid and water),max_emi_mflx_wastes,33,
428004,Time-minimum emission mass flux from wastes (solid and water),min_emi_mflx_wastes,33,
428005,Time-standard-deviation emission mass flux from wastes (solid and water),std_emi_mflx_wastes,33,
429000,Emission mass flux from off-road transportation,emi_mflx_offrdtrans,33,
429001,Time-mean emission mass flux from off-road transportation,avg_emi_mflx_offrdtrans,33,
429003,Time-maximum emission mass flux from off-road transportation,max_emi_mflx_offrdtrans,33,
429004,Time-minimum emission mass flux from off-road transportation,min_emi_mflx_offrdtrans,33,
429005,Time-standard-deviation emission mass flux from off-road transportation,std_emi_mflx_offrdtrans,33,
430000,Emission mass flux from road transportation,emi_mflx_rdtrans,33,
430001,Time-mean emission mass flux from road transportation,avg_emi_mflx_rdtrans,33,
430003,Time-maximum emission mass flux from road transportation,max_emi_mflx_rdtrans,33,
430004,Time-minimum emission mass flux from road transportation,min_emi_mflx_rdtrans,33,
430005,Time-standard-deviation emission mass flux from road transportation,std_emi_mflx_rdtrans,33,
431000,Emission mass flux from super power stations,emi_mflx_suppowstn,33,
431001,Time-mean emission mass flux from super power stations,avg_emi_mflx_suppowstn,33,
431003,Time-maximum emission mass flux from super power stations,max_emi_mflx_suppowstn,33,
431004,Time-minimum emission mass flux from super power stations,min_emi_mflx_suppowstn,33,
431005,Time-standard-deviation emission mass flux from super power stations,std_emi_mflx_suppowstn,33,
432000,Emission mass flux from settlements,emi_mflx_settl,33,
432001,Time-mean emission mass flux from settlements,avg_emi_mflx_settl,33,
432003,Time-maximum emission mass flux from settlements,max_emi_mflx_settl,33,
432004,Time-minimum emission mass flux from settlements,min_emi_mflx_settl,33,
432005,Time-standard-deviation emission mass flux from settlements,std_emi_mflx_settl,33,
433000,Emission mass flux from volcanoes,emi_mflx_vol,33,
433001,Time-mean emission mass flux from volcanoes,avg_emi_mflx_vol,33,
433003,Time-maximum emission mass flux from volcanoes,max_emi_mflx_vol,33,
433004,Time-minimum emission mass flux from volcanoes,min_emi_mflx_vol,33,
433005,Time-standard-deviation emission mass flux from volcanoes,std_emi_mflx_vol,33,
434000,Emission mass flux from wetlands,emi_mflx_wetl,33,
434001,Time-mean emission mass flux from wetlands,avg_emi_mflx_wetl,33,
434003,Time-maximum emission mass flux from wetlands,max_emi_mflx_wetl,33,
434004,Time-minimum emission mass flux from wetlands,min_emi_mflx_wetl,33,
434005,Time-standard-deviation emission mass flux from wetlands,std_emi_mflx_wetl,33,
435000,Net ecosystem exchange flux,neef,33,
435001,Mean net ecosystem exchange flux,mneef,33,
435002,Accumulated net ecosystem exchange flux,aneef,22,
435003,Time-maximum net ecosystem exchange flux,max_neef,33,
435004,Time-minimum net ecosystem exchange flux,min_neef,33,
435005,Time-standard-deviation net ecosystem exchange flux,std_neef,33,
436000,Gross primary production flux,gppf,33,
436001,Mean gross primary production flux,mgppf,33,
436002,Accumulated gross primary production flux,agppf,22,
436003,Time-maximum gross primary production flux,max_gppf,33,
436004,Time-minimum gross primary production flux,min_gppf,33,
436005,Time-standard-deviation gross primary production flux,std_gppf,33,
437000,Ecosystem respiration flux,erf,33,
437001,Mean ecosystem respiration flux,merf,33,
437002,Accumulated ecosystem respiration flux,aerf,22,
437003,Time-maximum ecosystem respiration flux,max_erf,33,
437004,Time-minimum ecosystem respiration flux,min_erf,33,
437005,Time-standard-deviation ecosystem respiration flux,std_erf,33,
438000,Emission mass flux from bio fuel,emi_mflx_biofuel,33,
438001,Time-mean emission mass flux from bio fuel,avg_emi_mflx_biofuel,33,
438003,Time-maximum emission mass flux from bio fuel,max_emi_mflx_biofuel,33,
438004,Time-minimum emission mass flux from bio fuel,min_emi_mflx_biofuel,33,
438005,Time-standard-deviation emission mass flux from bio fuel,std_emi_mflx_biofuel,33,
439000,Emission mass flux from fossil fuel,emi_mflx_fossilfuel,33,
439001,Time-mean emission mass flux from fossil fuel,avg_emi_mflx_fossilfuel,33,
439003,Time-maximum emission mass flux from fossil fuel,max_emi_mflx_fossilfuel,33,
439004,Time-minimum emission mass flux from fossil fuel,min_emi_mflx_fossilfuel,33,
439005,Time-standard-deviation emission mass flux from fossil fuel,std_emi_mflx_fossilfuel,33,
440000,Emission mass flux from other,emi_mflx_other,33,
440001,Time-mean emission mass flux from other,avg_emi_mflx_other,33,
440003,Time-maximum emission mass flux from other,max_emi_mflx_other,33,
440004,Time-minimum emission mass flux from other,min_emi_mflx_other,33,
440005,Time-standard-deviation emission mass flux from other,std_emi_mflx_other,33,
441000,Emission mass flux from oceans,emi_mflx_ocean,33,
441001,Time-mean emission mass flux from oceans,avg_emi_mflx_ocean,33,
441003,Time-maximum emission mass flux from oceans,max_emi_mflx_ocean,33,
441004,Time-minimum emission mass flux from oceans,min_emi_mflx_ocean,33,
441005,Time-standard-deviation emission mass flux from oceans,std_emi_mflx_ocean,33,
442000,Emission mass flux from soil,emi_mflx_soil,33,
442001,Time-mean emission mass flux from soil,avg_emi_mflx_soil,33,
442003,Time-maximum emission mass flux from soil,max_emi_mflx_soil,33,
442004,Time-minimum emission mass flux from soil,min_emi_mflx_soil,33,
442005,Time-standard-deviation emission mass flux from soil,std_emi_mflx_soil,33,
443000,Emission mass flux from wild animals,emi_mflx_wildanim,33,
443001,Time-mean emission mass flux from wild animals,avg_emi_mflx_wildanim,33,
443003,Time-maximum emission mass flux from wild animals,max_emi_mflx_wildanim,33,
443004,Time-minimum emission mass flux from wild animals,min_emi_mflx_wildanim,33,
443005,Time-standard-deviation emission mass flux from wild animals,std_emi_mflx_wildanim,33,
444000,Accumulated wet deposition mass flux,acc_wetdep_mflx,22,
445000,Accumulated dry deposition mass flux,acc_drydep_mflx,22,
450000,Aerosol number density,aer_ndens,24,
450001,Time-mean aerosol number density,avg_aer_ndens,24,
450003,Time-maximum aerosol number density,max_aer_ndens,24,
450004,Time-minimum aerosol number density,min_aer_ndens,24,
450005,Time-standard-deviation aerosol number density,std_aer_ndens,24,
451000,Aerosol negative fixer mass flux,aer_negfix_mflx,33,
451001,Time-mean aerosol negative fixer mass flux,avg_aer_negfix_mflx,33,
451003,Time-maximum aerosol negative fixer mass flux,max_aer_negfix_mflx,33,
451004,Time-minimum aerosol negative fixer mass flux,min_aer_negfix_mflx,33,
451005,Time-standard-deviation aerosol negative fixer mass flux,std_aer_negfix_mflx,33,
452000,Aerosol sink/loss mass flux,aer_sink_mflx,33,
452001,Time-mean aerosol sink/loss mass flux,avg_aer_sink_mflx,33,
452003,Time-maximum aerosol sink/loss mass flux,max_aer_sink_mflx,33,
452004,Time-minimum aerosol sink/loss mass flux,min_aer_sink_mflx,33,
452005,Time-standard-deviation aerosol sink/loss mass flux,std_aer_sink_mflx,33,
453000,Aerosol source/gain mass flux,aer_src_mflx,33,
453001,Time-mean aerosol source/gain mass flux,avg_aer_src_mflx,33,
453003,Time-maximum aerosol source/gain mass flux,max_aer_src_mflx,33,
453004,Time-minimum aerosol source/gain mass flux,min_aer_src_mflx,33,
453005,Time-standard-deviation aerosol source/gain mass flux,std_aer_src_mflx,33,
454000,Mass mixing ratio from volcanoes,mass_mixrat_vol,21,
454001,Time-mean mass mixing ratio from volcanoes,avg_mass_mixrat_vol,21,
454003,Time-maximum mass mixing ratio from volcanoes,max_mass_mixrat_vol,21,
454004,Time-minimum mass mixing ratio from volcanoes,min_mass_mixrat_vol,21,
454005,Time-standard-deviation mass mixing ratio from volcanoes,std_mass_mixrat_vol,21,
455000,Total column vertically-integrated mass density from volcanoes,tc_mdens_vol,22,
455001,Time-mean total column vertically-integrated mass density from volcanoes,avg_tc_mdens_vol,22,
455003,Time-maximum total column vertically-integrated mass density from volcanoes,max_tc_mdens_vol,22,
455004,Time-minimum total column vertically-integrated mass density from volcanoes,min_tc_mdens_vol,22,
455005,Time-standard-deviation total column vertically-integrated mass density from volcanoes,std_tc_mdens_vol,22,
456000,Dry deposition velocity from volcanoes,drydep_vel_vol,5,
456001,Time-mean dry deposition velocity from volcanoes,avg_drydep_vel_vol,5,
456003,Time-maximum dry deposition velocity from volcanoes,max_drydep_vel_vol,5,
456004,Time-minimum dry deposition velocity from volcanoes,min_drydep_vel_vol,5,
456005,Time-standard-deviation dry deposition velocity from volcanoes,std_drydep_vel_vol,5,
457000,Aerosol optical depth,aod,106,
457001,Time-mean aerosol optical depth,avg_aod,106,
457003,Time-maximum aerosol optical depth,max_aod,106,
457004,Time-minimum aerosol optical depth,min_aod,106,
457005,Time-standard-deviation aerosol optical depth,std_aod,106,
458000,Single scattering albedo,ssa,3,
458001,Time-mean single scattering albedo,avg_ssa,3,
458003,Time-maximum single scattering albedo,max_ssa,3,
458004,Time-minimum single scattering albedo,min_ssa,3,
458005,Time-standard-deviation single scattering albedo,std_ssa,3,
459000,Asymmetry Factor,asymf,106,
459001,Time-mean asymmetry Factor,avg_asymf,106,
459003,Time-maximum asymmetry Factor,max_asymf,106,
459004,Time-minimum asymmetry Factor,min_asymf,106,
459005,Time-standard-deviation asymmetry Factor,std_asymf,106,
460000,Attenuated aerosol backscatter from top of atmosphere,aerbscattoa,96,
460001,Time-mean attenuated aerosol backscatter from top of atmosphere,avg_aerbscattoa,96,
460003,Time-maximum attenuated aerosol backscatter from top of atmosphere,max_aerbscattoa,96,
460004,Time-minimum attenuated aerosol backscatter from top of atmosphere,min_aerbscattoa,96,
460005,Time-standard-deviation attenuated aerosol backscatter from top of atmosphere,std_aerbscattoa,96,
461000,Attenuated aerosol backscatter from ground,aerbscatgnd,96,
461001,Time-mean attenuated aerosol backscatter from ground,avg_aerbscatgnd,96,
461003,Time-maximum attenuated aerosol backscatter from ground,max_aerbscatgnd,96,
461004,Time-minimum attenuated aerosol backscatter from ground,min_aerbscatgnd,96,
461005,Time-standard-deviation attenuated aerosol backscatter from ground,std_aerbscatgnd,96,
462000,Aerosol extinction coefficient,aerext,86,
462001,Time-mean aerosol extinction coefficient,avg_aerext,86,
462003,Time-maximum aerosol extinction coefficient,max_aerext,86,
462004,Time-minimum aerosol extinction coefficient,min_aerext,86,
462005,Time-standard-deviation aerosol extinction coefficient,std_aerext,86,
463000,Emission mass flux from commercial buildings heating,emi_mflx_cbh,33,
463001,Time-mean emission mass flux from commercial buildings heating,avg_emi_mflx_cbh,33,
463003,Time-maximum emission mass flux from commercial buildings heating,max_emi_mflx_cbh,33,
463004,Time-minimum emission mass flux from commercial buildings heating,min_emi_mflx_cbh,33,
463005,Time-standard-deviation emission mass flux from commercial buildings heating,std_emi_mflx_cbh,33,
464000,Emission mass flux from residential heating,emi_mflx_rh,33,
464001,Time-mean emission mass flux from residential heating,avg_emi_mflx_rh,33,
464003,Time-maximum emission mass flux from residential heating,max_emi_mflx_rh,33,
464004,Time-minimum emission mass flux from residential heating,min_emi_mflx_rh,33,
464005,Time-standard-deviation emission mass flux from residential heating,std_emi_mflx_rh,33,
465000,Emission mass flux from oil refineries and transformation industry,emi_mflx_oti,33,
465001,Time-mean emission mass flux from oil refineries and transformation industry,avg_emi_mflx_oti,33,
465003,Time-maximum emission mass flux from oil refineries and transformation industry,max_emi_mflx_oti,33,
465004,Time-minimum emission mass flux from oil refineries and transformation industry,min_emi_mflx_oti,33,
465005,Time-standard-deviation emission mass flux from oil refineries and transformation industry,std_emi_mflx_oti,33,
466000,Emission mass flux from gas production,emi_mflx_gp,33,
466001,Time-mean emission mass flux from gas production,avg_emi_mflx_gp,33,
466003,Time-maximum emission mass flux from gas production,max_emi_mflx_gp,33,
466004,Time-minimum emission mass flux from gas production,min_emi_mflx_gp,33,
466005,Time-standard-deviation emission mass flux from gas production,std_emi_mflx_gp,33,
467000,Mass mixing ratio difference,mass_mixrat_diff,21,
467001,Time-mean mass mixing ratio difference,avg_mass_mixrat_diff,21,
467003,Time-maximum mass mixing ratio difference,max_mass_mixrat_diff,21,
467004,Time-minimum mass mixing ratio difference,min_mass_mixrat_diff,21,
467005,Time-standard-deviation mass mixing ratio difference,std_mass_mixrat_diff,21,
468000,Mass mixing ratio from volcanoes difference,mass_mixrat_vol_diff,21,
468001,Time-mean mass mixing ratio from volcanoes difference,avg_mass_mixrat_vol_diff,21,
468003,Time-maximum mass mixing ratio from volcanoes difference,max_mass_mixrat_vol_diff,21,
468004,Time-minimum mass mixing ratio from volcanoes difference,min_mass_mixrat_vol_diff,21,
468005,Time-standard-deviation mass mixing ratio from volcanoes difference,std_mass_mixrat_vol_diff,21,
469000,Emission mass flux from wild fires,emi_mflx_wfire,33,
469001,Time-mean emission mass flux from wild fires,avg_emi_mflx_wfire,33,
469003,Time-maximum emission mass flux from wild fires,max_emi_mflx_wfire,33,
469004,Time-minimum emission mass flux from wild fires,min_emi_mflx_wfire,33,
469005,Time-standard-deviation emission mass flux from wild fires,std_emi_mflx_wfire,33,
470000,Sink mass flux,snkmf,33,
470001,Time-mean sink mass flux,avg_snkmf,33,
470003,Time-maximum sink mass flux,max_snkmf,33,
470004,Time-minimum sink mass flux,min_snkmf,33,
470005,Time-standard-deviation sink mass flux,std_snkmf,33,
471000,Source mass flux,srcmf,33,
471001,Time-mean source mass flux,avg_srcmf,33,
471003,Time-maximum source mass flux,max_srcmf,33,
471004,Time-minimum source mass flux,min_srcmf,33,
471005,Time-standard-deviation source mass flux,std_srcmf,33,
472000,Absorption aerosol optical thickness,absaod,106,
472001,Time-mean absorption aerosol optical thickness,avg_absaod,106,
472003,Time-maximum absorption aerosol optical thickness,max_absaod,106,
472004,Time-minimum absorption aerosol optical thickness,min_absaod,106,
472005,Time-standard-deviation absorption aerosol optical thickness,std_absaod,106,
473000,Tropospheric column vertically-integrated mass density,tropvimd,22,
473001,Time-mean tropospheric column vertically-integrated mass density,avg_tropvimd,22,
473003,Time-maximum tropospheric column vertically-integrated mass density,max_tropvimd,22,
473004,Time-minimum tropospheric column vertically-integrated mass density,min_tropvimd,22,
473005,Time-standard-deviation tropospheric column vertically-integrated mass density,std_tropvimd,22,
474000,Stratospheric column vertically-integrated mass density,stratvimd,22,
474001,Time-mean stratospheric column vertically-integrated mass density,avg_stratvimd,22,
474003,Time-maximum stratospheric column vertically-integrated mass density,max_stratvimd,22,
474004,Time-minimum stratospheric column vertically-integrated mass density,min_stratvimd,22,
474005,Time-standard-deviation stratospheric column vertically-integrated mass density,std_stratvimd,22,
475000,Aerosol unattenuated backscatter coefficient,aerbscat,96,
475001,Time-mean aerosol unattenuated backscatter coefficient,avg_aerbscat,96,
475003,Time-maximum aerosol unattenuated backscatter coefficient,max_aerbscat,96,
475004,Time-minimum aerosol unattenuated backscatter coefficient,min_aerbscat,96,
475005,Time-standard-deviation aerosol unattenuated backscatter coefficient,std_aerbscat,96,
476000,Potential of hydrogen,pH,23,
477000,Stratospheric aerosol optical thickness,strataod,106,
478000,Emission mass flux from lightning,emi_mflx_lightn,33,
479000,Loss rate due to OH,lsroh,39,
500000,Pressure (S) (not reduced),ps,16,
500001,Pressure,p,16,
500002,Pressure Reduced to MSL,pmsl,16,
500003,Pressure Tendency (S),dpsdt,26,
500004,Geopotential (S),fis,15,
500005,Geopotential (full lev),fif,15,
500006,Geopotential,fi,15,
500007,Geometric Height of the earths surface above sea level,hsurf,4,
500008,Geometric Height of the layer limits above sea level(NN),hhl,4,
500009,Total Column Integrated Ozone,to3,114,
500010,Temperature (G),t_g,2,
500012,2m Temperature (AV),t_2m_av,7,
500013,"Climat. temperature, 2m Temperature",t_2m_cl,2,
500014,Temperature,t,2,
500015,Max 2m Temperature (i),tmax_2m,2,
500016,Min 2m Temperature (i),tmin_2m,2,
500017,2m Dew Point Temperature,td_2m,2,
500018,2m Dew Point Temperature (AV),td_2m_av,7,
500019,Radar spectra (1),dbz_max,7,
500020,Wave spectra (1),wvsp1,7,
500021,Wave spectra (2),wvsp2,7,
500022,Wave spectra (3),wvsp3,7,
500023,Wind Direction (DD_10M),dd_10m,41,
500024,Wind Direction (DD),dd,41,
500025,Wind speed (SP_10M),sp_10m,5,
500026,Wind speed (SP),sp,5,
500027,U component of wind,u_10m,5,
500028,U component of wind,u,5,
500029,V component of wind,v_10m,5,
500030,V component of wind,v,5,
500031,Vertical Velocity (Pressure) ( omega=dp/dt ),omega,26,
500032,Vertical Velocity (Geometric) (w),w,5,
500033,Specific Humidity (S),qv_s,21,
500034,Specific Humidity (2m),qv_2m,21,
500035,Specific Humidity,qv,21,
500036,2m Relative Humidity,relhum_2m,29,
500037,Relative Humidity,relhum,29,
500038,Total column integrated water vapour,tqv,22,
500039,Evaporation (s),aevap_s,22,
500040,Total Column-Integrated Cloud Ice,tqi,22,
500041,Total Precipitation rate (S),tot_prec,33,
500042,Large-Scale Precipitation rate,prec_gsp,33,
500043,Convective Precipitation rate,prec_con,33,
500044,Snow depth water equivalent,w_snow,22,
500045,Snow Depth,h_snow,4,
500046,Total Cloud Cover,clct,29,
500047,Convective Cloud Cover,clc_con,29,
500048,Cloud Cover (800 hPa - Soil),clcl,29,
500049,Cloud Cover (400 - 800 hPa),clcm,29,
500050,Cloud Cover (0 - 400 hPa),clch,29,
500051,Total Column-Integrated Cloud Water,tqc,22,
500052,Convective Snowfall rate water equivalent (s),snow_con,33,
500053,Large-Scale snowfall rate water equivalent (s),snow_gsp,33,
500054,"Land Cover (1=land, 0=sea)",fr_land,3,
500055,Surface Roughness length Surface Roughness,z0,4,
500056,Albedo (in short-wave),alb_rad,29,
500057,Albedo (in short-wave),albedo_b,29,
500058,"Soil Temperature  ( 36 cm depth, vv=0h)",t_cl,2,
500059,Soil Temperature (41 cm depth),t_cl_lm,2,
500060,Soil Temperature,t_m,2,
500061,Soil Temperature,t_s,2,
500062,Column-integrated Soil Moisture,w_cl,22,
500063,Column-integrated Soil Moisture (1) 0 -10 cm,w_g1,22,
500064,Column-integrated Soil Moisture (2) 10-100cm,w_g2,22,
500065,Plant cover,plcov,29,
500066,Water Runoff (10-100),runoff_g,22,
500067,Water Runoff (10-190),runoff_g_lm,22,
500068,Water Runoff (s),runoff_s,22,
500069,"Sea Ice Cover ( 0= free, 1=cover)",fr_ice,7,
500070,sea Ice Thickness,h_ice,4,
500071,Significant height of combined wind waves and swell,swh,4,
500072,Direction of wind waves,mdww,92,
500073,Significant height of wind waves,shww,4,
500074,Mean period of wind waves,mpww,12,
500075,Direction of swell waves,mdps,92,
500076,Significant height of swell waves,shps,4,
500077,Mean period of swell waves,mpps,12,
500078,Net short wave radiation flux (m) (at the surface),asob_s,76,
500079,Net short wave radiation flux,sobs_rad,76,
500080,Net long wave radiation flux (m) (at the surface),athb_s,76,
500081,Net long wave radiation flux,thbs_rad,76,
500082,Net short wave radiation flux (m) (on the model top),asob_t,76,
500083,Net short wave radiation flux,sobt_rad,76,
500084,Net long wave radiation flux (m) (on the model top),athb_t,76,
500085,Net long wave radiation flux,thbt_rad,76,
500086,Latent Heat Net Flux (m),alhfl_s,76,
500087,Sensible Heat Net Flux (m),ashfl_s,76,
500088,"Momentum Flux, U-Component (m)",aumfl_s,32,
500089,"Momentum Flux, V-Component (m)",avmfl_s,32,
500090,Photosynthetically active radiation (m) (at the surface),apab_s,76,
500091,Photosynthetically active radiation,pabs_rad,76,
500092,Solar radiation heating rate,sohr_rad,37,
500093,Thermal radiation heating rate,thhr_rad,37,
500094,Latent heat flux from bare soil,alhfl_bs,76,
500095,Latent heat flux from plants,alhfl_pl,76,
500096,Sunshine,dursun,7,
500097,Stomatal Resistance,rstom,20,
500098,Cloud cover,clc,29,
500099,"Non-Convective Cloud Cover, grid scale",clc_sgs,29,
500100,Cloud Mixing Ratio,qc,21,
500101,Cloud Ice Mixing Ratio,qi,21,
500102,Rain mixing ratio,qr,21,
500103,Snow mixing ratio,qs,21,
500104,Total column integrated rain,tqr,22,
500105,Total column integrated snow,tqs,22,
500106,Grauple,qg,21,
500107,Total column integrated grauple,tqg,22,
500108,Total Column integrated water (all components incl. precipitation),twater,22,
500109,vertical integral of divergence of total water content (s),tdiv_hum,22,
500110,subgrid scale cloud water,qc_rad,21,
500111,subgridscale cloud ice,qi_rad,21,
500112,cloud cover CH (0..8),clch_8,7,
500113,cloud cover CM (0..8),clcm_8,7,
500114,cloud cover CL (0..8),clcl_8,7,
500115,"cloud base above msl, shallow convection",hbas_sc,4,
500116,"cloud top above msl, shallow convection",htop_sc,4,
500117,"specific cloud water content, convective cloud",clw_con,21,
500118,Height of Convective Cloud Base (i),hbas_con,4,
500119,Height of Convective Cloud Top (i),htop_con,4,
500120,base index (vertical level) of main convective cloud (i),bas_con,7,
500121,top index (vertical level) of main convective cloud (i),top_con,7,
500122,Temperature tendency due to convection,dt_con,37,
500123,Specific humitiy tendency due to convection,dqv_con,39,
500124,zonal wind tendency due to convection,du_con,5,
500125,meridional wind tendency due to convection,dv_con,5,
500126,height of top of dry convection,htop_dc,4,
500127,"height of 0 degree celsius level code 0,3,6 ?",hzerocl,4,
500128,Height of snow fall limit,snowlmt,4,
500129,Tendency of specific cloud liquid water content due to conversion,dqc_con,39,
500130,tendency of  specific cloud ice content due to convection,dqi_con,39,
500131,Specific content of precipitation particles (needed for water loadin)g,q_sedim,21,
500132,Large scale rain rate,prr_gsp,33,
500133,Large scale snowfall rate water equivalent,prs_gsp,33,
500134,Large scale rain rate (s),rain_gsp,33,
500135,Convective rain rate,prr_con,33,
500136,Convective snowfall rate water equivalent,prs_con,33,
500137,Convective rain rate (s),rain_con,33,
500138,"rain amount, grid-scale plus convective",rr_f,22,
500139,"snow amount, grid-scale plus convective",rr_c,22,
500140,Temperature tendency due to grid scale precipation,dt_gsp,37,
500141,Specific humitiy tendency due to grid scale precipitation,dqv_gsp,39,
500142,tendency of specific cloud liquid water content due to grid scale precipitation,dqc_gsp,39,
500143,Fresh snow factor (weighting function for albedo indicating freshness of snow),freshsnw,7,
500144,tendency of specific cloud ice content due to grid scale precipitation,dqi_gsp,39,
500145,Graupel (snow pellets) precipitation rate,prg_gsp,33,
500146,Graupel (snow pellets) precipitation rate,grau_gsp,33,
500147,Snow density,rho_snow,9,
500148,Pressure perturbation,pp,16,
500149,supercell detection index 1 (rot. up+down drafts),sdi_1,8,
500150,supercell detection index 2 (only rot. up drafts),sdi_2,8,
500151,"Convective Available Potential Energy, most unstable",cape_mu,17,
500152,"Convective Inhibition, most unstable",cin_mu,17,
500153,"Convective Available Potential Energy, mean layer",cape_ml,17,
500154,"Convective Inhibition, mean layer",cin_ml,17,
500155,Convective turbulent kinetic enery,tke_con,17,
500156,Tendency of turbulent kinetic energy,tketens,5,
500157,Kinetic Energy,ke,17,
500158,Turbulent Kinetic Energy,tke,17,
500159,Turbulent diffusioncoefficient for momentum,tkvm,1,
500160,Turbulent diffusion coefficient for heat (and moisture),tkvh,1,
500161,Turbulent transfer coefficient for impulse,tcm,7,
500162,Turbulent transfer coefficient for heat (and Moisture),tch,7,
500163,mixed layer depth,mh,4,
500164,maximum Wind 10m,vmax_10m,5,
500165,Air concentration of Ruthenium 103,ru-103,117,
500166,Soil Temperature (multilayers),t_so,2,
500167,Column-integrated Soil Moisture (multilayers),w_so,22,
500168,soil ice content (multilayers),w_so_ice,22,
500169,Plant Canopy Surface Water,w_i,22,
500170,Snow temperature (top of snow),t_snow,2,
500171,Minimal Stomatal Resistance,prs_min,20,
500172,sea Ice Temperature,t_ice,2,
500173,Base reflectivity,dbz_850,115,
500174,Base reflectivity,dbz,115,
500175,Base reflectivity (cmax),dbz_cmax,115,
500176,unknown,dttdiv,4,
500177,Effective transmissivity of solar radiation,sotr_rad,37,
500178,sum of contributions to evaporation,evatra_sum,22,
500179,total transpiration from all soil layers,tra_sum,22,
500180,total forcing at soil surface,totforce_s,76,
500181,residuum of soil moisture,resid_wso,22,
500182,Massflux at convective cloud base,mflx_con,33,
500183,Convective Available Potential Energy,cape_con,17,
500184,moisture convergence for Kuo-type closure,qcvg_con,8,
500185,total wave direction,mwd,92,
500186,wind sea mean period,mwp_x,12,
500187,wind sea peak period,ppww,12,
500188,swell mean period,mpp_s,12,
500189,swell peak period,ppps,12,
500190,total wave peak period,pp1d,12,
500191,total wave mean period,tm10,12,
500192,total Tm1 period,tm01,12,
500193,total Tm2 period,tm02,12,
500194,total directional spread,sprd,92,
500195,"analysis error(standard deviation), geopotential(gpm)",ana_err_fi,28,
500196,"analysis error(standard deviation), u-comp. of wind",ana_err_u,15,
500197,"analysis error(standard deviation), v-comp. of wind",ana_err_v,15,
500198,zonal wind tendency due to subgrid scale oro.,du_sso,5,
500199,meridional wind tendency due to subgrid scale oro.,dv_sso,5,
500200,Standard deviation of sub-grid scale orography,sso_stdh,4,
500201,Anisotropy of sub-gridscale orography,sso_gamma,7,
500202,Angle of sub-gridscale orography,sso_theta,30,
500203,Slope of sub-gridscale orography,sso_sigma,7,
500204,surface emissivity,emis_rad,7,
500205,Soil Type,soiltyp,7,
500206,Leaf area index,lai,7,
500207,root depth of vegetation,rootdp,4,
500208,height of ozone maximum (climatological),hmo3,16,
500209,vertically integrated ozone content (climatological),vio3,16,
500210,Plant covering degree in the vegetation phase,plcov_mx,7,
500211,Plant covering degree in the quiescent phas,plcov_mn,7,
500212,Max Leaf area index,lai_mx,7,
500213,Min Leaf area index,lai_mn,7,
500214,Orographie + Land-Meer-Verteilung,oro_mod,4,
500215,variance of soil moisture content (0-10),wvar1,180,
500216,variance of soil moisture content (10-100),wvar2,180,
500217,evergreen forest,for_e,7,
500218,deciduous forest,for_d,7,
500219,normalized differential vegetation index,ndvi,7,
500220,normalized differential vegetation index (NDVI),ndvi_max,7,
500221,ratio of monthly mean NDVI (normalized differential vegetation index) to annual maximum,ndvi_mrat,7,
500222,ratio of monthly mean NDVI (normalized differential vegetation index) to annual maximum,ndviratio,7,
500223,Total sulfate aerosol,aer_so4,7,
500224,Total sulfate aerosol (12M),aer_so412,7,
500225,Total soil dust aerosol,aer_dust,7,
500226,Total soil dust aerosol (12M),aer_dust12,7,
500227,Organic aerosol,aer_org,7,
500228,Organic aerosol (12M),aer_org12,7,
500229,Black carbon aerosol,aer_bc,7,
500230,Black carbon aerosol (12M),aer_bc12,7,
500231,Sea salt aerosol,aer_ss,7,
500232,Sea salt aerosol (12M),aer_ss12,7,
500233,tendency of specific humidity,dqvdt,8,
500234,water vapor flux,qvsflx,181,
500235,Coriolis parameter,fc,8,
500236,geographical latitude,rlat,182,
500237,geographical longitude,rlon,183,
500238,Friction velocity,ustr,5,
500239,Delay of the GPS signal trough the (total) atm.,ztd,4,
500240,Delay of the GPS signal trough wet atmos.,zwd,4,
500241,Delay of the GPS signal trough dry atmos.,zhd,4,
500242,Ozone Mixing Ratio,o3,21,
500243,Air concentration of Ruthenium 103 (Ru103- concentration),ru-103,117,
500244,Ru103-dry deposition,ru-103d,118,
500245,Ru103-wet deposition,ru-103w,118,
500246,Air concentration of Strontium 90,sr-90,117,
500247,Sr90-dry deposition,sr-90d,118,
500248,Sr90-wet deposition,sr-90w,118,
500249,I131-concentration,i-131a,117,
500250,I131-dry deposition,i-131ad,118,
500251,I131-wet deposition,i-131aw,118,
500252,Cs137-concentration,cs-137,117,
500253,Cs137-dry deposition,cs-137d,118,
500254,Cs137-wet deposition,cs-137w,118,
500255,Air concentration of Tellurium 132 (Te132-concentration),te-132,117,
500256,Te132-dry deposition,te-132d,118,
500257,Te132-wet deposition,te-132w,118,
500258,Air concentration of Zirconium 95 (Zr95-concentration),zr-95,117,
500259,Zr95-dry deposition,zr-95d,118,
500260,Zr95-wet deposition,zr-95w,118,
500261,Air concentration of Krypton 85  (Kr85-concentration),kr-85,117,
500262,Kr85-dry deposition,kr-85d,118,
500263,Kr85-wet deposition,kr-85w,118,
500264,TRACER - concentration,tr-2,117,
500265,TRACER - dry deposition,tr-2d,118,
500266,TRACER - wet deposition,tr-2w,118,
500267,Air concentration of Xenon 133 (Xe133  - concentration),xe-133,117,
500268,Xe133  - dry deposition,xe-133d,118,
500269,Xe133  - wet deposition,xe-133w,118,
500270,I131g - concentration,i-131g,117,
500271,Xe133  - wet deposition,i-131gd,118,
500272,I131g  - wet deposition,i-131gw,118,
500273,I131o  - concentration,i-131o,117,
500274,I131o  - dry deposition,i-131od,118,
500275,I131o  - wet deposition,i-131ow,118,
500276,Air concentration of Barium 40,ba-140,117,
500277,Ba140 - dry deposition,ba-140d,118,
500278,Ba140  - wet deposition,ba-140w,118,
500279,u-momentum flux due to SSO-effects,austr_sso,32,
500280,u-momentum flux due to SSO-effects,ustr_sso,32,
500281,v-momentum flux due to SSO-effects,avstr_sso,32,
500282,v-momentum flux due to SSO-effects,vstr_sso,32,
500283,Gravity wave dissipation (vertical integral),avdis_sso,76,
500284,Gravity wave dissipation (vertical integral),vdis_sso,76,
500285,"UV_Index_Maximum_W  UV_Index clouded (W), daily maximum",uv_max,7,
500286,wind shear,w_shaer,5,
500287,storm relative helicity,srh,17,
500288,absolute vorticity advection,vabs,89,
500289,NiederschlagBew.-ArtKombination Niederschl.-Bew.-Blautherm. (283..407),cl_typ,7,
500290,Konvektions-U-GrenzeHoehe der Konvektionsuntergrenze ueber Grund,ccl_gnd,4,
500291,Konv.-U-Grenze-nn   Hoehe der Konvektionsuntergrenze ueber nn,ccl_nn,4,
500292,weather interpretation (WMO),ww,7,
500293,geostrophische  Vorticityadvektion,advorg,89,
500294,Geo Temperatur Adv  geostrophische Schichtdickenadvektion,advor,184,
500295,Schichtdicken-Advektion,adrtg,184,
500296,Winddivergenz,wdiv,8,
500297,"Qn-Vektor Q isother-senkr-KompQn ,Komp. Q-Vektor senkrecht zu den Isothermen",fqn,185,
500298,Isentrope potentielle Vorticity,ipv,18,
500299,XIPV Wind X-Komp     Wind X-Komponente auf isentropen Flaechen,up,5,
500300,YIPV Wind Y-Komp     Wind Y-Komponente auf isentropen Flaechen,vp,5,
500301,Druck einer isentropen Flaeche,ptheta,16,
500302,KO index,ko,2,
500303,Aequivalentpotentielle Temperatur,thetae,2,
500304,Ceiling,ceiling,4,
500305,"Icing Grade (1=LGT,2=MOD,3=SEV)",ice_grd,7,
500306,modified cloud depth for media,cldepth,7,
500307,modified cloud cover for media,clct_mod,7,
500308,Monthly Mean of RMS of difference FG-AN of pressure reduced to MSL,efa-ps,16,
500309,Monthly Mean of RMS of difference IA-AN of pressure reduced to MSL,eia-ps,16,
500310,Monthly Mean of RMS of difference FG-AN of u-component of wind,efa-u,5,
500311,Monthly Mean of RMS of difference IA-AN of u-component of wind,eia-u,5,
500312,Monthly Mean of RMS of difference FG-AN of v-component of wind,efa-v,5,
500313,Monthly Mean of RMS of difference IA-AN of v-component of wind,eia-v,5,
500314,Monthly Mean of RMS of difference FG-AN of geopotential,efa-fi,15,
500315,Monthly Mean of RMS of difference IA-AN of geopotential,eia-fi,15,
500316,Monthly Mean of RMS of difference FG-AN of relative humidity,efa-rh,29,
500317,Monthly Mean of RMS of difference IA-AN of relative humidity,eia-rh,29,
500318,Monthly Mean of RMS of difference FG-AN of temperature,efa-t,2,
500319,Monthly Mean of RMS of difference IA-AN of temperature,eia-t,2,
500320,Monthly Mean of RMS of difference FG-AN of vert.velocity (pressure),efa-om,26,
500321,Monthly Mean of RMS of difference IA-AN of vert.velocity (pressure),eia-om,26,
500322,Monthly Mean of RMS of difference FG-AN of kinetic energy,efa-ke,17,
500323,Monthly Mean of RMS of difference IA-AN of kinetic energy,eia-ke,17,
500324,Synth. Sat. brightness temperature cloudy,synme5_bt_cl,2,
500325,Synth. Sat. brightness temperature clear sky,synme5_bt_cs,2,
500326,Synth. Sat. radiance cloudy,synme5_rad_cl,186,
500327,Synth. Sat. radiance cloudy,synme5_rad_cs,186,
500328,Synth. Sat. brightness temperature cloudy,synme6_bt_cl,2,
500329,Synth. Sat. brightness temperature clear sky,synme6_bt_cs,2,
500330,Synth. Sat. radiance cloudy,synme6_rad_cl,186,
500331,Synth. Sat. radiance cloudy,synme6_rad_cs,186,
500332,Synth. Sat. brightness temperature clear sky,synme7_bt_cl_ir11.5,2,
500333,Synth. Sat. brightness temperature cloudy,synme7_bt_cl_wv6.4,2,
500334,Synth. Sat. brightness temperature clear sky,synme7_bt_cs_ir11.5,2,
500335,Synth. Sat. brightness temperature cloudy,synme7_bt_cs_wv6.4,2,
500336,Synth. Sat. radiance clear sky,synme7_rad_cl_ir11.5,186,
500337,Synth. Sat. radiance cloudy,synme7_rad_cl_wv6.4,186,
500338,Synth. Sat. radiance clear sky,synme7_rad_cs_ir11.5,186,
500339,Synth. Sat. radiance cloudy,synme7_rad_cs_wv6.4,186,
500340,Synth. Sat. brightness temperature cloudy,synmsg_bt_cl_ir10.8,2,
500341,Synth. Sat. brightness temperature cloudy,synmsg_bt_cl_ir12.1,2,
500342,Synth. Sat. brightness temperature cloudy,synmsg_bt_cl_ir13.4,2,
500343,Synth. Sat. brightness temperature cloudy,synmsg_bt_cl_ir3.9,2,
500344,Synth. Sat. brightness temperature cloudy,synmsg_bt_cl_ir8.7,2,
500345,Synth. Sat. brightness temperature cloudy,synmsg_bt_cl_ir9.7,2,
500346,Synth. Sat. brightness temperature cloudy,synmsg_bt_cl_wv6.2,2,
500347,Synth. Sat. brightness temperature cloudy,synmsg_bt_cl_wv7.3,2,
500348,Synth. Sat. brightness temperature clear sky,synmsg_bt_cs_ir8.7,2,
500349,Synth. Sat. brightness temperature clear sky,synmsg_bt_cs_ir10.8,2,
500350,Synth. Sat. brightness temperature clear sky,synmsg_bt_cs_ir12.1,2,
500351,Synth. Sat. brightness temperature clear sky,synmsg_bt_cs_ir13.4,2,
500352,Synth. Sat. brightness temperature clear sky,synmsg_bt_cs_ir3.9,2,
500353,Synth. Sat. brightness temperature clear sky,synmsg_bt_cs_ir9.7,2,
500354,Synth. Sat. brightness temperature clear sky,synmsg_bt_cs_wv6.2,2,
500355,Synth. Sat. brightness temperature clear sky,synmsg_bt_cs_wv7.3,2,
500356,Synth. Sat. radiance cloudy,synmsg_rad_cl_ir10.8,186,
500357,Synth. Sat. radiance cloudy,synmsg_rad_cl_ir12.1,186,
500358,Synth. Sat. radiance cloudy,synmsg_rad_cl_ir13.4,186,
500359,Synth. Sat. radiance cloudy,synmsg_rad_cl_ir3.9,186,
500360,Synth. Sat. radiance cloudy,synmsg_rad_cl_ir8.7,186,
500361,Synth. Sat. radiance cloudy,synmsg_rad_cl_ir9.7,186,
500362,Synth. Sat. radiance cloudy,synmsg_rad_cl_wv6.2,186,
500363,Synth. Sat. radiance cloudy,synmsg_rad_cl_wv7.3,186,
500364,Synth. Sat. radiance clear sky,synmsg_rad_cs_ir10.8,186,
500365,Synth. Sat. radiance clear sky,synmsg_rad_cs_ir12.1,186,
500366,Synth. Sat. radiance clear sky,synmsg_rad_cs_ir13.4,186,
500367,Synth. Sat. radiance clear sky,synmsg_rad_cs_ir3.9,186,
500368,Synth. Sat. radiance clear sky,synmsg_rad_cs_ir8.7,186,
500369,Synth. Sat. radiance clear sky,synmsg_rad_cs_ir9.7,186,
500370,Synth. Sat. radiance clear sky,synmsg_rad_cs_wv6.2,186,
500371,Synth. Sat. radiance clear sky,synmsg_rad_cs_wv7.3,186,
500372,"smoothed forecast, temperature",t_2m_s,2,
500373,"smoothed forecast, maximum temp.",tmax_2m_s,2,
500374,"smoothed forecast, minimum temp.",tmin_2m_s,2,
500375,"smoothed forecast, dew point temp.",td_2m_s,2,
500376,"smoothed forecast, u comp. of wind",u_10m_s,5,
500377,"smoothed forecast, v comp. of wind",v_10m_s,5,
500378,"smoothed forecast, total precipitation rate",tot_prec_s,33,
500379,"smoothed forecast, total cloud cover",clct_s,29,
500380,"smoothed forecast, cloud cover low",clcl_s,29,
500381,"smoothed forecast, cloud cover medium",clcm_s,29,
500382,"smoothed forecast, cloud cover high",clch_s,29,
500383,"smoothed forecast, large-scale snowfall rate w.e.",snow_gsp_s,33,
500384,"smoothed forecast, soil temperature",t_s_s,2,
500385,"smoothed forecast, wind speed (gust)",vmax_10m_s,5,
500386,"calibrated forecast, total precipitation rate",tot_prec_c,33,
500387,"calibrated forecast, large-scale snowfall rate w.e.",snow_gsp_c,33,
500388,"calibrated forecast, wind speed (gust)",vmax_10m_c,5,
500389,Obser. Sat. Meteosat sec. generation Albedo (scaled),obsmsg_alb_hrv,106,
500390,Obser. Sat. Meteosat sec. generation Albedo (scaled),obsmsg_alb_nir1.6,106,
500391,Obser. Sat. Meteosat sec. generation Albedo (scaled),obsmsg_alb_vis0.6,106,
500392,Obser. Sat. Meteosat sec. generation Albedo (scaled),obsmsg_alb_vis0.8,106,
500393,Obser. Sat. Meteosat sec. generation brightness temperature,obsmsg_bt_ir10.8,106,
500394,Obser. Sat. Meteosat sec. generation brightness temperature,obsmsg_bt_ir12.0,106,
500395,Obser. Sat. Meteosat sec. generation brightness temperature,obsmsg_bt_ir13.4,106,
500396,Obser. Sat. Meteosat sec. generation brightness temperature,obsmsg_bt_ir3.9,106,
500397,Obser. Sat. Meteosat sec. generation brightness temperature,obsmsg_bt_ir8.7,106,
500398,Obser. Sat. Meteosat sec. generation brightness temperature,obsmsg_bt_ir9.7,106,
500399,Obser. Sat. Meteosat sec. generation brightness temperature,obsmsg_bt_wv6.2,106,
500400,Obser. Sat. Meteosat sec. generation brightness temperature,obsmsg_bt_wv7.3,106,
7001292,Sunshine Duration,SUNSD,12,
7001293,Icing severity,ICSEV,106,
7001294,"Simulated Brightness Temperature for AMSRE on Aqua, Channel 10",AMSRE10,2,
7001295,"Simulated Brightness Temperature for AMSRE on Aqua, Channel 11",AMSRE11,2,
7001296,"Simulated Brightness Temperature for AMSRE on Aqua, Channel 12",AMSRE12,2,
7001297,"Simulated Brightness Temperature for AMSRE on Aqua, Channel 9",AMSRE9,2,
7001298,"Simulated Brightness Counts for GOES 12, Channel 3",SBC123,221,
7001299,"Simulated Brightness Counts for GOES 12, Channel 4",SBC124,221,
7001300,"Simulated Brightness Temperature for GOES 11, Channel 2",SBT112,2,
7001301,"Simulated Brightness Temperature for GOES 11, Channel 3",SBT113,2,
7001302,"Simulated Brightness Temperature for GOES 11, Channel 4",SBT114,2,
7001303,"Simulated Brightness Temperature for GOES 11, Channel 5",SBT115,2,
7001304,"Simulated Brightness Temperature for GOES 12, Channel 2",SBT122,2,
7001305,"Simulated Brightness Temperature for GOES 12, Channel 3",SBT123,2,
7001306,"Simulated Brightness Temperature for GOES 12, Channel 4",SBT124,2,
7001307,"Simulated Brightness Temperature for GOES 12, Channel 6",SBT126,2,
7001308,"Simulated Brightness Temperature for ABI GOES-16, Band-10",SBTA1610,2,
7001309,"Simulated Brightness Temperature for ABI GOES-16, Band-11",SBTA1611,2,
7001310,"Simulated Brightness Temperature for ABI GOES-16, Band-12",SBTA1612,2,
7001311,"Simulated Brightness Temperature for ABI GOES-16, Band-13",SBTA1613,2,
7001312,"Simulated Brightness Temperature for ABI GOES-16, Band-14",SBTA1614,2,
7001313,"Simulated Brightness Temperature for ABI GOES-16, Band-15",SBTA1615,2,
7001314,"Simulated Brightness Temperature for ABI GOES-16, Band-16",SBTA1616,2,
7001315,"Simulated Brightness Temperature for ABI GOES-16, Band-7",SBTA167,2,
7001316,"Simulated Brightness Temperature for ABI GOES-16, Band-8",SBTA168,2,
7001317,"Simulated Brightness Temperature for ABI GOES-16, Band-9",SBTA169,2,
7001318,"Simulated Brightness Temperature for ABI GOES-17, Band-10",SBTA1710,2,
7001319,"Simulated Brightness Temperature for ABI GOES-17, Band-11",SBTA1711,2,
7001320,"Simulated Brightness Temperature for ABI GOES-17, Band-12",SBTA1712,2,
7001321,"Simulated Brightness Temperature for ABI GOES-17, Band-13",SBTA1713,2,
7001322,"Simulated Brightness Temperature for ABI GOES-17, Band-14",SBTA1714,2,
7001323,"Simulated Brightness Temperature for ABI GOES-17, Band-15",SBTA1715,2,
7001324,"Simulated Brightness Temperature for ABI GOES-17, Band-16",SBTA1716,2,
7001325,"Simulated Brightness Temperature for ABI GOES-17, Band-7",SBTA177,2,
7001326,"Simulated Brightness Temperature for ABI GOES-17, Band-8",SBTA178,2,
7001327,"Simulated Brightness Temperature for ABI GOES-17, Band-9",SBTA179,2,
7001328,"Simulated Reflectance Factor for ABI GOES-16, Band-1",SRFA161,7,
7001329,"Simulated Reflectance Factor for ABI GOES-16, Band-2",SRFA162,7,
7001330,"Simulated Reflectance Factor for ABI GOES-16, Band-3",SRFA163,7,
7001331,"Simulated Reflectance Factor for ABI GOES-16, Band-4",SRFA164,7,
7001332,"Simulated Reflectance Factor for ABI GOES-16, Band-5",SRFA165,7,
7001333,"Simulated Reflectance Factor for ABI GOES-16, Band-6",SRFA166,7,
7001334,"Simulated Reflectance Factor for ABI GOES-17, Band-1",SRFA171,7,
7001335,"Simulated Reflectance Factor for ABI GOES-17, Band-2",SRFA172,7,
7001336,"Simulated Reflectance Factor for ABI GOES-17, Band-3",SRFA173,7,
7001337,"Simulated Reflectance Factor for ABI GOES-17, Band-4",SRFA174,7,
7001338,"Simulated Reflectance Factor for ABI GOES-17, Band-5",SRFA175,7,
7001339,"Simulated Reflectance Factor for ABI GOES-17, Band-6",SRFA176,7,
7001353,Ventilation Rate,VRATE,1,
85001156,Total convective Precipitation,PREC_CONVEC,22,
85001157,Total large scale precipitation,PREC_GDE_ECH,22,
85001160,Convective Available Potential Energy instantaneous,CAPE_INS,15,
